{"type":"FeatureCollection", "features": [
{"type":"Feature","geometry":{"type":"Polygon","coordinates":[[[95.2339,26.6825],[95.2492,26.6839],[95.2573,26.6761],[95.2596,26.6554],[95.2743,26.6588],[95.304,26.651],[95.3137,26.6627],[95.3251,26.6649],[95.3351,26.6736],[95.3445,26.6753],[95.3602,26.6709],[95.374,26.684],[95.3951,26.6851],[95.4033,26.6944],[95.4194,26.6947],[95.4306,26.7],[95.4322,26.7152],[95.4532,26.7329],[95.4593,26.7429],[95.4739,26.7404],[95.4826,26.7468],[95.504,26.7952],[95.5081,26.8095],[95.523,26.8143],[95.5246,26.8227],[95.5361,26.827],[95.5432,26.8354],[95.5561,26.831],[95.5696,26.8163],[95.5834,26.8173],[95.5998,26.8113],[95.6081,26.8141],[95.6127,26.8254],[95.6268,26.8435],[95.6289,26.8585],[95.6342,26.8684],[95.6445,26.8767],[95.6461,26.8845],[95.6668,26.9027],[95.6798,26.8954],[95.6945,26.8921],[95.7064,26.8815],[95.7231,26.8815],[95.7345,26.894],[95.7449,26.898],[95.7506,26.909],[95.748,26.9255],[95.7598,26.9367],[95.7585,26.9548],[95.7694,26.9772],[95.7812,26.9777],[95.7834,26.9901],[95.7961,26.9981],[95.8023,27.0151],[95.831,27.0075],[95.8426,27.0142],[95.8579,27.0119],[95.8755,27.0149],[95.8858,27.0262],[95.8936,27.0256],[95.904,27.0391],[95.9101,27.0366],[95.926,27.0449],[95.9457,27.0514],[95.9547,27.0755],[95.9646,27.0867],[95.9687,27.1001],[95.9847,27.1124],[95.9988,27.1354],[96.0074,27.1394],[96.0157,27.1529],[96.0223,27.1797],[96.0548,27.1966],[96.0644,27.2059],[96.0716,27.205],[96.0889,27.2201],[96.111,27.2314],[96.1203,27.2315],[96.1363,27.2413],[96.1531,27.2471],[96.1853,27.2492],[96.1923,27.2602],[96.2095,27.2614],[96.2308,27.2767],[96.248,27.2728],[96.2728,27.2729],[96.2756,27.2808],[96.2945,27.2914],[96.3074,27.2942],[96.3337,27.286],[96.3459,27.2854],[96.3579,27.2901],[96.3862,27.2847],[96.4014,27.2911],[96.407,27.2876],[96.4214,27.3014],[96.4551,27.3026],[96.4577,27.3066],[96.4882,27.2962],[96.4907,27.3026],[96.5076,27.299],[96.5179,27.286],[96.5359,27.2992],[96.5507,27.3178],[96.5643,27.3186],[96.5955,27.3405],[96.5981,27.3525],[96.6057,27.3658],[96.6257,27.3664],[96.6454,27.3595],[96.6603,27.3644],[96.6977,27.3577],[96.7029,27.3711],[96.7115,27.37],[96.7295,27.3594],[96.7452,27.3584],[96.7513,27.3526],[96.7668,27.3574],[96.7907,27.3456],[96.7967,27.3458],[96.805,27.3293],[96.8232,27.308],[96.8355,27.3027],[96.8481,27.2904],[96.8469,27.2716],[96.8582,27.262],[96.869,27.2586],[96.8843,27.2602],[96.8874,27.2459],[96.8824,27.2431],[96.8856,27.2269],[96.8671,27.2178],[96.8577,27.2058],[96.8568,27.1925],[96.8742,27.1806],[96.9013,27.1686],[96.9313,27.1616],[96.9429,27.164],[96.964,27.1613],[96.9842,27.1544],[96.9929,27.1402],[97.0087,27.1402],[97.0309,27.1302],[97.0337,27.1203],[97.0624,27.0988],[97.088,27.0953],[97.0948,27.104],[97.1191,27.1043],[97.125,27.0958],[97.1382,27.0915],[97.1481,27.1074],[97.1495,27.1176],[97.1616,27.1232],[97.1657,27.1351],[97.1636,27.1422],[97.1507,27.1502],[97.147,27.1653],[97.1398,27.164],[97.1246,27.1747],[97.1219,27.1904],[97.1106,27.1969],[97.0901,27.2147],[97.0903,27.2346],[97.0738,27.2472],[97.0683,27.2574],[97.0549,27.2654],[97.0541,27.2746],[97.0405,27.2822],[97.0349,27.2951],[97.0149,27.313],[97.0087,27.3114],[96.9984,27.3188],[96.991,27.3429],[96.9818,27.3454],[96.9786,27.3564],[96.9623,27.3738],[96.9675,27.3806],[96.9602,27.3973],[96.9605,27.404],[96.9455,27.4081],[96.9318,27.4191],[96.9324,27.4314],[96.9164,27.4464],[96.903,27.4536],[96.9045,27.4707],[96.9132,27.4886],[96.9277,27.5121],[96.9265,27.527],[96.9175,27.5389],[96.9067,27.5443],[96.9097,27.5583],[96.9052,27.5817],[96.8902,27.5794],[96.8926,27.5877],[96.8929,27.6159],[96.903,27.614],[96.9214,27.6329],[96.9304,27.6455],[96.9351,27.6617],[96.9509,27.6644],[96.9773,27.6637],[96.9854,27.6859],[96.9933,27.6973],[97.0075,27.7091],[97.0091,27.7173],[97.019,27.7311],[97.0225,27.7421],[97.0393,27.7486],[97.0475,27.7393],[97.0615,27.7486],[97.0753,27.7384],[97.0885,27.7351],[97.0976,27.7505],[97.1009,27.7667],[97.0946,27.7801],[97.0986,27.785],[97.1204,27.79],[97.1301,27.798],[97.1335,27.8066],[97.1565,27.8141],[97.1651,27.8209],[97.164,27.8277],[97.178,27.8332],[97.1988,27.8559],[97.233,27.8814],[97.2435,27.8954],[97.2527,27.901],[97.3049,27.9213],[97.3201,27.9031],[97.3173,27.8807],[97.3396,27.8852],[97.3609,27.8762],[97.3851,27.8874],[97.3747,27.9091],[97.3838,27.9219],[97.3718,27.9356],[97.3748,27.9545],[97.3744,27.9775],[97.3875,28.0033],[97.4079,28.0064],[97.4115,28.0154],[97.3949,28.0255],[97.3735,28.0306],[97.3644,28.044],[97.3704,28.0541],[97.3625,28.0597],[97.3282,28.057],[97.3083,28.0617],[97.3043,28.0689],[97.3068,28.0851],[97.3357,28.1114],[97.3367,28.1164],[97.3234,28.1336],[97.3214,28.1402],[97.3275,28.1549],[97.3688,28.1924],[97.389,28.1831],[97.3973,28.1924],[97.3715,28.2176],[97.3619,28.2237],[97.3483,28.2264],[97.3307,28.24],[97.31,28.2441],[97.3033,28.2563],[97.2791,28.2687],[97.2652,28.2707],[97.2384,28.2677],[97.2313,28.2734],[97.2214,28.2926],[97.1898,28.2871],[97.1666,28.2951],[97.1561,28.3198],[97.1234,28.3493],[97.1103,28.352],[97.0901,28.3629],[97.0636,28.3528],[97.0493,28.3513],[97.0389,28.3425],[97.0339,28.3319],[97.0202,28.3195],[96.994,28.3095],[96.9845,28.3155],[96.9716,28.3171],[96.9504,28.3334],[96.9235,28.3386],[96.9176,28.357],[96.8964,28.3796],[96.8603,28.3721],[96.85,28.3621],[96.8243,28.3611],[96.7949,28.3644],[96.7804,28.3643],[96.7722,28.3681],[96.7555,28.4096],[96.7321,28.425],[96.7149,28.4272],[96.6796,28.4456],[96.6628,28.4603],[96.6374,28.4587],[96.5969,28.4609],[96.5779,28.4578],[96.5578,28.4477],[96.5494,28.4369],[96.5321,28.4293],[96.5085,28.413],[96.495,28.4183],[96.4783,28.4194],[96.4566,28.414],[96.4303,28.3865],[96.4252,28.3582],[96.4211,28.3457],[96.3976,28.3393],[96.3904,28.3575],[96.3783,28.3589],[96.3732,28.3822],[96.3693,28.3893],[96.3183,28.3812],[96.3031,28.3998],[96.2863,28.4039],[96.2659,28.4054],[96.2645,28.4123],[96.2957,28.4344],[96.3336,28.458],[96.34,28.4652],[96.3655,28.4747],[96.3715,28.4822],[96.3703,28.492],[96.3596,28.505],[96.3231,28.5257],[96.3336,28.5339],[96.342,28.5465],[96.3534,28.556],[96.3696,28.5595],[96.3995,28.5577],[96.4053,28.5593],[96.4049,28.5732],[96.3988,28.5858],[96.4062,28.5898],[96.4213,28.5804],[96.4268,28.5825],[96.4432,28.6013],[96.4717,28.6178],[96.4929,28.6335],[96.494,28.6391],[96.4828,28.6607],[96.4695,28.6801],[96.4717,28.6837],[96.4895,28.684],[96.507,28.6966],[96.5312,28.707],[96.5589,28.7073],[96.5849,28.717],[96.6084,28.7488],[96.6145,28.7603],[96.6151,28.7741],[96.6075,28.7936],[96.5943,28.8108],[96.5835,28.8172],[96.5621,28.8438],[96.5462,28.8704],[96.5369,28.88],[96.5355,28.8931],[96.5382,28.917],[96.5233,28.9441],[96.5209,28.9614],[96.513,28.9665],[96.5004,28.9599],[96.4872,28.9616],[96.4772,28.9904],[96.4884,29.0069],[96.4987,29.0278],[96.5116,29.0491],[96.5251,29.0758],[96.5186,29.075],[96.4771,29.0567],[96.4588,29.0424],[96.4357,29.0342],[96.3889,29.0308],[96.3687,29.0316],[96.3467,29.029],[96.3215,29.0095],[96.2937,28.9954],[96.2818,28.9804],[96.2556,28.9559],[96.2482,28.9395],[96.228,28.926],[96.1859,28.9087],[96.1746,28.9009],[96.1664,28.9026],[96.1629,28.9188],[96.1452,28.9343],[96.1541,28.9433],[96.1552,28.9524],[96.1805,28.9654],[96.1849,28.985],[96.1654,29.0171],[96.161,29.0336],[96.1507,29.0503],[96.137,29.0616],[96.1149,29.0748],[96.1246,29.0779],[96.1699,29.0848],[96.186,29.0918],[96.2007,29.1031],[96.2179,29.1353],[96.2282,29.1436],[96.2493,29.1474],[96.2607,29.1574],[96.291,29.1593],[96.308,29.1656],[96.3467,29.1681],[96.3589,29.1787],[96.3635,29.1956],[96.3719,29.2152],[96.3882,29.2309],[96.3934,29.2538],[96.3828,29.2737],[96.3757,29.2811],[96.3638,29.283],[96.346,29.2647],[96.3133,29.2565],[96.2936,29.2332],[96.2664,29.234],[96.2515,29.2307],[96.2349,29.241],[96.227,29.2574],[96.2109,29.2725],[96.2041,29.2913],[96.184,29.307],[96.1868,29.3424],[96.1764,29.3625],[96.159,29.3811],[96.1512,29.3973],[96.1253,29.4158],[96.1145,29.4257],[96.0943,29.4548],[96.0821,29.4617],[96.0571,29.4568],[96.0362,29.4414],[96.016,29.4197],[96.0039,29.4104],[95.9946,29.4088],[95.9794,29.3988],[95.9673,29.3857],[95.9585,29.381],[95.9368,29.3826],[95.8908,29.3898],[95.8823,29.39],[95.8604,29.3659],[95.8417,29.3522],[95.8282,29.3542],[95.804,29.3378],[95.7925,29.3364],[95.7846,29.3549],[95.7791,29.3549],[95.7469,29.3276],[95.7449,29.3147],[95.7285,29.3009],[95.7166,29.2968],[95.7033,29.2989],[95.6937,29.285],[95.6746,29.2696],[95.6326,29.2475],[95.6065,29.261],[95.6001,29.2604],[95.589,29.2409],[95.5871,29.2164],[95.5464,29.2141],[95.5385,29.2067],[95.5466,29.179],[95.5479,29.1269],[95.5047,29.1414],[95.4975,29.1387],[95.493,29.122],[95.4902,29.088],[95.484,29.0694],[95.4751,29.0642],[95.4553,29.0352],[95.4397,29.0354],[95.4226,29.0394],[95.4111,29.0324],[95.3857,29.0363],[95.3466,29.0445],[95.3194,29.0535],[95.304,29.0614],[95.2874,29.0607],[95.2678,29.0561],[95.2514,29.0671],[95.2527,29.0843],[95.2492,29.0924],[95.2521,29.1085],[95.2419,29.1094],[95.1981,29.1063],[95.179,29.1073],[95.1474,29.1144],[95.1233,29.1151],[95.1151,29.12],[95.1,29.1427],[95.0798,29.1445],[95.0414,29.1514],[95.0067,29.1696],[94.9938,29.1649],[95.0122,29.1509],[95.0274,29.1326],[95.0129,29.1324],[94.9968,29.14],[94.9695,29.1589],[94.9207,29.1615],[94.9089,29.1657],[94.8946,29.1753],[94.8738,29.1836],[94.8486,29.1823],[94.8115,29.166],[94.8,29.1639],[94.7949,29.1797],[94.8,29.2094],[94.793,29.2256],[94.7688,29.2523],[94.7506,29.2658],[94.739,29.2816],[94.7135,29.3041],[94.6971,29.3137],[94.6798,29.3276],[94.6686,29.3316],[94.6441,29.3468],[94.6308,29.3485],[94.6263,29.3366],[94.6216,29.3126],[94.6133,29.301],[94.5764,29.275],[94.5746,29.2503],[94.5603,29.2286],[94.5355,29.2184],[94.4969,29.2164],[94.4572,29.2238],[94.4337,29.2267],[94.4164,29.2125],[94.3794,29.1943],[94.3748,29.19],[94.3701,29.1661],[94.3661,29.157],[94.3526,29.15],[94.3001,29.1503],[94.2902,29.148],[94.28,29.1352],[94.2601,29.1166],[94.2271,29.0898],[94.2171,29.0838],[94.1873,29.0388],[94.1775,29.0202],[94.1742,29.0074],[94.1752,28.9914],[94.1605,28.9737],[94.1573,28.9543],[94.1386,28.9399],[94.081,28.9054],[94.0686,28.8956],[94.0461,28.8734],[94.0321,28.853],[94.0169,28.8507],[93.997,28.8409],[94.002,28.8193],[93.9875,28.8062],[93.9872,28.7978],[94.0035,28.7837],[94.0033,28.7749],[93.9922,28.765],[93.9704,28.7508],[93.9669,28.7424],[93.9673,28.7226],[93.9587,28.704],[93.9363,28.6764],[93.9213,28.6697],[93.9059,28.676],[93.8671,28.7031],[93.8459,28.7068],[93.8207,28.6943],[93.7872,28.6708],[93.7771,28.668],[93.7493,28.6827],[93.7335,28.6888],[93.7016,28.6795],[93.6875,28.6789],[93.6714,28.6715],[93.6409,28.6615],[93.609,28.6555],[93.5633,28.6592],[93.5359,28.6585],[93.5266,28.6609],[93.5206,28.6735],[93.4977,28.6837],[93.4814,28.6747],[93.4764,28.6533],[93.4689,28.6518],[93.459,28.6681],[93.4479,28.6758],[93.432,28.662],[93.4141,28.6526],[93.3919,28.6492],[93.3531,28.6386],[93.3392,28.6399],[93.3346,28.6335],[93.3299,28.608],[93.3021,28.5993],[93.2997,28.5918],[93.3074,28.566],[93.291,28.5431],[93.2779,28.5045],[93.2311,28.4776],[93.2095,28.4519],[93.1846,28.4396],[93.183,28.4324],[93.1923,28.4256],[93.2277,28.4079],[93.2334,28.4002],[93.2241,28.3775],[93.2211,28.361],[93.2245,28.3405],[93.2086,28.3227],[93.1955,28.3175],[93.1567,28.318],[93.1266,28.3263],[93.1139,28.315],[93.0972,28.3066],[93.0739,28.3088],[93.0481,28.302],[93.0255,28.3028],[93.0238,28.2995],[93.0355,28.2627],[93.0221,28.2518],[93.0021,28.2303],[92.9917,28.234],[92.9878,28.2509],[92.9763,28.2592],[92.9664,28.2614],[92.9436,28.2482],[92.9247,28.2422],[92.9148,28.2346],[92.9071,28.2148],[92.897,28.2042],[92.8414,28.1789],[92.8298,28.1711],[92.8231,28.1735],[92.8195,28.1839],[92.8212,28.197],[92.8094,28.2037],[92.8015,28.2019],[92.7849,28.1834],[92.7384,28.1512],[92.7064,28.1362],[92.6889,28.1254],[92.682,28.1176],[92.6647,28.0624],[92.683,28.0582],[92.6971,28.0479],[92.7112,28.0328],[92.7228,28.0159],[92.7294,28.001],[92.741,27.9889],[92.7313,27.9714],[92.7027,27.9333],[92.6706,27.8996],[92.653,27.8924],[92.6218,27.8839],[92.6065,27.877],[92.5872,27.8563],[92.5621,27.8205],[92.5453,27.8169],[92.5166,27.8397],[92.5028,27.841],[92.494,27.8363],[92.4564,27.8028],[92.4453,27.8003],[92.4154,27.8226],[92.3845,27.8151],[92.3814,27.7946],[92.3519,27.7902],[92.3176,27.7778],[92.309,27.7788],[92.2864,27.8072],[92.2692,27.8536],[92.257,27.8619],[92.236,27.8624],[92.2022,27.8568],[92.158,27.8368],[92.1218,27.8104],[92.0864,27.7795],[92.0572,27.7589],[92.0396,27.757],[92.0022,27.7673],[91.9858,27.7698],[91.9677,27.7512],[91.9575,27.7505],[91.947,27.7285],[91.9207,27.7149],[91.9103,27.7261],[91.8806,27.7217],[91.8724,27.7343],[91.8625,27.7368],[91.8533,27.7649],[91.8473,27.7755],[91.8356,27.7798],[91.8301,27.8075],[91.8175,27.8033],[91.8063,27.8088],[91.7734,27.8012],[91.7485,27.8033],[91.7119,27.8133],[91.6965,27.8221],[91.6718,27.8567],[91.6644,27.8583],[91.6443,27.8542],[91.6241,27.8577],[91.6099,27.854],[91.5966,27.8621],[91.587,27.8563],[91.5723,27.8608],[91.5613,27.8518],[91.5551,27.8586],[91.5465,27.8556],[91.5484,27.8469],[91.5679,27.8154],[91.5754,27.8127],[91.5866,27.8188],[91.6013,27.8209],[91.6305,27.8008],[91.6335,27.7716],[91.6419,27.7652],[91.6423,27.758],[91.6319,27.747],[91.6314,27.7318],[91.6256,27.7153],[91.626,27.7059],[91.6123,27.6929],[91.6047,27.6949],[91.594,27.6832],[91.5919,27.6718],[91.569,27.6524],[91.5599,27.6334],[91.5653,27.6199],[91.5782,27.6082],[91.5789,27.5995],[91.5641,27.5841],[91.5688,27.5749],[91.5835,27.5622],[91.5964,27.5394],[91.6112,27.5415],[91.6224,27.5132],[91.6459,27.4988],[91.6492,27.4846],[91.655,27.4828],[91.6919,27.5026],[91.7124,27.491],[91.7155,27.4734],[91.735,27.47],[91.7436,27.4736],[91.7583,27.4731],[91.7644,27.4662],[91.7754,27.4643],[91.811,27.4723],[91.8301,27.4687],[91.8507,27.4823],[91.8646,27.4818],[91.8738,27.4725],[91.8925,27.4729],[91.9,27.4679],[91.9242,27.471],[91.9408,27.4603],[91.9561,27.4611],[91.9668,27.4664],[91.9805,27.4646],[91.9905,27.4739],[92.0126,27.4814],[92.0201,27.4793],[92.0181,27.4576],[92.0252,27.4412],[92.04,27.4361],[92.0452,27.4249],[92.0433,27.4124],[92.0557,27.3996],[92.0472,27.3788],[92.0495,27.3578],[92.0613,27.3448],[92.0599,27.3267],[92.079,27.3098],[92.1036,27.3009],[92.1183,27.2922],[92.1199,27.2753],[92.1025,27.2685],[92.0841,27.2715],[92.071,27.2768],[92.0498,27.271],[92.0409,27.2613],[92.0667,27.2444],[92.0705,27.2231],[92.0581,27.2025],[92.0571,27.189],[92.0261,27.1712],[92.0251,27.1537],[92.0372,27.1378],[92.0229,27.1143],[92.0283,27.0966],[92.0285,27.078],[92.0369,27.0696],[92.0455,27.0513],[92.0646,27.0516],[92.0772,27.0392],[92.0803,27.0199],[92.1038,27.007],[92.1026,26.9823],[92.1136,26.975],[92.1178,26.9595],[92.1123,26.9486],[92.1174,26.9317],[92.1092,26.9067],[92.1121,26.8919],[92.12,26.8891],[92.1698,26.8918],[92.1947,26.8901],[92.238,26.9059],[92.2551,26.9097],[92.276,26.9021],[92.3029,26.9072],[92.3026,26.9227],[92.323,26.9276],[92.3631,26.9346],[92.367,26.9288],[92.3983,26.9248],[92.4119,26.9429],[92.4257,26.9411],[92.4474,26.9589],[92.5026,26.9634],[92.5541,26.9575],[92.5793,26.959],[92.589,26.9617],[92.6447,26.9868],[92.6674,27.0272],[92.6774,27.0318],[92.6976,27.0228],[92.7128,27.0228],[92.7228,27.0183],[92.7329,27.0228],[92.7531,27.0229],[92.7632,27.0274],[92.7783,27.0229],[92.7934,27.0229],[92.8237,27.0094],[92.8572,27.0017],[92.8838,27.0005],[92.9183,26.9824],[92.9171,26.963],[92.9842,26.9349],[93.0214,26.9136],[93.063,26.9224],[93.0882,26.9145],[93.1069,26.9258],[93.1417,26.9307],[93.179,26.9373],[93.2029,26.9437],[93.2616,26.9536],[93.2977,26.9564],[93.324,26.9602],[93.3804,26.9593],[93.4487,26.9509],[93.4624,26.938],[93.4706,26.9367],[93.4859,26.9424],[93.489,26.9363],[93.5072,26.944],[93.5247,26.9486],[93.5409,26.9491],[93.5596,26.9528],[93.5866,26.9506],[93.6274,26.9633],[93.6574,26.9664],[93.6756,26.9747],[93.6936,26.9891],[93.7149,27.0143],[93.734,27.0263],[93.7435,27.0278],[93.7675,27.0403],[93.7683,27.0516],[93.776,27.0538],[93.7893,27.0507],[93.7954,27.057],[93.8113,27.06],[93.8356,27.0744],[93.8346,27.0855],[93.827,27.0963],[93.8265,27.1122],[93.8129,27.1294],[93.8031,27.1329],[93.8053,27.1482],[93.8253,27.1686],[93.8372,27.1717],[93.8662,27.2],[93.8993,27.2392],[93.9263,27.2626],[93.9552,27.2934],[93.9912,27.3284],[94.0215,27.3449],[94.0405,27.3516],[94.068,27.3717],[94.0752,27.3889],[94.0895,27.4071],[94.1049,27.4141],[94.1178,27.4298],[94.1593,27.4617],[94.1566,27.475],[94.1645,27.4769],[94.2006,27.495],[94.21,27.4931],[94.2207,27.5054],[94.2682,27.5209],[94.2567,27.5402],[94.2586,27.5556],[94.2466,27.5696],[94.2357,27.5691],[94.2239,27.5766],[94.2262,27.5983],[94.2109,27.6019],[94.2223,27.6111],[94.237,27.6325],[94.2616,27.636],[94.2673,27.6296],[94.2563,27.6106],[94.2724,27.603],[94.2764,27.5904],[94.2882,27.5894],[94.2898,27.5963],[94.3017,27.6011],[94.3084,27.5913],[94.3328,27.587],[94.3506,27.5772],[94.3698,27.5749],[94.3923,27.5891],[94.4015,27.5851],[94.4184,27.5976],[94.4316,27.6004],[94.4318,27.5909],[94.4513,27.5719],[94.4617,27.5553],[94.4784,27.5763],[94.4989,27.5723],[94.5024,27.5775],[94.5214,27.5846],[94.5219,27.5915],[94.5365,27.5931],[94.5445,27.6011],[94.5616,27.6049],[94.571,27.6026],[94.5867,27.6182],[94.6065,27.6187],[94.6231,27.6278],[94.6331,27.6243],[94.6462,27.6378],[94.6618,27.645],[94.6861,27.6495],[94.6839,27.6607],[94.7167,27.6583],[94.7209,27.6674],[94.7413,27.66],[94.7542,27.6606],[94.7626,27.6676],[94.7691,27.6796],[94.7779,27.6796],[94.7918,27.6882],[94.7969,27.6957],[94.8082,27.6921],[94.8294,27.695],[94.8478,27.7057],[94.8523,27.7277],[94.9222,27.75],[95.0333,27.784],[95.249,27.8502],[95.3087,27.8681],[95.3795,27.8393],[95.5222,27.8831],[95.5426,27.9082],[95.5637,27.9197],[95.5647,27.9294],[95.5741,27.9396],[95.5846,27.9367],[95.6052,27.9547],[95.7377,27.9652],[95.8238,27.9716],[95.9703,27.9629],[95.9652,27.9533],[95.949,27.9383],[95.9485,27.9245],[95.9381,27.9126],[95.9278,27.8954],[95.9205,27.896],[95.9145,27.8759],[95.9043,27.8619],[95.8884,27.8567],[95.8836,27.8462],[95.8703,27.8328],[95.8543,27.8301],[95.8377,27.8242],[95.8381,27.8106],[95.8265,27.8088],[95.8166,27.8028],[95.8047,27.7861],[95.8003,27.7738],[95.7892,27.762],[95.7759,27.7537],[95.7787,27.7333],[95.7662,27.7267],[95.7541,27.7258],[95.7678,27.7026],[95.7637,27.6935],[95.7682,27.6869],[95.785,27.6852],[95.7902,27.6799],[95.775,27.6744],[95.7703,27.658],[95.7742,27.6509],[95.7902,27.6448],[95.7894,27.6264],[95.7782,27.6195],[95.7903,27.6117],[95.7924,27.598],[95.8055,27.601],[95.8182,27.5964],[95.8118,27.5818],[95.8234,27.5746],[95.8304,27.5632],[95.8418,27.5615],[95.8616,27.5435],[95.8757,27.5466],[95.8784,27.5186],[95.8757,27.5125],[95.8791,27.4968],[95.8728,27.4909],[95.8706,27.4667],[95.8532,27.457],[95.8568,27.4469],[95.849,27.4413],[95.8422,27.4269],[95.8565,27.4192],[95.8711,27.427],[95.8756,27.4349],[95.8845,27.4338],[95.8842,27.4137],[95.8909,27.4013],[95.899,27.4137],[95.8999,27.4221],[95.9095,27.4355],[95.9287,27.4386],[95.9412,27.4374],[95.951,27.4241],[95.9577,27.4279],[95.974,27.4218],[95.9733,27.4117],[95.9832,27.4119],[95.9964,27.3947],[95.9981,27.388],[96.0178,27.3695],[96.0074,27.3607],[95.9891,27.3566],[95.9868,27.3457],[95.9722,27.337],[95.972,27.3275],[95.9583,27.3102],[95.9465,27.3039],[95.93,27.3004],[95.9176,27.2913],[95.9071,27.2891],[95.9039,27.2757],[95.8951,27.2686],[95.8941,27.257],[95.8812,27.256],[95.8693,27.2601],[95.8549,27.2733],[95.8517,27.2869],[95.8082,27.275],[95.7944,27.2817],[95.7774,27.2708],[95.7651,27.2674],[95.742,27.2668],[95.7276,27.2601],[95.7201,27.2496],[95.7014,27.2487],[95.6923,27.2533],[95.6315,27.2296],[95.6189,27.2326],[95.6037,27.2243],[95.5875,27.223],[95.5744,27.2347],[95.575,27.2433],[95.5549,27.2486],[95.5453,27.26],[95.5252,27.2637],[95.5181,27.2577],[95.5073,27.2595],[95.5037,27.2486],[95.4842,27.2413],[95.4774,27.2269],[95.4558,27.2037],[95.4664,27.1827],[95.4599,27.1772],[95.4656,27.167],[95.4533,27.1568],[95.4621,27.1498],[95.4581,27.1381],[95.4432,27.1347],[95.4371,27.1265],[95.4209,27.1259],[95.3979,27.1085],[95.3837,27.1049],[95.3746,27.0928],[95.3648,27.1083],[95.3547,27.104],[95.3292,27.0878],[95.3167,27.0829],[95.2917,27.0666],[95.278,27.055],[95.2754,27.0418],[95.2609,27.036],[95.2463,27.0239],[95.2401,27.0355],[95.2334,27.0372],[95.2109,27.0297],[95.2031,27.036],[95.1946,27.0313],[95.1972,27.0018],[95.1915,26.9849],[95.2114,26.9659],[95.2021,26.9583],[95.2087,26.9492],[95.2067,26.942],[95.2122,26.9301],[95.2263,26.9263],[95.2319,26.9197],[95.2288,26.9083],[95.2303,26.8837],[95.2149,26.8836],[95.1995,26.871],[95.1815,26.8613],[95.187,26.8478],[95.198,26.8389],[95.1973,26.8226],[95.2047,26.8047],[95.2148,26.7901],[95.2292,26.7855],[95.2311,26.7651],[95.2165,26.7556],[95.2194,26.7458],[95.2104,26.7312],[95.227,26.7161],[95.2328,26.7058],[95.2302,26.694],[95.2339,26.6825]]]},"properties":{"ST_NM":"Arunachal Pradesh"}},
{"type":"Feature","geometry":{"type":"Polygon","coordinates":[[[95.1946,27.0313],[95.2031,27.036],[95.2109,27.0297],[95.2334,27.0372],[95.2401,27.0355],[95.2463,27.0239],[95.2609,27.036],[95.2754,27.0418],[95.278,27.055],[95.2917,27.0666],[95.3167,27.0829],[95.3292,27.0878],[95.3547,27.104],[95.3648,27.1083],[95.3746,27.0928],[95.3837,27.1049],[95.3979,27.1085],[95.4209,27.1259],[95.4371,27.1265],[95.4432,27.1347],[95.4581,27.1381],[95.4621,27.1498],[95.4533,27.1568],[95.4656,27.167],[95.4599,27.1772],[95.4664,27.1827],[95.4558,27.2037],[95.4774,27.2269],[95.4842,27.2413],[95.5037,27.2486],[95.5073,27.2595],[95.5181,27.2577],[95.5252,27.2637],[95.5453,27.26],[95.5549,27.2486],[95.575,27.2433],[95.5744,27.2347],[95.5875,27.223],[95.6037,27.2243],[95.6189,27.2326],[95.6315,27.2296],[95.6923,27.2533],[95.7014,27.2487],[95.7201,27.2496],[95.7276,27.2601],[95.742,27.2668],[95.7651,27.2674],[95.7774,27.2708],[95.7944,27.2817],[95.8082,27.275],[95.8517,27.2869],[95.8549,27.2733],[95.8693,27.2601],[95.8812,27.256],[95.8941,27.257],[95.8951,27.2686],[95.9039,27.2757],[95.9071,27.2891],[95.9176,27.2913],[95.93,27.3004],[95.9465,27.3039],[95.9583,27.3102],[95.972,27.3275],[95.9722,27.337],[95.9868,27.3457],[95.9891,27.3566],[96.0074,27.3607],[96.0178,27.3695],[95.9981,27.388],[95.9964,27.3947],[95.9832,27.4119],[95.9733,27.4117],[95.974,27.4218],[95.9577,27.4279],[95.951,27.4241],[95.9412,27.4374],[95.9287,27.4386],[95.9095,27.4355],[95.8999,27.4221],[95.899,27.4137],[95.8909,27.4013],[95.8842,27.4137],[95.8845,27.4338],[95.8756,27.4349],[95.8711,27.427],[95.8565,27.4192],[95.8422,27.4269],[95.849,27.4413],[95.8568,27.4469],[95.8532,27.457],[95.8706,27.4667],[95.8728,27.4909],[95.8791,27.4968],[95.8757,27.5125],[95.8784,27.5186],[95.8757,27.5466],[95.8616,27.5435],[95.8418,27.5615],[95.8304,27.5632],[95.8234,27.5746],[95.8118,27.5818],[95.8182,27.5964],[95.8055,27.601],[95.7924,27.598],[95.7903,27.6117],[95.7782,27.6195],[95.7894,27.6264],[95.7902,27.6448],[95.7742,27.6509],[95.7703,27.658],[95.775,27.6744],[95.7902,27.6799],[95.785,27.6852],[95.7682,27.6869],[95.7637,27.6935],[95.7678,27.7026],[95.7541,27.7258],[95.7662,27.7267],[95.7787,27.7333],[95.7759,27.7537],[95.7892,27.762],[95.8003,27.7738],[95.8047,27.7861],[95.8166,27.8028],[95.8265,27.8088],[95.8381,27.8106],[95.8377,27.8242],[95.8543,27.8301],[95.8703,27.8328],[95.8836,27.8462],[95.8884,27.8567],[95.9043,27.8619],[95.9145,27.8759],[95.9205,27.896],[95.9278,27.8954],[95.9381,27.9126],[95.9485,27.9245],[95.949,27.9383],[95.9652,27.9533],[95.9703,27.9629],[95.8238,27.9716],[95.7377,27.9652],[95.6052,27.9547],[95.5846,27.9367],[95.5741,27.9396],[95.5647,27.9294],[95.5637,27.9197],[95.5426,27.9082],[95.5222,27.8831],[95.3795,27.8393],[95.3087,27.8681],[95.249,27.8502],[95.0333,27.784],[94.9222,27.75],[94.8523,27.7277],[94.8478,27.7057],[94.8294,27.695],[94.8082,27.6921],[94.7969,27.6957],[94.7918,27.6882],[94.7779,27.6796],[94.7691,27.6796],[94.7626,27.6676],[94.7542,27.6606],[94.7413,27.66],[94.7209,27.6674],[94.7167,27.6583],[94.6839,27.6607],[94.6861,27.6495],[94.6618,27.645],[94.6462,27.6378],[94.6331,27.6243],[94.6231,27.6278],[94.6065,27.6187],[94.5867,27.6182],[94.571,27.6026],[94.5616,27.6049],[94.5445,27.6011],[94.5365,27.5931],[94.5219,27.5915],[94.5214,27.5846],[94.5024,27.5775],[94.4989,27.5723],[94.4784,27.5763],[94.4617,27.5553],[94.4513,27.5719],[94.4318,27.5909],[94.4316,27.6004],[94.4184,27.5976],[94.4015,27.5851],[94.3923,27.5891],[94.3698,27.5749],[94.3506,27.5772],[94.3328,27.587],[94.3084,27.5913],[94.3017,27.6011],[94.2898,27.5963],[94.2882,27.5894],[94.2764,27.5904],[94.2724,27.603],[94.2563,27.6106],[94.2673,27.6296],[94.2616,27.636],[94.237,27.6325],[94.2223,27.6111],[94.2109,27.6019],[94.2262,27.5983],[94.2239,27.5766],[94.2357,27.5691],[94.2466,27.5696],[94.2586,27.5556],[94.2567,27.5402],[94.2682,27.5209],[94.2207,27.5054],[94.21,27.4931],[94.2006,27.495],[94.1645,27.4769],[94.1566,27.475],[94.1593,27.4617],[94.1178,27.4298],[94.1049,27.4141],[94.0895,27.4071],[94.0752,27.3889],[94.068,27.3717],[94.0405,27.3516],[94.0215,27.3449],[93.9912,27.3284],[93.9552,27.2934],[93.9263,27.2626],[93.8993,27.2392],[93.8662,27.2],[93.8372,27.1717],[93.8253,27.1686],[93.8053,27.1482],[93.8031,27.1329],[93.8129,27.1294],[93.8265,27.1122],[93.827,27.0963],[93.8346,27.0855],[93.8356,27.0744],[93.8113,27.06],[93.7954,27.057],[93.7893,27.0507],[93.776,27.0538],[93.7683,27.0516],[93.7675,27.0403],[93.7435,27.0278],[93.734,27.0263],[93.7149,27.0143],[93.6936,26.9891],[93.6756,26.9747],[93.6574,26.9664],[93.6274,26.9633],[93.5866,26.9506],[93.5596,26.9528],[93.5409,26.9491],[93.5247,26.9486],[93.5072,26.944],[93.489,26.9363],[93.4859,26.9424],[93.4706,26.9367],[93.4624,26.938],[93.4487,26.9509],[93.3804,26.9593],[93.324,26.9602],[93.2977,26.9564],[93.2616,26.9536],[93.2029,26.9437],[93.179,26.9373],[93.1417,26.9307],[93.1069,26.9258],[93.0882,26.9145],[93.063,26.9224],[93.0214,26.9136],[92.9842,26.9349],[92.9171,26.963],[92.9183,26.9824],[92.8838,27.0005],[92.8572,27.0017],[92.8237,27.0094],[92.7934,27.0229],[92.7783,27.0229],[92.7632,27.0274],[92.7531,27.0229],[92.7329,27.0228],[92.7228,27.0183],[92.7128,27.0228],[92.6976,27.0228],[92.6774,27.0318],[92.6674,27.0272],[92.6447,26.9868],[92.589,26.9617],[92.5793,26.959],[92.5541,26.9575],[92.5026,26.9634],[92.4474,26.9589],[92.4257,26.9411],[92.4119,26.9429],[92.3983,26.9248],[92.367,26.9288],[92.3631,26.9346],[92.323,26.9276],[92.3026,26.9227],[92.3029,26.9072],[92.276,26.9021],[92.2551,26.9097],[92.238,26.9059],[92.1947,26.8901],[92.1698,26.8918],[92.12,26.8891],[92.1121,26.8919],[92.1017,26.8814],[92.1024,26.8673],[92.0562,26.8467],[92.0166,26.8504],[91.9836,26.8579],[91.9705,26.8704],[91.9643,26.8821],[91.9437,26.8948],[91.893,26.9187],[91.8594,26.9132],[91.8242,26.8639],[91.781,26.8428],[91.7207,26.8119],[91.7048,26.813],[91.6901,26.8068],[91.6259,26.821],[91.593,26.8052],[91.4952,26.7912],[91.4643,26.8024],[91.4457,26.8127],[91.4081,26.84],[91.3762,26.7954],[91.3373,26.7806],[91.2976,26.7869],[91.2775,26.8003],[91.2368,26.812],[91.1926,26.8134],[91.1463,26.8111],[91.0976,26.8221],[91.0541,26.7808],[90.9914,26.7908],[90.9591,26.7844],[90.9567,26.7878],[90.8798,26.7812],[90.8111,26.7761],[90.7422,26.7751],[90.717,26.7684],[90.6931,26.7708],[90.6758,26.7844],[90.6464,26.7768],[90.6342,26.7941],[90.5843,26.804],[90.5464,26.8168],[90.49,26.8549],[90.4181,26.9044],[90.3567,26.901],[90.3503,26.889],[90.3479,26.8753],[90.2999,26.8484],[90.2835,26.8529],[90.2499,26.8593],[90.2308,26.8588],[90.2012,26.8354],[90.1877,26.8071],[90.1947,26.7737],[90.14,26.7538],[90.0744,26.7361],[90.0492,26.7304],[90.0081,26.7323],[89.9667,26.7235],[89.8976,26.7243],[89.8624,26.737],[89.8632,26.701],[89.8518,26.6972],[89.8633,26.6813],[89.8629,26.6648],[89.8593,26.6554],[89.8649,26.6494],[89.8572,26.6338],[89.8497,26.6281],[89.8549,26.6151],[89.8695,26.614],[89.8663,26.5892],[89.874,26.5855],[89.8576,26.576],[89.8623,26.5549],[89.8571,26.5421],[89.8595,26.5326],[89.852,26.5228],[89.854,26.4996],[89.8498,26.4909],[89.8569,26.4851],[89.8622,26.4691],[89.8695,26.4639],[89.8688,26.4522],[89.8609,26.4465],[89.8478,26.4222],[89.8564,26.4143],[89.8387,26.4124],[89.8289,26.4041],[89.828,26.3946],[89.838,26.3914],[89.8462,26.4048],[89.8552,26.3966],[89.8564,26.385],[89.833,26.385],[89.8249,26.3816],[89.8273,26.3711],[89.8132,26.3723],[89.7983,26.3602],[89.781,26.3528],[89.7826,26.3327],[89.7595,26.3165],[89.7505,26.3196],[89.754,26.3019],[89.76,26.2916],[89.7515,26.2891],[89.7433,26.2947],[89.7338,26.2928],[89.7177,26.2956],[89.7361,26.2754],[89.7379,26.269],[89.7309,26.2582],[89.7197,26.2574],[89.7054,26.2693],[89.7027,26.2575],[89.7184,26.2557],[89.7166,26.2469],[89.7319,26.2397],[89.726,26.2323],[89.7139,26.2292],[89.7133,26.2121],[89.7256,26.2176],[89.734,26.21],[89.7176,26.2057],[89.7193,26.1919],[89.7132,26.1872],[89.7002,26.1882],[89.7035,26.1774],[89.7196,26.1659],[89.7254,26.1554],[89.742,26.1595],[89.7534,26.1485],[89.754,26.1396],[89.7634,26.1369],[89.766,26.1266],[89.7551,26.1129],[89.77,26.1047],[89.779,26.1082],[89.7946,26.0887],[89.7909,26.0789],[89.7988,26.0601],[89.7859,26.0574],[89.7847,26.0477],[89.7926,26.0419],[89.8119,26.0404],[89.8192,26.0257],[89.8154,26.0186],[89.8214,26.0121],[89.8205,25.9873],[89.836,25.9824],[89.8309,26.0019],[89.8353,26.0129],[89.8441,26.0064],[89.8512,25.9894],[89.8669,25.9827],[89.8732,25.976],[89.8591,25.9692],[89.8419,25.9704],[89.8472,25.957],[89.8428,25.9506],[89.8328,25.9549],[89.8253,25.9459],[89.8484,25.9427],[89.8761,25.9469],[89.8872,25.9451],[89.8783,25.9242],[89.848,25.8919],[89.8489,25.8879],[89.8329,25.8702],[89.8357,25.8592],[89.8356,25.8424],[89.8168,25.8149],[89.8261,25.8107],[89.8313,25.7912],[89.8385,25.7755],[89.8412,25.7607],[89.8271,25.7406],[89.8268,25.733],[89.8332,25.7182],[89.8494,25.7151],[89.8521,25.7084],[89.8466,25.6957],[89.859,25.6787],[89.8615,25.6693],[89.8709,25.6627],[89.8812,25.6294],[89.8787,25.6016],[89.8733,25.588],[89.8758,25.581],[89.8672,25.562],[89.8661,25.5461],[89.8514,25.5389],[89.8602,25.5174],[89.8514,25.4942],[89.8481,25.4787],[89.8544,25.4674],[89.8708,25.4759],[89.8766,25.4956],[89.8745,25.5073],[89.8855,25.5076],[89.8777,25.5196],[89.8686,25.5219],[89.8683,25.5304],[89.8765,25.5369],[89.8776,25.5498],[89.8852,25.5551],[89.9122,25.5633],[89.9372,25.5647],[89.9604,25.5745],[89.9728,25.5739],[89.9785,25.5871],[89.9885,25.5913],[90.003,25.5869],[90.0202,25.6076],[90.0098,25.6156],[90.0041,25.6268],[89.997,25.6226],[89.9827,25.6279],[89.9794,25.6386],[89.9531,25.6537],[89.9467,25.662],[89.9444,25.6793],[89.9357,25.69],[89.9235,25.6946],[89.9051,25.7221],[89.8956,25.7316],[89.8947,25.7451],[89.8996,25.7472],[89.9231,25.7386],[89.9368,25.7449],[89.9351,25.7527],[89.955,25.7676],[89.9591,25.7821],[89.9543,25.7881],[89.9582,25.8017],[89.951,25.8212],[89.9619,25.8203],[89.9646,25.8265],[89.978,25.8285],[89.9814,25.8356],[90.0035,25.8393],[90.0157,25.8508],[90.0238,25.8673],[90.0057,25.8791],[90.0245,25.8956],[90.0425,25.895],[90.0555,25.9009],[90.067,25.9131],[90.0862,25.9196],[90.0979,25.9375],[90.1168,25.9573],[90.1379,25.9575],[90.1516,25.9667],[90.1569,25.9579],[90.177,25.9589],[90.1867,25.9475],[90.2028,25.961],[90.2114,25.9527],[90.2472,25.9566],[90.2835,25.9631],[90.3274,25.9745],[90.3315,25.9877],[90.3403,25.9884],[90.3497,26.0042],[90.3721,26.0114],[90.3997,26.0126],[90.4053,26.0091],[90.4168,25.9916],[90.4302,25.989],[90.4761,26.0097],[90.4971,25.9968],[90.5096,25.9806],[90.5204,25.9706],[90.5349,25.9497],[90.5341,25.9391],[90.5206,25.9261],[90.5179,25.9158],[90.5085,25.9016],[90.5149,25.8962],[90.5264,25.9049],[90.5491,25.9155],[90.5488,25.9215],[90.5767,25.9368],[90.5797,25.9514],[90.5855,25.9574],[90.5996,25.9552],[90.6048,25.9472],[90.6241,25.9393],[90.6065,25.9151],[90.6135,25.8994],[90.6249,25.8984],[90.6307,25.9064],[90.6285,25.9177],[90.6393,25.9232],[90.6726,25.9347],[90.6883,25.949],[90.7138,25.9518],[90.7244,25.9469],[90.7428,25.9581],[90.7478,25.95],[90.7403,25.9395],[90.7463,25.9286],[90.7638,25.9078],[90.778,25.9087],[90.7844,25.9252],[90.7963,25.9406],[90.8091,25.9475],[90.8258,25.9488],[90.8364,25.9439],[90.8748,25.9426],[90.885,25.95],[90.8944,25.9313],[90.9155,25.9308],[90.9164,25.9435],[90.9338,25.9399],[90.9399,25.9474],[90.9594,25.9313],[90.9689,25.9038],[90.9659,25.8885],[90.9968,25.888],[91.0105,25.8843],[91.0252,25.8889],[91.0305,25.8859],[91.0277,25.8692],[91.0138,25.8567],[91.0152,25.8485],[91.0015,25.8247],[91.0059,25.8205],[91.0224,25.8239],[91.0324,25.8351],[91.0392,25.837],[91.0472,25.849],[91.0695,25.8483],[91.0731,25.8402],[91.0591,25.8365],[91.0488,25.8294],[91.0621,25.8209],[91.0669,25.8258],[91.0831,25.8302],[91.1196,25.8328],[91.1294,25.8427],[91.1475,25.8506],[91.1604,25.8499],[91.1802,25.8441],[91.1891,25.8518],[91.2034,25.8442],[91.1945,25.8277],[91.1862,25.8185],[91.1904,25.8115],[91.1841,25.799],[91.1782,25.7774],[91.1892,25.764],[91.1889,25.7505],[91.21,25.7256],[91.2224,25.7227],[91.2454,25.7334],[91.2745,25.7505],[91.2886,25.7656],[91.2898,25.7724],[91.3019,25.7868],[91.3222,25.8216],[91.3344,25.8334],[91.3356,25.8408],[91.3653,25.8401],[91.3728,25.8468],[91.3811,25.8457],[91.4024,25.8514],[91.4235,25.8544],[91.4366,25.8432],[91.4485,25.8451],[91.4694,25.8593],[91.4776,25.8573],[91.4833,25.8641],[91.5136,25.8641],[91.5223,25.8729],[91.5312,25.8749],[91.5329,25.8882],[91.5255,25.891],[91.5212,25.8752],[91.5113,25.8654],[91.4916,25.866],[91.4753,25.87],[91.4783,25.8876],[91.4839,25.8931],[91.4987,25.8961],[91.5079,25.9089],[91.5012,25.919],[91.5028,25.9266],[91.5197,25.94],[91.5177,25.9533],[91.5221,25.9596],[91.535,25.9624],[91.5383,25.9715],[91.5512,25.9767],[91.5514,25.9841],[91.5641,26.0085],[91.5719,26.0159],[91.5708,26.0259],[91.5802,26.0334],[91.6002,26.0217],[91.6201,26.0259],[91.6304,26.0226],[91.6347,26.0129],[91.6281,26.0008],[91.6282,25.9762],[91.6356,25.9617],[91.6293,25.9468],[91.6112,25.9448],[91.6094,25.9375],[91.621,25.9324],[91.6412,25.9173],[91.6511,25.9067],[91.6705,25.9042],[91.6788,25.9163],[91.72,25.9537],[91.7215,26.0123],[91.7248,26.0184],[91.723,26.0356],[91.7253,26.0463],[91.7353,26.0521],[91.7334,26.0607],[91.7509,26.0662],[91.7629,26.0747],[91.7785,26.0899],[91.7913,26.0853],[91.8003,26.1001],[91.8059,26.0993],[91.8212,26.1176],[91.8308,26.1185],[91.8406,26.1108],[91.8682,26.1003],[91.8791,26.0981],[91.8764,26.0761],[91.8702,26.0535],[91.8745,26.0368],[91.8833,26.0262],[91.8889,26.0278],[91.9146,26.0206],[91.9097,26.0128],[91.9202,25.9979],[91.9337,26.0104],[91.9835,26.0259],[91.9885,26.0376],[92.0037,26.0357],[92.0184,26.0393],[92.0343,26.039],[92.0481,26.0329],[92.0637,26.0341],[92.0918,26.048],[92.1078,26.0508],[92.1213,26.044],[92.1319,26.0444],[92.1341,26.0525],[92.1433,26.0561],[92.1526,26.0672],[92.1691,26.0776],[92.1786,26.0689],[92.2092,26.0704],[92.2375,26.0635],[92.2582,26.0636],[92.27,26.0476],[92.2627,26.0327],[92.2532,26.0291],[92.2442,26.0181],[92.2277,26.0087],[92.2043,26.0014],[92.1964,25.9905],[92.1805,25.9844],[92.175,25.9743],[92.1641,25.9704],[92.1638,25.9587],[92.1524,25.9444],[92.16,25.9352],[92.1567,25.9147],[92.1755,25.9075],[92.186,25.9167],[92.2012,25.9083],[92.223,25.9107],[92.2203,25.9001],[92.1989,25.8891],[92.1875,25.8773],[92.1772,25.8728],[92.1774,25.8516],[92.1607,25.8302],[92.1598,25.8201],[92.151,25.8158],[92.1477,25.773],[92.1555,25.7512],[92.1627,25.744],[92.1544,25.7251],[92.1443,25.7177],[92.1547,25.7063],[92.1564,25.6903],[92.1605,25.6842],[92.1561,25.6723],[92.1638,25.6671],[92.1882,25.6845],[92.1961,25.6863],[92.2162,25.7043],[92.225,25.7162],[92.2394,25.711],[92.2548,25.7127],[92.2643,25.7092],[92.2816,25.7167],[92.2929,25.7166],[92.3118,25.7279],[92.3178,25.7224],[92.3443,25.7286],[92.3547,25.7397],[92.3642,25.7375],[92.373,25.7503],[92.3976,25.7406],[92.4035,25.7442],[92.4146,25.7405],[92.4116,25.7301],[92.4303,25.7324],[92.4441,25.7199],[92.4476,25.7091],[92.4378,25.7059],[92.4403,25.6922],[92.4702,25.6752],[92.4974,25.6241],[92.5055,25.6164],[92.5338,25.6149],[92.5386,25.6117],[92.5526,25.615],[92.5556,25.6104],[92.5545,25.5856],[92.5566,25.5714],[92.5724,25.5574],[92.5823,25.5577],[92.585,25.5506],[92.5996,25.5548],[92.6024,25.5623],[92.6227,25.5658],[92.6301,25.5718],[92.6416,25.5886],[92.6533,25.5907],[92.6586,25.5778],[92.6569,25.5612],[92.6474,25.5576],[92.643,25.5485],[92.6428,25.5349],[92.6184,25.5152],[92.609,25.5119],[92.5736,25.4906],[92.5643,25.4737],[92.5665,25.4635],[92.5791,25.4715],[92.6004,25.4649],[92.5978,25.4502],[92.6045,25.4477],[92.603,25.4352],[92.6088,25.4136],[92.6185,25.4231],[92.6522,25.4293],[92.6526,25.4173],[92.6616,25.4065],[92.6674,25.4149],[92.6881,25.4022],[92.7005,25.3849],[92.7098,25.3846],[92.7171,25.373],[92.731,25.3801],[92.734,25.3677],[92.7463,25.3584],[92.7494,25.3454],[92.7624,25.3334],[92.7692,25.3381],[92.782,25.3328],[92.7867,25.314],[92.7814,25.3078],[92.7918,25.2844],[92.7877,25.2744],[92.7683,25.2667],[92.7777,25.2583],[92.7749,25.2521],[92.7618,25.2466],[92.7716,25.2301],[92.7819,25.2303],[92.8014,25.2203],[92.7949,25.2099],[92.786,25.2094],[92.7748,25.1997],[92.768,25.2035],[92.7548,25.2019],[92.7428,25.2068],[92.7371,25.2006],[92.716,25.1959],[92.701,25.1874],[92.6938,25.1793],[92.6771,25.1826],[92.6583,25.172],[92.6579,25.1589],[92.6533,25.1531],[92.6374,25.1467],[92.6278,25.1375],[92.6288,25.1263],[92.6224,25.116],[92.6054,25.1235],[92.5949,25.1223],[92.588,25.1289],[92.5681,25.1283],[92.5248,25.1353],[92.523,25.1261],[92.5388,25.1006],[92.5183,25.1063],[92.5058,25.1048],[92.4969,25.1096],[92.4809,25.1087],[92.4775,25.101],[92.4791,25.0865],[92.4686,25.0662],[92.4569,25.0542],[92.4643,25.0431],[92.4597,25.0371],[92.4384,25.0442],[92.4381,25.0347],[92.4252,25.0297],[92.4242,25.0098],[92.4161,24.992],[92.4219,24.9884],[92.4184,24.9665],[92.442,24.9663],[92.4586,24.9705],[92.4681,24.9631],[92.4482,24.9473],[92.4514,24.9385],[92.4878,24.9442],[92.4837,24.9307],[92.4875,24.9207],[92.4945,24.916],[92.4967,24.9022],[92.491,24.8916],[92.4919,24.8779],[92.4878,24.8714],[92.4758,24.8675],[92.4619,24.8733],[92.4428,24.8712],[92.4405,24.8589],[92.4242,24.853],[92.4078,24.8592],[92.4026,24.8492],[92.3869,24.8514],[92.3776,24.8632],[92.3744,24.8741],[92.3636,24.8721],[92.3547,24.8795],[92.3503,24.8893],[92.3394,24.8783],[92.3292,24.8876],[92.3272,24.8961],[92.3156,24.8953],[92.3066,24.9024],[92.2995,24.9156],[92.2867,24.9124],[92.2821,24.9061],[92.2469,24.9085],[92.2365,24.9034],[92.2365,24.892],[92.2453,24.8852],[92.2462,24.8682],[92.238,24.8685],[92.2422,24.8404],[92.2529,24.8323],[92.2682,24.8299],[92.2762,24.8156],[92.2734,24.7994],[92.2885,24.7883],[92.2879,24.7793],[92.2799,24.7664],[92.2889,24.7609],[92.2801,24.7481],[92.2812,24.7424],[92.2959,24.7366],[92.2786,24.7134],[92.2649,24.6907],[92.2544,24.6781],[92.257,24.6735],[92.2515,24.66],[92.2442,24.6291],[92.2435,24.6163],[92.239,24.6078],[92.2337,24.5848],[92.2312,24.547],[92.2234,24.5267],[92.2117,24.5045],[92.2298,24.5024],[92.2365,24.4888],[92.2287,24.4757],[92.23,24.4523],[92.2465,24.4425],[92.2538,24.4165],[92.2581,24.3889],[92.2598,24.3585],[92.2544,24.352],[92.239,24.3242],[92.239,24.3122],[92.2188,24.2857],[92.209,24.2556],[92.206,24.2385],[92.2212,24.2349],[92.2248,24.2411],[92.2369,24.2403],[92.2604,24.2484],[92.2819,24.252],[92.2923,24.2505],[92.2953,24.2526],[92.4224,24.255],[92.4185,24.2123],[92.4212,24.2013],[92.4188,24.1928],[92.4294,24.1866],[92.4345,24.174],[92.4368,24.1529],[92.4568,24.1439],[92.4649,24.1362],[92.4807,24.1505],[92.4835,24.163],[92.5014,24.1605],[92.5029,24.1673],[92.5162,24.1777],[92.5243,24.1716],[92.5341,24.1805],[92.531,24.1852],[92.5476,24.223],[92.547,24.2366],[92.5506,24.2471],[92.573,24.252],[92.6059,24.2486],[92.6122,24.2536],[92.6196,24.2876],[92.6161,24.2893],[92.6225,24.3316],[92.6353,24.3333],[92.6491,24.3287],[92.6613,24.3483],[92.6897,24.3537],[92.6912,24.3629],[92.7072,24.3871],[92.7132,24.4034],[92.7113,24.4073],[92.7226,24.428],[92.726,24.4386],[92.7404,24.4687],[92.7521,24.5063],[92.7637,24.5211],[92.7966,24.4329],[92.8018,24.4209],[92.8201,24.4038],[92.8298,24.4004],[92.8231,24.3862],[92.8261,24.3765],[92.8451,24.3798],[92.846,24.3857],[92.8617,24.3987],[92.8732,24.395],[92.8833,24.4025],[92.8987,24.391],[92.9064,24.4021],[92.907,24.4114],[92.9221,24.4026],[92.9339,24.3924],[92.9392,24.4008],[92.9532,24.4017],[92.9572,24.3922],[92.9661,24.3969],[92.9764,24.4083],[92.9994,24.4008],[93.0087,24.4118],[93.0245,24.4069],[93.0415,24.4131],[93.0431,24.4197],[93.0335,24.4271],[93.0362,24.4419],[93.0356,24.4584],[93.0463,24.4654],[93.0455,24.4762],[93.0327,24.4936],[93.0408,24.5025],[93.0372,24.5105],[93.0488,24.5183],[93.0491,24.5425],[93.0557,24.5535],[93.0649,24.5472],[93.0708,24.5596],[93.0582,24.5728],[93.0621,24.5763],[93.0891,24.5735],[93.0925,24.5812],[93.0891,24.5925],[93.0813,24.5903],[93.0711,24.6],[93.0837,24.6131],[93.0758,24.626],[93.0872,24.6298],[93.0828,24.6493],[93.0939,24.6523],[93.0964,24.6644],[93.1039,24.6738],[93.0922,24.677],[93.0905,24.6893],[93.0789,24.7047],[93.0901,24.7147],[93.0912,24.7253],[93.1071,24.7406],[93.0981,24.7542],[93.1035,24.7673],[93.105,24.7917],[93.1193,24.8076],[93.1339,24.8097],[93.1508,24.7951],[93.1706,24.802],[93.1914,24.8045],[93.1967,24.8125],[93.19,24.8187],[93.1956,24.8303],[93.1953,24.8444],[93.2099,24.8562],[93.2217,24.8703],[93.2284,24.8854],[93.227,24.893],[93.2384,24.8988],[93.2488,24.9156],[93.2448,24.9413],[93.2499,24.9552],[93.2608,24.9586],[93.2622,24.9688],[93.2496,24.98],[93.2595,25.0022],[93.2468,24.9975],[93.2417,25.004],[93.2472,25.0181],[93.266,25.0442],[93.2744,25.051],[93.2829,25.0452],[93.3054,25.0583],[93.3027,25.0645],[93.3148,25.0847],[93.3323,25.0939],[93.3373,25.1125],[93.3449,25.1232],[93.3473,25.1385],[93.3439,25.1591],[93.3477,25.1747],[93.354,25.1875],[93.3658,25.1987],[93.3659,25.2057],[93.3755,25.2202],[93.3812,25.2225],[93.3864,25.2428],[93.394,25.2552],[93.4019,25.2612],[93.4151,25.264],[93.4206,25.2777],[93.4478,25.2922],[93.4528,25.2924],[93.4704,25.3052],[93.4665,25.3119],[93.4531,25.3219],[93.4539,25.3249],[93.4564,25.3355],[93.4484,25.3404],[93.4515,25.3541],[93.4637,25.3597],[93.4724,25.3744],[93.4729,25.3861],[93.4617,25.398],[93.4592,25.4082],[93.4611,25.4218],[93.4553,25.4345],[93.4363,25.4483],[93.4155,25.4451],[93.4024,25.4509],[93.4005,25.4565],[93.3844,25.4695],[93.3891,25.4743],[93.384,25.4888],[93.369,25.4983],[93.3578,25.5131],[93.3529,25.5281],[93.3346,25.5355],[93.3266,25.5454],[93.3424,25.5599],[93.3638,25.5615],[93.3694,25.5705],[93.3792,25.5765],[93.3795,25.5841],[93.4027,25.602],[93.4013,25.611],[93.4222,25.6201],[93.4248,25.6304],[93.4494,25.6357],[93.46,25.6324],[93.4636,25.6446],[93.4813,25.6446],[93.489,25.6545],[93.4965,25.6546],[93.5064,25.6643],[93.5179,25.6819],[93.5204,25.6917],[93.5311,25.6927],[93.5429,25.7152],[93.5423,25.7308],[93.5619,25.7385],[93.5724,25.7536],[93.584,25.7644],[93.6008,25.765],[93.6041,25.774],[93.6177,25.7766],[93.6268,25.7907],[93.6391,25.8163],[93.6775,25.8279],[93.6805,25.8384],[93.6913,25.8439],[93.7008,25.8434],[93.702,25.8516],[93.6814,25.9039],[93.6942,25.9119],[93.7008,25.9108],[93.7083,25.9189],[93.735,25.9237],[93.7454,25.9399],[93.7675,25.9506],[93.77,25.96],[93.7872,25.9467],[93.7916,25.9159],[93.796,25.9035],[93.7844,25.8849],[93.7868,25.8781],[93.7843,25.8585],[93.7775,25.8486],[93.79,25.8113],[93.7954,25.809],[93.8163,25.8227],[93.8252,25.8445],[93.8451,25.8584],[93.8522,25.8583],[93.87,25.8495],[93.876,25.8426],[93.8959,25.858],[93.9019,25.8709],[93.9159,25.8838],[93.9339,25.8853],[93.9379,25.8964],[93.9516,25.8987],[93.9666,25.906],[93.9786,25.9168],[93.9779,25.9282],[93.9699,25.9369],[93.9686,25.9574],[93.9541,25.9694],[93.9591,25.9944],[93.9529,26.0031],[93.9594,26.0123],[93.9624,26.0366],[93.9849,26.0652],[93.9817,26.0823],[93.9894,26.0884],[93.9892,26.0971],[93.9971,26.107],[93.9889,26.1334],[93.9982,26.1313],[94.0038,26.143],[93.9945,26.1476],[94.0036,26.1602],[94.001,26.1724],[94.0077,26.1826],[94.0153,26.1841],[94.0217,26.1939],[94.0318,26.1975],[94.0364,26.2262],[94.0474,26.2491],[94.0571,26.2555],[94.0686,26.2579],[94.0745,26.2645],[94.0746,26.2837],[94.0842,26.2891],[94.0977,26.3021],[94.0996,26.314],[94.112,26.3181],[94.1197,26.3289],[94.1409,26.3315],[94.1715,26.3381],[94.1778,26.3462],[94.1601,26.3544],[94.171,26.3629],[94.1775,26.3821],[94.1718,26.4159],[94.174,26.4324],[94.1851,26.4585],[94.2026,26.4692],[94.2065,26.4856],[94.2212,26.4982],[94.2365,26.5062],[94.2532,26.5329],[94.2562,26.5413],[94.2706,26.5494],[94.2812,26.5487],[94.2817,26.5246],[94.286,26.5182],[94.2831,26.5051],[94.2882,26.4955],[94.2933,26.4712],[94.3152,26.4585],[94.3253,26.4817],[94.3338,26.4794],[94.3493,26.4894],[94.3546,26.5033],[94.3743,26.5075],[94.3758,26.5214],[94.3895,26.5271],[94.4034,26.5453],[94.4114,26.5728],[94.4122,26.5825],[94.4018,26.5937],[94.4042,26.6119],[94.4257,26.6172],[94.4386,26.6242],[94.4498,26.6356],[94.4618,26.6325],[94.4542,26.6505],[94.4599,26.6609],[94.4809,26.6674],[94.4926,26.666],[94.5056,26.6791],[94.5175,26.682],[94.5201,26.6982],[94.5392,26.7063],[94.5623,26.705],[94.5663,26.6903],[94.5776,26.7008],[94.5903,26.6967],[94.5973,26.7347],[94.6203,26.7235],[94.6245,26.7155],[94.6416,26.7205],[94.6529,26.7189],[94.6937,26.733],[94.7071,26.7464],[94.7483,26.7728],[94.7582,26.7661],[94.7681,26.7869],[94.7997,26.7999],[94.8037,26.8138],[94.8144,26.8196],[94.8132,26.8341],[94.8194,26.8377],[94.8175,26.8478],[94.844,26.8694],[94.8577,26.8886],[94.8659,26.9088],[94.8735,26.9176],[94.8905,26.9296],[94.9138,26.9367],[94.9239,26.9466],[94.9308,26.9327],[94.9552,26.9401],[94.9614,26.9369],[94.9682,26.9227],[94.9764,26.9214],[94.982,26.9134],[94.9912,26.9209],[95.0173,26.9214],[95.0353,26.9362],[95.0496,26.9389],[95.0706,26.9492],[95.0809,26.9502],[95.1041,26.9636],[95.1083,26.977],[95.1387,26.9949],[95.1501,26.9993],[95.1917,27.0341],[95.1946,27.0313]]]},"properties":{"ST_NM":"Assam"}},
{"type":"Feature","geometry":{"type":"Polygon","coordinates":[[[76.8381,30.7549],[76.8265,30.7635],[76.815,30.753],[76.805,30.7653],[76.8178,30.7712],[76.8105,30.7798],[76.7911,30.7688],[76.7828,30.7892],[76.7715,30.7953],[76.7608,30.7909],[76.7436,30.7762],[76.7441,30.7698],[76.7117,30.7617],[76.7055,30.7565],[76.7128,30.7413],[76.7295,30.7235],[76.73,30.7069],[76.7391,30.7058],[76.7524,30.6845],[76.764,30.6864],[76.7766,30.6704],[76.79,30.6756],[76.7969,30.6676],[76.8086,30.6674],[76.8292,30.681],[76.8286,30.6947],[76.8439,30.708],[76.8494,30.7234],[76.8455,30.7318],[76.833,30.7389],[76.8381,30.7549]]]},"properties":{"ST_NM":"Chandigarh"}},
{"type":"Feature","geometry":{"type":"Polygon","coordinates":[[[77.5514,18.2919],[77.5325,18.2989],[77.5243,18.3078],[77.5127,18.3096],[77.5089,18.3043],[77.5123,18.2845],[77.4987,18.2767],[77.4927,18.2672],[77.4814,18.2724],[77.4758,18.2647],[77.4651,18.2625],[77.4476,18.27],[77.4459,18.2838],[77.4368,18.2924],[77.4377,18.3103],[77.4284,18.3124],[77.4102,18.3016],[77.3952,18.3035],[77.3854,18.3093],[77.3658,18.3071],[77.3568,18.3202],[77.3715,18.3251],[77.3757,18.332],[77.395,18.3478],[77.399,18.3598],[77.3949,18.3684],[77.4083,18.3758],[77.4141,18.3931],[77.4002,18.402],[77.3923,18.3997],[77.3729,18.4011],[77.3684,18.4127],[77.3645,18.4345],[77.3657,18.4516],[77.3535,18.4477],[77.3453,18.4336],[77.3357,18.4423],[77.3361,18.4501],[77.327,18.4517],[77.3173,18.4433],[77.3007,18.4382],[77.2872,18.4306],[77.2791,18.4298],[77.2657,18.4223],[77.2594,18.4133],[77.2418,18.4126],[77.2348,18.3966],[77.2339,18.3879],[77.2461,18.3705],[77.2354,18.37],[77.226,18.3647],[77.2239,18.3545],[77.2295,18.3478],[77.2228,18.3397],[77.2191,18.3257],[77.2118,18.3163],[77.1988,18.3154],[77.2028,18.299],[77.2094,18.2881],[77.2071,18.2806],[77.1975,18.2766],[77.1883,18.2847],[77.1749,18.2849],[77.1716,18.2795],[77.1698,18.2609],[77.1592,18.2558],[77.1518,18.238],[77.1493,18.2214],[77.1404,18.2078],[77.128,18.2077],[77.1099,18.2037],[77.0985,18.1929],[77.1164,18.171],[77.1126,18.1568],[77.0989,18.1581],[77.0862,18.1512],[77.064,18.1506],[77.0533,18.1594],[77.0512,18.1724],[77.0332,18.182],[77.0231,18.1756],[77.0234,18.1585],[77.0082,18.1598],[76.997,18.1648],[76.9907,18.19],[76.9629,18.19],[76.952,18.1881],[76.9477,18.1664],[76.9424,18.1564],[76.9315,18.1596],[76.924,18.1466],[76.9314,18.1325],[76.9203,18.1251],[76.9206,18.1182],[76.9543,18.1105],[76.9664,18.0982],[76.9615,18.0885],[76.9453,18.0817],[76.9515,18.0657],[76.9449,18.049],[76.9524,18.0402],[76.9367,18.0369],[76.9144,18.0354],[76.9124,18.0173],[76.9057,18.0097],[76.9132,17.9969],[76.9123,17.978],[76.9173,17.9481],[76.9207,17.9416],[76.9192,17.9162],[76.9018,17.9158],[76.8935,17.8993],[76.8844,17.8945],[76.8522,17.9008],[76.832,17.8953],[76.8313,17.8856],[76.8103,17.887],[76.8081,17.8707],[76.7751,17.8777],[76.7743,17.8877],[76.7682,17.9011],[76.7413,17.8954],[76.738,17.8594],[76.7516,17.8581],[76.7675,17.8521],[76.7794,17.8363],[76.7871,17.8332],[76.7826,17.8066],[76.7755,17.7983],[76.7666,17.7985],[76.7619,17.7869],[76.751,17.7871],[76.7344,17.782],[76.721,17.7881],[76.712,17.7733],[76.7211,17.7695],[76.7184,17.7531],[76.7282,17.7373],[76.7101,17.732],[76.7044,17.723],[76.7014,17.7091],[76.6925,17.7062],[76.6942,17.6957],[76.6907,17.6835],[76.6708,17.6905],[76.6642,17.6876],[76.6598,17.7083],[76.6528,17.7221],[76.6333,17.7282],[76.629,17.7555],[76.6183,17.7677],[76.6119,17.7701],[76.6006,17.7379],[76.6003,17.7254],[76.5935,17.7224],[76.5872,17.7075],[76.5704,17.7054],[76.5679,17.7425],[76.5641,17.7506],[76.5728,17.7605],[76.563,17.7646],[76.5307,17.7583],[76.5232,17.7598],[76.5274,17.7387],[76.5241,17.7154],[76.5007,17.7184],[76.4873,17.7148],[76.4846,17.6871],[76.4867,17.6584],[76.459,17.6581],[76.4545,17.6498],[76.4293,17.645],[76.4263,17.6241],[76.4197,17.6037],[76.3818,17.6022],[76.3777,17.5979],[76.3501,17.5941],[76.3316,17.596],[76.3322,17.5744],[76.3394,17.554],[76.3416,17.5414],[76.3638,17.5363],[76.3661,17.5157],[76.3466,17.5126],[76.3434,17.5007],[76.3458,17.4925],[76.3627,17.496],[76.3747,17.4957],[76.3683,17.4832],[76.3504,17.4742],[76.3307,17.4702],[76.3335,17.4555],[76.3333,17.4339],[76.3469,17.4366],[76.3716,17.4364],[76.3693,17.4021],[76.3635,17.3777],[76.383,17.374],[76.4092,17.3714],[76.4122,17.3511],[76.3967,17.3471],[76.3852,17.3238],[76.3832,17.3145],[76.3541,17.3143],[76.3543,17.3244],[76.3454,17.3545],[76.3144,17.3484],[76.3177,17.3324],[76.2764,17.3346],[76.2721,17.3606],[76.2508,17.3604],[76.244,17.3788],[76.2286,17.3758],[76.2295,17.3652],[76.2124,17.362],[76.1963,17.3636],[76.1704,17.3524],[76.1727,17.3363],[76.1811,17.3091],[76.1764,17.3008],[76.1651,17.3033],[76.1627,17.3452],[76.1331,17.3583],[76.1198,17.3704],[76.0998,17.3647],[76.087,17.3359],[76.0722,17.3353],[76.0624,17.3545],[76.0549,17.356],[76.0378,17.3519],[76.0103,17.3524],[75.9997,17.3389],[75.9688,17.3365],[75.934,17.3227],[75.926,17.3249],[75.9068,17.3468],[75.8946,17.3508],[75.8902,17.3612],[75.895,17.3756],[75.8941,17.4012],[75.8831,17.4184],[75.8746,17.4124],[75.8753,17.3981],[75.8625,17.3861],[75.8575,17.3873],[75.8541,17.4045],[75.8495,17.4119],[75.8303,17.4218],[75.8215,17.4212],[75.8136,17.3957],[75.8141,17.3735],[75.8043,17.3678],[75.7803,17.3756],[75.7721,17.3857],[75.7652,17.4059],[75.7532,17.4071],[75.7308,17.4204],[75.7178,17.4099],[75.7053,17.4075],[75.6908,17.4095],[75.6836,17.4169],[75.6782,17.4341],[75.6786,17.4511],[75.6749,17.457],[75.6567,17.4599],[75.6482,17.4708],[75.6331,17.4772],[75.6275,17.4625],[75.6217,17.4592],[75.6133,17.4245],[75.6067,17.4204],[75.6114,17.4099],[75.6091,17.3941],[75.5937,17.3873],[75.5742,17.3833],[75.5772,17.3759],[75.5809,17.3512],[75.5952,17.3462],[75.6101,17.345],[75.6122,17.3251],[75.6038,17.3055],[75.6222,17.2954],[75.6303,17.2739],[75.6542,17.2738],[75.6578,17.2632],[75.6586,17.2387],[75.662,17.2146],[75.6556,17.2057],[75.6437,17.1986],[75.64,17.1889],[75.6285,17.1887],[75.6257,17.1772],[75.6283,17.1627],[75.6456,17.1435],[75.6496,17.1344],[75.6504,17.1157],[75.6724,17.116],[75.6734,17.0912],[75.6786,17.0784],[75.6768,17.0654],[75.6605,17.0645],[75.6504,17.0573],[75.6411,17.0376],[75.6517,17.0324],[75.6698,17.0382],[75.6661,16.9798],[75.6752,16.9656],[75.6704,16.9621],[75.6555,16.9615],[75.646,16.954],[75.6383,16.9578],[75.632,16.9707],[75.6102,16.9717],[75.6062,16.9944],[75.607,17.0046],[75.5744,17.0096],[75.5673,17.0091],[75.5662,16.9814],[75.5634,16.9676],[75.5392,16.9655],[75.5294,16.9694],[75.5097,16.9503],[75.4891,16.9444],[75.4896,16.9556],[75.4833,16.976],[75.4663,16.9813],[75.4656,16.9884],[75.4417,16.9822],[75.4279,16.9665],[75.4121,16.974],[75.3922,16.9801],[75.3686,16.972],[75.3512,16.9581],[75.3424,16.9563],[75.2797,16.9566],[75.2794,16.9234],[75.283,16.9097],[75.29,16.904],[75.2821,16.8803],[75.2648,16.8628],[75.2377,16.8679],[75.2277,16.8432],[75.213,16.8417],[75.1828,16.8432],[75.1834,16.8542],[75.1891,16.8753],[75.1766,16.8677],[75.1575,16.8683],[75.1366,16.8745],[75.1325,16.8894],[75.1349,16.8947],[75.1204,16.9025],[75.1176,16.9135],[75.0962,16.9142],[75.0919,16.9261],[75.0894,16.9516],[75.0744,16.95],[75.0643,16.9422],[75.0483,16.9425],[75.0361,16.933],[75.0287,16.9315],[75.0267,16.9441],[75.0041,16.9465],[74.9894,16.9523],[74.97,16.9501],[74.9607,16.94],[74.9594,16.9279],[74.9484,16.9388],[74.9381,16.9436],[74.9232,16.9393],[74.9219,16.9299],[74.9449,16.9106],[74.9637,16.9111],[74.9606,16.8812],[74.936,16.8792],[74.9353,16.8711],[74.9266,16.8641],[74.9016,16.8626],[74.9077,16.8502],[74.9104,16.8351],[74.9111,16.7889],[74.9198,16.7729],[74.8882,16.7713],[74.8694,16.7741],[74.8663,16.7642],[74.8499,16.7728],[74.8446,16.7618],[74.7988,16.7537],[74.7958,16.7478],[74.7748,16.7517],[74.7604,16.7413],[74.7528,16.7309],[74.7322,16.7183],[74.7058,16.7149],[74.6911,16.7155],[74.6878,16.7086],[74.69,16.6958],[74.6894,16.6767],[74.6791,16.6731],[74.6796,16.6662],[74.6652,16.6657],[74.6573,16.6431],[74.6617,16.6307],[74.6695,16.6295],[74.6888,16.6166],[74.6828,16.6061],[74.6746,16.6093],[74.6608,16.6029],[74.6427,16.6108],[74.6362,16.6074],[74.6332,16.5918],[74.6359,16.5839],[74.6225,16.5801],[74.599,16.5643],[74.5877,16.5659],[74.5832,16.5585],[74.5686,16.5539],[74.5602,16.5631],[74.5563,16.5739],[74.567,16.5854],[74.5589,16.5947],[74.5436,16.5953],[74.5428,16.6266],[74.5446,16.6355],[74.5006,16.6332],[74.4908,16.6298],[74.4753,16.6475],[74.4718,16.6641],[74.4565,16.6551],[74.4549,16.6473],[74.4659,16.6247],[74.4668,16.6068],[74.4635,16.6045],[74.4355,16.6011],[74.4264,16.5957],[74.4209,16.5861],[74.3967,16.5833],[74.3925,16.564],[74.387,16.5599],[74.3872,16.5362],[74.3788,16.5284],[74.3586,16.5395],[74.3555,16.5566],[74.3455,16.5547],[74.335,16.5479],[74.3268,16.5556],[74.3176,16.5537],[74.3161,16.5453],[74.3148,16.5042],[74.3062,16.5037],[74.2996,16.5306],[74.2917,16.5339],[74.2808,16.5315],[74.281,16.5414],[74.2706,16.548],[74.2642,16.5398],[74.2696,16.5225],[74.2762,16.5213],[74.2783,16.5049],[74.2526,16.5006],[74.2609,16.4801],[74.2745,16.4856],[74.2797,16.5048],[74.291,16.5049],[74.2923,16.4857],[74.2889,16.479],[74.2894,16.463],[74.2971,16.4645],[74.3135,16.4531],[74.3315,16.4559],[74.3298,16.4475],[74.3368,16.4288],[74.3289,16.4191],[74.3351,16.4014],[74.3449,16.4055],[74.3635,16.4055],[74.3635,16.3982],[74.3474,16.3683],[74.3393,16.391],[74.3276,16.3915],[74.3275,16.3829],[74.3191,16.3716],[74.3243,16.3574],[74.3177,16.3531],[74.3173,16.3278],[74.3247,16.3167],[74.3402,16.3029],[74.3418,16.2937],[74.3277,16.293],[74.3209,16.2845],[74.325,16.2718],[74.3342,16.2688],[74.3506,16.2755],[74.3549,16.2927],[74.3632,16.2856],[74.3684,16.2669],[74.3807,16.262],[74.3803,16.2712],[74.3861,16.2773],[74.4079,16.2833],[74.416,16.2801],[74.4177,16.258],[74.4359,16.2588],[74.4411,16.2513],[74.4549,16.2534],[74.4562,16.2439],[74.4687,16.2402],[74.4782,16.2505],[74.5032,16.2254],[74.4967,16.2123],[74.507,16.1993],[74.5071,16.1913],[74.4939,16.1865],[74.4896,16.1774],[74.4884,16.1573],[74.4806,16.149],[74.4852,16.1423],[74.4909,16.1167],[74.4913,16.1043],[74.4816,16.0889],[74.4728,16.0906],[74.4588,16.1038],[74.4402,16.1062],[74.4288,16.112],[74.41,16.1021],[74.407,16.0935],[74.3901,16.0895],[74.3918,16.0814],[74.3723,16.0782],[74.3721,16.0698],[74.365,16.0584],[74.3774,16.0551],[74.3691,16.0392],[74.3811,16.0355],[74.4022,16.0461],[74.4151,16.0557],[74.4333,16.0589],[74.4429,16.0528],[74.451,16.0536],[74.4633,16.0399],[74.4427,15.9917],[74.444,15.9864],[74.4283,15.9523],[74.4082,15.9311],[74.387,15.9052],[74.3935,15.9001],[74.3977,15.87],[74.407,15.8634],[74.4062,15.8554],[74.3976,15.8512],[74.3829,15.8601],[74.3801,15.8763],[74.3662,15.8913],[74.3629,15.8747],[74.3456,15.8623],[74.3457,15.8508],[74.3832,15.8491],[74.3841,15.8401],[74.3665,15.8259],[74.3627,15.8148],[74.3704,15.8107],[74.3706,15.7953],[74.3676,15.7858],[74.3593,15.7759],[74.3454,15.7647],[74.3231,15.7727],[74.3187,15.7584],[74.308,15.7485],[74.2858,15.7416],[74.2684,15.7548],[74.2539,15.7451],[74.2397,15.7435],[74.228,15.7561],[74.2283,15.7714],[74.2345,15.7781],[74.2278,15.7884],[74.209,15.7813],[74.2015,15.7586],[74.1896,15.7522],[74.1616,15.7513],[74.151,15.7358],[74.1419,15.7344],[74.1259,15.7241],[74.1267,15.7106],[74.1317,15.7056],[74.1317,15.6936],[74.1258,15.681],[74.1032,15.6722],[74.0914,15.6747],[74.0883,15.67],[74.1038,15.6576],[74.1184,15.652],[74.1356,15.6484],[74.1575,15.6547],[74.1645,15.6535],[74.1674,15.6721],[74.182,15.6822],[74.1869,15.6675],[74.2027,15.6632],[74.2052,15.6511],[74.2175,15.6528],[74.215,15.6626],[74.2238,15.669],[74.2387,15.6634],[74.252,15.6543],[74.2442,15.6261],[74.2538,15.6268],[74.2642,15.6159],[74.2601,15.6066],[74.2603,15.5927],[74.2488,15.5803],[74.2493,15.5679],[74.2654,15.5584],[74.2773,15.5469],[74.2823,15.5339],[74.2785,15.5175],[74.2702,15.51],[74.2523,15.4993],[74.251,15.4916],[74.2646,15.4714],[74.2755,15.4492],[74.277,15.4352],[74.2688,15.4191],[74.2784,15.4057],[74.2759,15.3916],[74.2831,15.383],[74.2988,15.382],[74.323,15.3674],[74.3161,15.36],[74.3219,15.3436],[74.3171,15.3292],[74.3245,15.3099],[74.336,15.2956],[74.3262,15.2834],[74.3078,15.283],[74.2962,15.2885],[74.2816,15.2801],[74.2714,15.2809],[74.2609,15.2599],[74.2523,15.251],[74.2596,15.2411],[74.2916,15.2339],[74.3017,15.2244],[74.3105,15.1947],[74.3161,15.1879],[74.3142,15.1804],[74.2955,15.1509],[74.2836,15.1429],[74.2849,15.1139],[74.2727,15.0975],[74.2797,15.0881],[74.2808,15.0689],[74.2896,15.0649],[74.2903,15.0536],[74.2966,15.0412],[74.2833,15.0315],[74.2833,15.0232],[74.2665,15.0068],[74.2679,15.0017],[74.2535,14.9979],[74.2519,14.9935],[74.2644,14.9786],[74.2552,14.9701],[74.2524,14.9588],[74.2372,14.9668],[74.2318,14.9534],[74.2174,14.9456],[74.1998,14.9261],[74.1915,14.9327],[74.1946,14.9396],[74.182,14.9488],[74.1793,14.9567],[74.1634,14.9582],[74.1545,14.9395],[74.166,14.9162],[74.162,14.9118],[74.1241,14.925],[74.1046,14.9126],[74.0944,14.9107],[74.0857,14.9006],[74.0959,14.8983],[74.0997,14.8816],[74.1047,14.8759],[74.1114,14.8585],[74.1121,14.8492],[74.1252,14.8367],[74.1263,14.8174],[74.1206,14.8016],[74.1024,14.8073],[74.0953,14.7999],[74.1278,14.7804],[74.1413,14.7794],[74.1559,14.7629],[74.1507,14.7497],[74.1747,14.7517],[74.1931,14.7345],[74.1918,14.7273],[74.2068,14.7184],[74.2058,14.7286],[74.2181,14.737],[74.2267,14.7376],[74.2285,14.7476],[74.2388,14.7468],[74.25,14.7395],[74.2628,14.7198],[74.2597,14.7085],[74.269,14.7033],[74.28,14.6831],[74.2826,14.6737],[74.2758,14.667],[74.2857,14.6394],[74.2782,14.6192],[74.2803,14.6104],[74.2932,14.5969],[74.3151,14.5434],[74.3164,14.5193],[74.3266,14.5155],[74.3368,14.5191],[74.3554,14.5089],[74.3697,14.4799],[74.3836,14.4391],[74.3842,14.4195],[74.3945,14.4185],[74.4049,14.3752],[74.4066,14.3536],[74.4131,14.3266],[74.4131,14.3176],[74.4432,14.2289],[74.4527,14.2072],[74.4534,14.2004],[74.4652,14.1994],[74.4695,14.1882],[74.4878,14.1062],[74.4858,14.0947],[74.4919,14.0805],[74.501,14.042],[74.5012,14.0233],[74.5134,13.9969],[74.5151,13.9869],[74.532,13.9687],[74.5392,13.9651],[74.5516,13.9496],[74.57,13.9466],[74.5797,13.926],[74.5853,13.9223],[74.591,13.908],[74.5959,13.8857],[74.6021,13.8733],[74.6093,13.8682],[74.6094,13.8606],[74.6189,13.8266],[74.6296,13.7799],[74.6378,13.7367],[74.6449,13.6928],[74.645,13.6854],[74.6519,13.6656],[74.6638,13.6524],[74.6794,13.5662],[74.6869,13.5028],[74.6895,13.4646],[74.693,13.4586],[74.6942,13.4296],[74.6973,13.397],[74.6958,13.3712],[74.6997,13.3429],[74.7104,13.3319],[74.7175,13.3109],[74.7198,13.286],[74.732,13.2498],[74.7441,13.1938],[74.7503,13.1797],[74.7647,13.1234],[74.785,13.0303],[74.7892,13.0042],[74.793,12.998],[74.8122,12.9001],[74.824,12.8514],[74.835,12.8286],[74.8465,12.7962],[74.8555,12.7841],[74.8648,12.7604],[74.8696,12.7607],[74.8823,12.7541],[74.8931,12.7625],[74.8995,12.763],[74.9275,12.7787],[74.9418,12.7801],[74.9582,12.7847],[74.9684,12.7764],[74.982,12.7797],[74.9921,12.7883],[75.0022,12.7919],[75.0062,12.7709],[75.005,12.7616],[74.9976,12.7576],[74.9825,12.7385],[74.9924,12.7387],[74.9992,12.7318],[75.0112,12.728],[75.001,12.7155],[75.0153,12.7134],[75.0339,12.7226],[75.0503,12.7195],[75.0496,12.7047],[75.0548,12.6947],[75.0426,12.6935],[75.0397,12.6862],[75.0424,12.6721],[75.0476,12.6676],[75.0591,12.6707],[75.0662,12.6634],[75.0732,12.6709],[75.0864,12.6753],[75.0843,12.6967],[75.0915,12.7011],[75.1051,12.6984],[75.1107,12.6831],[75.1331,12.6746],[75.1432,12.6772],[75.161,12.673],[75.1436,12.6418],[75.1541,12.6239],[75.1724,12.6229],[75.1822,12.6317],[75.2019,12.6286],[75.198,12.6157],[75.2092,12.6015],[75.2072,12.5923],[75.2118,12.5794],[75.2203,12.5682],[75.2375,12.5684],[75.2373,12.576],[75.2492,12.5835],[75.2613,12.5977],[75.2643,12.6124],[75.2755,12.6198],[75.2982,12.6072],[75.3134,12.5923],[75.3272,12.5923],[75.3256,12.5827],[75.3109,12.5779],[75.2897,12.5839],[75.2839,12.5708],[75.2721,12.5702],[75.2697,12.5496],[75.2739,12.5345],[75.2801,12.5242],[75.2912,12.5257],[75.303,12.5227],[75.3042,12.5033],[75.3145,12.4975],[75.3322,12.4996],[75.3366,12.4891],[75.3353,12.4783],[75.3407,12.4704],[75.3363,12.4642],[75.3586,12.4643],[75.3722,12.477],[75.3684,12.4923],[75.3819,12.5021],[75.4027,12.4981],[75.4114,12.5019],[75.4179,12.4976],[75.4233,12.4668],[75.4133,12.4586],[75.3927,12.4547],[75.375,12.4597],[75.3705,12.4566],[75.3713,12.439],[75.3659,12.412],[75.3797,12.3921],[75.3868,12.3923],[75.3983,12.3816],[75.4135,12.3801],[75.4219,12.3727],[75.4196,12.357],[75.4109,12.346],[75.4236,12.3139],[75.4312,12.308],[75.4154,12.2882],[75.4263,12.2872],[75.4327,12.2934],[75.4507,12.2932],[75.4653,12.2894],[75.4749,12.2961],[75.4849,12.29],[75.4939,12.2729],[75.5054,12.2708],[75.5116,12.2531],[75.5196,12.2458],[75.5268,12.225],[75.5398,12.2157],[75.5322,12.2012],[75.5408,12.2005],[75.5594,12.1762],[75.5699,12.1718],[75.577,12.1569],[75.5906,12.1512],[75.6209,12.1552],[75.6359,12.1485],[75.6432,12.138],[75.6442,12.1244],[75.6489,12.1086],[75.6673,12.0966],[75.6768,12.0974],[75.6872,12.1103],[75.7033,12.1083],[75.7021,12.0927],[75.7174,12.0864],[75.7147,12.0705],[75.7277,12.0726],[75.7361,12.079],[75.7504,12.0843],[75.786,12.0849],[75.8027,12.0795],[75.7978,12.0515],[75.8011,12.037],[75.8108,12.0288],[75.8228,12.0129],[75.8256,11.992],[75.83,11.9841],[75.8469,11.9821],[75.8585,11.9589],[75.8798,11.949],[75.8866,11.9505],[75.8968,11.9448],[75.9135,11.9462],[75.9307,11.9391],[75.9564,11.942],[75.9764,11.9338],[75.9904,11.9348],[76.0032,11.9315],[76.0075,11.9393],[76.0222,11.9441],[76.0335,11.9403],[76.0446,11.9505],[76.0519,11.9515],[76.0701,11.9672],[76.0897,11.9675],[76.1125,11.9788],[76.1134,11.895],[76.1117,11.8877],[76.1149,11.8667],[76.1128,11.8585],[76.12,11.8504],[76.1309,11.8533],[76.1461,11.8671],[76.1575,11.8706],[76.1648,11.8676],[76.1735,11.8713],[76.1904,11.8713],[76.2069,11.862],[76.2129,11.8421],[76.2097,11.8282],[76.2185,11.8139],[76.227,11.8062],[76.249,11.8036],[76.2584,11.8088],[76.2802,11.8124],[76.2883,11.7952],[76.3077,11.7849],[76.3111,11.768],[76.3189,11.7509],[76.3291,11.7484],[76.3397,11.7391],[76.3525,11.7384],[76.3624,11.7482],[76.377,11.7446],[76.3934,11.7551],[76.3976,11.751],[76.4111,11.7582],[76.4133,11.7402],[76.4221,11.7384],[76.4274,11.7261],[76.4247,11.721],[76.408,11.7149],[76.412,11.6948],[76.4085,11.6896],[76.4167,11.6718],[76.4313,11.6665],[76.4434,11.6637],[76.4566,11.6646],[76.475,11.6818],[76.5116,11.7051],[76.5388,11.6896],[76.5513,11.6724],[76.5494,11.6654],[76.5533,11.6486],[76.5612,11.6328],[76.5596,11.6253],[76.5696,11.6182],[76.5832,11.6139],[76.5896,11.6178],[76.5976,11.6108],[76.6136,11.6078],[76.629,11.6137],[76.6501,11.6136],[76.6714,11.616],[76.6845,11.6141],[76.7027,11.616],[76.7485,11.6142],[76.7569,11.6186],[76.7747,11.6125],[76.7915,11.6129],[76.7956,11.6088],[76.8228,11.6082],[76.8397,11.597],[76.8564,11.5994],[76.8581,11.6141],[76.851,11.616],[76.8455,11.6323],[76.8346,11.6398],[76.8337,11.6491],[76.8418,11.6622],[76.85,11.6867],[76.862,11.7043],[76.8626,11.7111],[76.8742,11.7242],[76.8883,11.7338],[76.888,11.7418],[76.8958,11.7579],[76.8966,11.7766],[76.9088,11.7952],[76.9221,11.7919],[76.932,11.7929],[76.9441,11.788],[76.956,11.7913],[76.9611,11.7817],[76.9699,11.777],[76.9832,11.8011],[76.9829,11.812],[76.9935,11.8093],[77.0129,11.8147],[77.0298,11.8048],[77.0387,11.794],[77.0288,11.7748],[77.0351,11.7699],[77.04,11.7807],[77.0504,11.7897],[77.0629,11.7905],[77.0689,11.7844],[77.0564,11.7699],[77.071,11.7514],[77.0827,11.7399],[77.105,11.7329],[77.1179,11.7225],[77.1119,11.7426],[77.1126,11.7657],[77.1107,11.7736],[77.138,11.7728],[77.147,11.782],[77.182,11.7864],[77.1892,11.7926],[77.2175,11.7954],[77.2386,11.7948],[77.2496,11.8043],[77.2498,11.8131],[77.2879,11.8005],[77.2938,11.8091],[77.3126,11.7936],[77.3268,11.7763],[77.3351,11.7713],[77.3599,11.78],[77.3692,11.7869],[77.388,11.7886],[77.3955,11.7862],[77.428,11.7671],[77.4338,11.7782],[77.4421,11.7837],[77.4498,11.7961],[77.4521,11.8131],[77.4576,11.8299],[77.4664,11.8464],[77.4619,11.8529],[77.4654,11.8752],[77.4604,11.8817],[77.4636,11.8956],[77.4741,11.8951],[77.4905,11.9086],[77.4928,11.9414],[77.5036,11.9412],[77.5379,11.9325],[77.5425,11.9383],[77.561,11.942],[77.5753,11.9366],[77.5935,11.9403],[77.6043,11.938],[77.624,11.9474],[77.646,11.95],[77.669,11.9492],[77.6745,11.954],[77.678,11.974],[77.6963,12.0158],[77.7266,12.0612],[77.7557,12.0798],[77.7677,12.1067],[77.7755,12.1185],[77.7572,12.1305],[77.7472,12.1432],[77.7471,12.155],[77.7354,12.1696],[77.7313,12.1801],[77.6973,12.1856],[77.6551,12.1995],[77.64,12.1965],[77.6298,12.2023],[77.6209,12.1999],[77.6125,12.206],[77.5994,12.2003],[77.5825,12.1982],[77.5748,12.2009],[77.5633,12.1966],[77.5479,12.2044],[77.5352,12.1985],[77.5187,12.1945],[77.493,12.1973],[77.4857,12.2041],[77.4722,12.21],[77.4826,12.2303],[77.4785,12.2401],[77.4711,12.2436],[77.4782,12.2593],[77.479,12.2713],[77.4876,12.2806],[77.5011,12.2823],[77.5085,12.276],[77.5271,12.2788],[77.5327,12.2913],[77.5513,12.2913],[77.5579,12.3057],[77.5656,12.3061],[77.5786,12.3358],[77.5915,12.3402],[77.6009,12.3586],[77.613,12.3612],[77.6205,12.3826],[77.6233,12.4123],[77.6295,12.4183],[77.6261,12.4308],[77.629,12.4453],[77.6272,12.4585],[77.6323,12.4717],[77.6348,12.4869],[77.6261,12.4964],[77.6165,12.4829],[77.6074,12.4752],[77.5959,12.4749],[77.5837,12.4789],[77.6024,12.4972],[77.615,12.5042],[77.6111,12.5143],[77.5872,12.5148],[77.5885,12.5267],[77.5864,12.5458],[77.5803,12.5516],[77.5793,12.5731],[77.5914,12.5921],[77.591,12.6153],[77.5956,12.6224],[77.606,12.6281],[77.5961,12.6503],[77.5989,12.6672],[77.6239,12.674],[77.6379,12.6758],[77.6599,12.6839],[77.6764,12.6795],[77.6786,12.6604],[77.6899,12.659],[77.7042,12.6615],[77.7109,12.6671],[77.7116,12.6832],[77.7227,12.6797],[77.7238,12.672],[77.7404,12.6737],[77.741,12.6858],[77.7349,12.6921],[77.7399,12.6999],[77.7608,12.6971],[77.7657,12.7138],[77.7744,12.7243],[77.7616,12.7273],[77.7683,12.7401],[77.7835,12.7413],[77.7916,12.7467],[77.7943,12.7578],[77.7788,12.7681],[77.7992,12.7957],[77.8068,12.7942],[77.8021,12.8171],[77.8099,12.8316],[77.7959,12.8346],[77.7924,12.8422],[77.7991,12.8516],[77.8079,12.8477],[77.8164,12.8562],[77.8324,12.8621],[77.836,12.8704],[77.8759,12.8669],[77.8903,12.8697],[77.8949,12.8786],[77.9084,12.8789],[77.9087,12.8849],[77.9219,12.8848],[77.9293,12.891],[77.9389,12.8726],[77.9366,12.8669],[77.9228,12.8556],[77.9173,12.838],[77.9343,12.8231],[77.9407,12.8234],[77.9464,12.8397],[77.9406,12.8453],[77.9439,12.8579],[77.9527,12.8503],[77.9653,12.8482],[77.9643,12.8329],[77.9804,12.835],[77.979,12.8275],[77.9898,12.8216],[77.9885,12.8082],[78.0067,12.8085],[78.0153,12.8138],[78.0043,12.8234],[78.0106,12.831],[78.0183,12.8311],[78.0307,12.8525],[78.0504,12.8488],[78.0765,12.8397],[78.0738,12.8306],[78.0862,12.832],[78.0901,12.8174],[78.1093,12.8045],[78.1203,12.8018],[78.1344,12.7819],[78.1448,12.7811],[78.1676,12.7701],[78.1774,12.776],[78.2026,12.7712],[78.2128,12.7651],[78.2242,12.7658],[78.2309,12.7607],[78.239,12.7684],[78.2456,12.7883],[78.2523,12.829],[78.2522,12.8606],[78.2657,12.8624],[78.2717,12.867],[78.2821,12.8594],[78.3124,12.8586],[78.3136,12.8765],[78.331,12.8756],[78.338,12.8863],[78.3217,12.8856],[78.3295,12.9022],[78.3397,12.9032],[78.3466,12.9141],[78.3497,12.9358],[78.3602,12.937],[78.3782,12.9139],[78.3887,12.9069],[78.3972,12.9087],[78.3986,12.9174],[78.4122,12.9033],[78.4286,12.9021],[78.4388,12.9137],[78.4472,12.8923],[78.4681,12.8794],[78.4683,12.9009],[78.4476,12.9183],[78.438,12.9291],[78.4282,12.9321],[78.4181,12.9231],[78.4121,12.9436],[78.4215,12.9547],[78.4364,12.9644],[78.4325,12.9695],[78.4353,12.9811],[78.4674,12.9751],[78.4748,12.9915],[78.4636,13.0054],[78.4647,13.0197],[78.4614,13.0257],[78.4622,13.0433],[78.4742,13.0438],[78.4785,13.0546],[78.4873,13.0524],[78.4984,13.0613],[78.5142,13.0619],[78.5156,13.0677],[78.5086,13.0791],[78.5102,13.0927],[78.5204,13.096],[78.5328,13.1096],[78.5185,13.1199],[78.5166,13.1304],[78.5261,13.1341],[78.5312,13.1414],[78.5435,13.1415],[78.5483,13.1486],[78.5408,13.1535],[78.5501,13.1642],[78.5682,13.1618],[78.5773,13.1719],[78.576,13.1867],[78.5664,13.1919],[78.5497,13.1897],[78.55,13.2002],[78.5678,13.2016],[78.5711,13.2121],[78.5664,13.2209],[78.5703,13.2476],[78.5849,13.2616],[78.5873,13.2807],[78.5786,13.2804],[78.5775,13.2953],[78.565,13.2955],[78.5536,13.2833],[78.5393,13.2879],[78.5364,13.2725],[78.5266,13.2685],[78.514,13.2906],[78.5054,13.2911],[78.4967,13.2987],[78.4793,13.3013],[78.4837,13.3144],[78.4769,13.3227],[78.4666,13.3152],[78.4442,13.3082],[78.4404,13.3285],[78.4279,13.3313],[78.4189,13.3206],[78.4011,13.3155],[78.3871,13.3318],[78.3771,13.332],[78.383,13.3436],[78.393,13.3338],[78.4073,13.3376],[78.4084,13.3457],[78.3776,13.3632],[78.3651,13.3618],[78.369,13.3732],[78.3788,13.3837],[78.3817,13.397],[78.3807,13.4189],[78.3774,13.4241],[78.3745,13.462],[78.3708,13.4696],[78.3788,13.4821],[78.3779,13.503],[78.3744,13.5091],[78.3833,13.5156],[78.3824,13.5251],[78.3942,13.5413],[78.3938,13.5523],[78.4067,13.5769],[78.4022,13.5873],[78.3852,13.5922],[78.3506,13.5869],[78.3466,13.5905],[78.3259,13.5949],[78.3152,13.5915],[78.2695,13.5878],[78.2593,13.585],[78.2437,13.5976],[78.2341,13.5976],[78.2296,13.5871],[78.2163,13.5913],[78.2129,13.5813],[78.2029,13.5688],[78.193,13.5649],[78.1896,13.5753],[78.1902,13.5902],[78.2036,13.6081],[78.2042,13.6285],[78.175,13.6307],[78.167,13.6367],[78.1691,13.654],[78.1554,13.6582],[78.1339,13.6595],[78.1256,13.6559],[78.1143,13.6574],[78.1022,13.6511],[78.0989,13.6428],[78.0871,13.6431],[78.0897,13.6591],[78.0664,13.6764],[78.0736,13.6878],[78.074,13.6983],[78.0859,13.6922],[78.1132,13.6928],[78.1147,13.7035],[78.1208,13.7157],[78.1058,13.735],[78.0915,13.7423],[78.0999,13.7585],[78.1138,13.7635],[78.1265,13.7885],[78.1148,13.812],[78.1255,13.8321],[78.1236,13.8454],[78.1165,13.8519],[78.1148,13.8629],[78.0829,13.8626],[78.079,13.8812],[78.0643,13.8867],[78.0489,13.8961],[78.0511,13.8807],[78.0462,13.8622],[78.0166,13.8656],[78.0116,13.872],[78.0005,13.873],[77.9921,13.8689],[77.9763,13.8298],[77.9559,13.831],[77.9529,13.8566],[77.9491,13.8707],[77.9522,13.8903],[77.9844,13.8976],[77.9825,13.9234],[77.9803,13.9275],[77.9875,13.9555],[77.9674,13.9602],[77.96,13.9406],[77.9462,13.9354],[77.9362,13.9174],[77.9268,13.9054],[77.918,13.9069],[77.8955,13.926],[77.8957,13.9411],[77.8686,13.9361],[77.8548,13.9382],[77.8377,13.9362],[77.8266,13.9448],[77.8144,13.9308],[77.8135,13.9147],[77.8194,13.9001],[77.8311,13.8972],[77.8371,13.8698],[77.8169,13.8602],[77.8085,13.8506],[77.7915,13.8487],[77.7822,13.8439],[77.7888,13.8232],[77.7816,13.8191],[77.7641,13.8173],[77.7479,13.8104],[77.7407,13.8125],[77.7316,13.8076],[77.7187,13.7841],[77.7222,13.7687],[77.7151,13.7438],[77.7085,13.7411],[77.7033,13.7698],[77.6952,13.7707],[77.6749,13.7605],[77.6814,13.7792],[77.6698,13.784],[77.6513,13.7841],[77.6469,13.7793],[77.6211,13.7685],[77.6188,13.755],[77.6296,13.7542],[77.6422,13.7468],[77.6417,13.7423],[77.6244,13.7353],[77.6136,13.752],[77.596,13.7482],[77.5868,13.7335],[77.5717,13.7382],[77.5648,13.7262],[77.5591,13.7233],[77.5493,13.7407],[77.548,13.7523],[77.5407,13.756],[77.5254,13.7533],[77.522,13.7446],[77.5366,13.7306],[77.5337,13.7049],[77.5283,13.6931],[77.5124,13.6973],[77.5142,13.7133],[77.485,13.7148],[77.4921,13.6899],[77.4553,13.6823],[77.4501,13.7109],[77.4651,13.7109],[77.4634,13.723],[77.4706,13.7581],[77.4644,13.7683],[77.4565,13.7888],[77.4609,13.803],[77.4453,13.8111],[77.437,13.7967],[77.4226,13.7991],[77.4287,13.8068],[77.417,13.8106],[77.4277,13.8327],[77.4268,13.8412],[77.4155,13.8398],[77.3794,13.8409],[77.3748,13.8523],[77.3624,13.8543],[77.3368,13.8328],[77.3254,13.8333],[77.3215,13.856],[77.3165,13.8633],[77.3036,13.8621],[77.2949,13.8574],[77.2902,13.8483],[77.2803,13.8511],[77.2567,13.8466],[77.2591,13.8632],[77.2476,13.8688],[77.2447,13.8833],[77.2483,13.9013],[77.2307,13.9034],[77.23,13.892],[77.2199,13.8678],[77.2104,13.8795],[77.2004,13.8631],[77.1814,13.8699],[77.1853,13.8756],[77.1862,13.8948],[77.1908,13.9119],[77.1847,13.9252],[77.1699,13.9207],[77.1619,13.9067],[77.1621,13.8991],[77.1688,13.8896],[77.1714,13.8712],[77.1686,13.8645],[77.1476,13.8685],[77.136,13.8566],[77.1322,13.8462],[77.156,13.8444],[77.1537,13.8342],[77.1655,13.8332],[77.1677,13.8213],[77.1627,13.8169],[77.1629,13.7985],[77.1789,13.7816],[77.1731,13.7621],[77.1511,13.7662],[77.1409,13.7651],[77.1368,13.7583],[77.106,13.7678],[77.0904,13.7672],[77.0855,13.7624],[77.0856,13.7425],[77.0647,13.7439],[77.0575,13.753],[77.0434,13.7778],[77.0245,13.7793],[77.024,13.7684],[77.0174,13.7561],[77.0163,13.7385],[76.9969,13.7478],[76.9929,13.7708],[76.9852,13.7908],[76.9918,13.8045],[76.9897,13.813],[76.9764,13.8174],[76.978,13.8269],[76.9904,13.8377],[76.9922,13.849],[77.0065,13.8521],[77.0142,13.8604],[77.0185,13.8726],[77.0163,13.8844],[77.0233,13.896],[77.023,13.9026],[77.0473,13.9066],[77.0417,13.9335],[77.0244,13.94],[77.0142,13.9549],[76.9938,13.9626],[77.0003,13.9895],[76.9654,14.0115],[76.95,14.0151],[76.9442,14.0292],[76.9352,14.0328],[76.9324,14.054],[76.9519,14.0538],[76.9717,14.0581],[76.9765,14.0653],[76.9735,14.0836],[76.9594,14.0917],[76.9534,14.0992],[76.9443,14.1208],[76.925,14.1371],[76.9176,14.1289],[76.9048,14.1337],[76.8895,14.1357],[76.8945,14.1678],[76.9219,14.1695],[76.9424,14.1734],[76.9476,14.1982],[76.9606,14.1818],[76.9813,14.1789],[77.0055,14.184],[77.026,14.1748],[77.0204,14.1572],[77.0202,14.1313],[77.0241,14.1126],[77.0147,14.1],[77.0298,14.0882],[77.0256,14.0662],[77.0316,14.0569],[77.0416,14.0569],[77.0689,14.0521],[77.0753,14.0435],[77.0951,14.0425],[77.1024,14.0453],[77.1274,14.0471],[77.1318,14.044],[77.1364,14.0229],[77.1417,14.0132],[77.1411,14.0039],[77.1513,14.0007],[77.1728,14.0011],[77.171,14.012],[77.1877,14.0117],[77.2051,14.0084],[77.2198,14.0136],[77.2454,14.012],[77.2606,14.0289],[77.2773,14.0347],[77.2793,14.0261],[77.275,14.0113],[77.2983,14.0216],[77.3066,14.032],[77.3222,14.03],[77.3278,14.0155],[77.3369,14.0045],[77.3356,13.9981],[77.3611,13.9909],[77.3495,13.9582],[77.368,13.9503],[77.3552,13.9308],[77.3478,13.916],[77.3544,13.9042],[77.37,13.9032],[77.3979,13.9062],[77.4055,13.8895],[77.4106,13.8964],[77.4205,13.8994],[77.435,13.915],[77.4349,13.9197],[77.4159,13.9242],[77.4121,13.9456],[77.4307,13.9451],[77.4376,13.9555],[77.4349,13.9653],[77.4379,13.9756],[77.4285,13.9792],[77.4259,13.9862],[77.3957,13.9838],[77.3816,13.9763],[77.3797,13.9899],[77.3858,14.0012],[77.3849,14.0161],[77.3323,14.0307],[77.3405,14.0602],[77.36,14.0623],[77.3637,14.073],[77.3736,14.077],[77.3813,14.0979],[77.3879,14.0987],[77.3976,14.1096],[77.401,14.1202],[77.3906,14.1267],[77.3617,14.1154],[77.3475,14.1037],[77.3515,14.1204],[77.3567,14.1302],[77.3789,14.1359],[77.3851,14.1533],[77.3949,14.1608],[77.3937,14.1743],[77.4163,14.1764],[77.4303,14.1709],[77.467,14.1717],[77.4681,14.1649],[77.4808,14.1648],[77.5035,14.1572],[77.517,14.1861],[77.5048,14.1937],[77.5033,14.2106],[77.4945,14.2243],[77.5039,14.2638],[77.4983,14.2789],[77.4871,14.2818],[77.4789,14.2922],[77.4661,14.2831],[77.4562,14.2799],[77.4481,14.2826],[77.4452,14.2953],[77.4462,14.3175],[77.4315,14.3129],[77.4283,14.3243],[77.4121,14.3365],[77.3942,14.3366],[77.379,14.3228],[77.377,14.3076],[77.3824,14.299],[77.3887,14.2696],[77.4054,14.2667],[77.4097,14.2512],[77.4097,14.232],[77.4177,14.2259],[77.4183,14.2091],[77.3926,14.1989],[77.3831,14.2081],[77.3842,14.221],[77.3776,14.2281],[77.3595,14.234],[77.3634,14.2524],[77.3638,14.2759],[77.3391,14.2769],[77.3054,14.2835],[77.2893,14.2813],[77.2829,14.2861],[77.288,14.2988],[77.2886,14.3272],[77.2866,14.3401],[77.2693,14.3321],[77.2577,14.3302],[77.2461,14.3175],[77.2287,14.3212],[77.2135,14.3188],[77.1974,14.3212],[77.1839,14.3326],[77.1693,14.3355],[77.1668,14.3422],[77.1537,14.3394],[77.1389,14.34],[77.1363,14.3231],[77.1299,14.3055],[77.1155,14.2922],[77.1155,14.2743],[77.1105,14.2687],[77.1183,14.2449],[77.1149,14.2232],[77.1008,14.2172],[77.0812,14.2142],[77.0763,14.223],[77.0618,14.2295],[77.0525,14.2455],[77.0361,14.2468],[77.0304,14.2423],[77.0057,14.2358],[76.9856,14.2474],[76.9698,14.2434],[76.952,14.2419],[76.9401,14.2446],[76.9345,14.2619],[76.9249,14.2738],[76.9567,14.2944],[76.9457,14.3132],[76.9272,14.3146],[76.9034,14.3227],[76.8923,14.3413],[76.8848,14.3476],[76.8848,14.3957],[76.8987,14.398],[76.9158,14.4207],[76.9373,14.4064],[76.9478,14.4132],[76.946,14.4526],[76.9599,14.4506],[76.9683,14.4618],[76.9755,14.4779],[76.9748,14.4854],[76.95,14.4868],[76.9209,14.4906],[76.9007,14.4892],[76.8843,14.4771],[76.868,14.4741],[76.8556,14.5096],[76.8347,14.5223],[76.8328,14.5291],[76.8223,14.5274],[76.8052,14.5375],[76.7915,14.5544],[76.7803,14.5931],[76.765,14.6022],[76.7669,14.6183],[76.7725,14.6391],[76.7746,14.6758],[76.7763,14.6832],[76.7862,14.6958],[76.7865,14.7085],[76.803,14.7419],[76.7896,14.7601],[76.789,14.7723],[76.7827,14.786],[76.803,14.7856],[76.8177,14.7876],[76.8191,14.7931],[76.8368,14.7908],[76.8374,14.8106],[76.8515,14.8086],[76.8546,14.8181],[76.846,14.8221],[76.843,14.8377],[76.8538,14.8427],[76.8546,14.856],[76.8525,14.887],[76.8474,14.896],[76.8639,14.8956],[76.8696,14.9377],[76.8661,14.9576],[76.8675,14.9699],[76.842,14.9664],[76.8285,14.9565],[76.8183,14.9695],[76.7963,14.9692],[76.7776,14.9755],[76.7672,14.9749],[76.7606,14.9899],[76.7724,14.9909],[76.7788,15.0046],[76.7878,15.0093],[76.7902,15.0207],[76.7858,15.0372],[76.7804,15.0427],[76.7736,15.0592],[76.7753,15.0723],[76.7822,15.0774],[76.7861,15.0878],[76.8021,15.095],[76.8238,15.08],[76.836,15.0793],[76.8615,15.062],[76.8694,15.0531],[76.8779,15.0355],[76.8939,15.0369],[76.9072,15.0325],[76.9184,15.0356],[76.9329,15.0296],[76.9496,15.0304],[76.9659,15.0181],[76.9852,15.0152],[76.9861,15.0265],[77.0041,15.0339],[77.036,15.0313],[77.0496,15.0331],[77.0506,15.0253],[77.0441,15.0099],[77.069,15.0048],[77.0825,15.0061],[77.0848,15.0307],[77.0937,15.0362],[77.113,15.0341],[77.1153,15.0464],[77.1282,15.0723],[77.1301,15.1008],[77.1421,15.1046],[77.1502,15.1116],[77.1564,15.123],[77.1573,15.1405],[77.138,15.1435],[77.1347,15.1483],[77.1408,15.1586],[77.1629,15.1574],[77.1692,15.1714],[77.1662,15.1884],[77.1548,15.2148],[77.1442,15.224],[77.1251,15.227],[77.1264,15.2405],[77.1362,15.241],[77.1438,15.2572],[77.1677,15.2585],[77.1519,15.2754],[77.1516,15.2925],[77.1183,15.2954],[77.117,15.3258],[77.1131,15.3337],[77.1015,15.3337],[77.0744,15.3259],[77.0638,15.328],[77.0659,15.3408],[77.0591,15.349],[77.0448,15.3557],[77.0414,15.371],[77.0473,15.39],[77.0314,15.4011],[77.029,15.4077],[77.0352,15.4232],[77.032,15.4356],[77.0108,15.4488],[76.9973,15.478],[76.9771,15.4898],[76.9746,15.5105],[76.9907,15.5061],[77.0289,15.5005],[77.0312,15.5059],[77.0313,15.5441],[77.0263,15.5776],[77.0326,15.6039],[77.0305,15.6345],[77.0718,15.6467],[77.0832,15.6592],[77.1027,15.6466],[77.1084,15.6379],[77.1215,15.6311],[77.1289,15.6659],[77.1134,15.6757],[77.1093,15.6815],[77.0787,15.6952],[77.0874,15.7155],[77.0789,15.7163],[77.0798,15.7274],[77.0491,15.7303],[77.046,15.7404],[77.048,15.7562],[77.0543,15.7562],[77.061,15.7863],[77.068,15.7958],[77.0638,15.8032],[77.0657,15.8215],[77.0632,15.8296],[77.0359,15.8296],[77.0252,15.8375],[77.0354,15.8611],[77.0569,15.8833],[77.0702,15.9078],[77.0846,15.9187],[77.1026,15.9287],[77.1374,15.9382],[77.1432,15.9447],[77.1594,15.9509],[77.176,15.9515],[77.1853,15.9568],[77.2062,15.9551],[77.2173,15.9578],[77.2355,15.9572],[77.2489,15.9646],[77.2832,15.9542],[77.3011,15.958],[77.3261,15.95],[77.3492,15.9513],[77.3672,15.9473],[77.3795,15.9398],[77.3977,15.9445],[77.4163,15.9424],[77.4274,15.949],[77.4351,15.9478],[77.466,15.9345],[77.4988,15.9332],[77.5135,15.9268],[77.5198,15.9669],[77.5097,15.9803],[77.5141,16.0081],[77.5044,16.0114],[77.5044,16.0182],[77.494,16.037],[77.5026,16.0588],[77.5069,16.079],[77.4938,16.0872],[77.501,16.1062],[77.5088,16.1092],[77.4989,16.1208],[77.4898,16.1196],[77.4916,16.135],[77.4906,16.1603],[77.4862,16.163],[77.4921,16.1865],[77.4993,16.1978],[77.4998,16.2178],[77.5028,16.2237],[77.515,16.222],[77.5145,16.2305],[77.4924,16.2293],[77.493,16.2441],[77.4901,16.2553],[77.5013,16.2616],[77.5048,16.2758],[77.5219,16.278],[77.5384,16.2709],[77.5451,16.2917],[77.5688,16.3033],[77.582,16.2914],[77.5977,16.2928],[77.5922,16.3044],[77.5956,16.3168],[77.5882,16.3328],[77.594,16.3439],[77.5734,16.3408],[77.5538,16.3496],[77.5461,16.3569],[77.5311,16.3643],[77.5227,16.3762],[77.5144,16.375],[77.4897,16.385],[77.4391,16.3801],[77.4227,16.3664],[77.401,16.3717],[77.3787,16.3854],[77.3497,16.3837],[77.3366,16.3939],[77.3171,16.3974],[77.2882,16.4087],[77.269,16.4305],[77.2621,16.4519],[77.2444,16.4633],[77.2397,16.476],[77.2642,16.4726],[77.2941,16.4767],[77.2989,16.4961],[77.3207,16.4921],[77.3296,16.4859],[77.3546,16.4889],[77.369,16.4887],[77.3701,16.5046],[77.3815,16.5157],[77.4042,16.5214],[77.4169,16.5173],[77.4191,16.5489],[77.4038,16.5512],[77.3975,16.5648],[77.4036,16.5718],[77.4154,16.5675],[77.4238,16.5689],[77.4397,16.5872],[77.4611,16.5849],[77.4622,16.5972],[77.4678,16.6098],[77.4582,16.6107],[77.4553,16.622],[77.4642,16.6286],[77.4747,16.6521],[77.4624,16.6543],[77.4565,16.6468],[77.4442,16.6393],[77.4277,16.6562],[77.419,16.6585],[77.4189,16.6686],[77.4426,16.6699],[77.4478,16.6793],[77.4639,16.6763],[77.47,16.6877],[77.4695,16.7018],[77.4741,16.7166],[77.4472,16.7207],[77.4392,16.7117],[77.427,16.7285],[77.4333,16.7367],[77.4432,16.7625],[77.4381,16.774],[77.4411,16.7862],[77.4606,16.7813],[77.4745,16.7813],[77.4743,16.8023],[77.466,16.8056],[77.4633,16.8222],[77.4576,16.8282],[77.4641,16.8506],[77.4601,16.8747],[77.4604,16.8848],[77.4541,16.9139],[77.4695,16.9192],[77.4642,16.9299],[77.466,16.9589],[77.4722,16.9572],[77.4814,16.9704],[77.4829,16.9857],[77.4791,16.9945],[77.4866,17.0032],[77.5022,17.0094],[77.495,17.0271],[77.4967,17.0427],[77.4831,17.0597],[77.482,17.0759],[77.4665,17.0873],[77.4629,17.0941],[77.4647,17.1078],[77.4458,17.118],[77.436,17.115],[77.4067,17.1245],[77.4039,17.1329],[77.3846,17.14],[77.3778,17.1401],[77.3783,17.1526],[77.3669,17.1544],[77.3625,17.1638],[77.3721,17.1824],[77.3761,17.197],[77.3946,17.1959],[77.3964,17.2075],[77.3802,17.2225],[77.405,17.2365],[77.4205,17.2376],[77.4261,17.2561],[77.4352,17.2597],[77.4447,17.2708],[77.4509,17.2705],[77.4585,17.2813],[77.4544,17.2875],[77.438,17.2919],[77.4405,17.3013],[77.4477,17.3075],[77.456,17.331],[77.4572,17.3442],[77.4517,17.3527],[77.4536,17.374],[77.476,17.3684],[77.4765,17.3608],[77.503,17.3572],[77.5249,17.3647],[77.5322,17.375],[77.5254,17.3885],[77.5375,17.4028],[77.5142,17.4142],[77.513,17.4309],[77.5373,17.4438],[77.5527,17.4371],[77.5615,17.4376],[77.5751,17.431],[77.5762,17.4562],[77.5843,17.4545],[77.6042,17.4439],[77.6143,17.446],[77.6149,17.4722],[77.6383,17.4735],[77.6524,17.4827],[77.6887,17.4753],[77.6881,17.4889],[77.6922,17.5018],[77.6835,17.5082],[77.6687,17.5116],[77.662,17.5228],[77.628,17.5236],[77.6121,17.5348],[77.5957,17.5366],[77.5973,17.5537],[77.5938,17.5645],[77.582,17.5599],[77.5506,17.5517],[77.5375,17.5754],[77.5284,17.5754],[77.5069,17.5423],[77.4999,17.5475],[77.4941,17.5684],[77.4781,17.5668],[77.4619,17.5808],[77.4441,17.5844],[77.4512,17.6232],[77.4559,17.6342],[77.4483,17.6511],[77.4549,17.6752],[77.4525,17.6947],[77.4647,17.7018],[77.4932,17.7087],[77.4971,17.7155],[77.5095,17.7165],[77.5218,17.7259],[77.5471,17.7285],[77.5687,17.7492],[77.5663,17.7668],[77.5599,17.7634],[77.5264,17.7816],[77.5124,17.7821],[77.509,17.7878],[77.5149,17.8035],[77.5294,17.8172],[77.5324,17.8291],[77.5467,17.8285],[77.5541,17.8201],[77.5607,17.8386],[77.5675,17.8454],[77.57,17.8676],[77.5835,17.877],[77.5945,17.8723],[77.5959,17.8814],[77.586,17.8938],[77.5864,17.9086],[77.6,17.9041],[77.6052,17.9078],[77.6191,17.9041],[77.623,17.9455],[77.6326,17.9467],[77.637,17.9528],[77.6495,17.95],[77.65,17.9602],[77.6556,17.9698],[77.6483,17.9803],[77.652,17.9947],[77.6476,17.9995],[77.6278,17.9968],[77.6197,18.0065],[77.6072,18.0104],[77.6017,18.0198],[77.5934,18.0118],[77.5869,18.0135],[77.5833,18.0283],[77.5607,18.0362],[77.5538,18.0358],[77.5484,18.0652],[77.557,18.0637],[77.5598,18.0719],[77.597,18.0868],[77.6016,18.1059],[77.5947,18.1305],[77.5969,18.1559],[77.5843,18.1592],[77.5747,18.1765],[77.5656,18.2042],[77.5749,18.2016],[77.5853,18.2196],[77.5806,18.2322],[77.5731,18.2394],[77.5794,18.2559],[77.5949,18.2653],[77.6055,18.2813],[77.5819,18.2854],[77.5703,18.2925],[77.5614,18.2849],[77.5514,18.2919]]]},"properties":{"ST_NM":"Karnataka"}},
{"type":"Feature","geometry":{"type":"Polygon","coordinates":[[[94.6755,25.4456],[94.6567,25.4495],[94.647,25.4564],[94.6373,25.4558],[94.616,25.4625],[94.6103,25.4697],[94.5919,25.4845],[94.5856,25.4854],[94.5679,25.5009],[94.5539,25.5026],[94.5572,25.5196],[94.5545,25.5285],[94.5617,25.5333],[94.5585,25.5409],[94.5666,25.548],[94.5563,25.5561],[94.561,25.5731],[94.5568,25.5817],[94.56,25.5982],[94.5709,25.6069],[94.5755,25.6226],[94.5877,25.6334],[94.5725,25.6378],[94.5734,25.6478],[94.5833,25.6575],[94.5804,25.6688],[94.5884,25.6751],[94.5839,25.6849],[94.5718,25.6918],[94.5605,25.6831],[94.5636,25.6755],[94.5517,25.666],[94.5489,25.6564],[94.5349,25.6424],[94.5069,25.6239],[94.5055,25.6141],[94.488,25.6116],[94.479,25.6152],[94.468,25.6136],[94.4588,25.6042],[94.425,25.5865],[94.4211,25.5761],[94.4225,25.5533],[94.418,25.5384],[94.3812,25.5306],[94.3736,25.5222],[94.3551,25.5122],[94.3489,25.5123],[94.3185,25.5025],[94.2856,25.5059],[94.2673,25.4979],[94.2552,25.5006],[94.2498,25.4943],[94.24,25.4959],[94.2216,25.4908],[94.2084,25.496],[94.2086,25.5038],[94.1953,25.5207],[94.1866,25.524],[94.1859,25.5316],[94.192,25.5487],[94.1627,25.5424],[94.1499,25.5432],[94.1438,25.5226],[94.1375,25.5183],[94.1226,25.5229],[94.1098,25.5232],[94.0928,25.5296],[94.0922,25.5443],[94.0852,25.5543],[94.0757,25.5583],[94.0659,25.5534],[94.0598,25.5641],[94.0476,25.5759],[94.0346,25.5797],[94.0217,25.5902],[94.0103,25.5916],[94.0022,25.5851],[94.0104,25.5724],[94.0047,25.5654],[93.9833,25.5683],[93.9702,25.5557],[93.9546,25.5504],[93.9451,25.557],[93.9183,25.5595],[93.8884,25.5651],[93.8711,25.5551],[93.8597,25.5533],[93.8414,25.5561],[93.8344,25.5606],[93.8217,25.5536],[93.8158,25.5423],[93.7672,25.5342],[93.7581,25.5052],[93.7666,25.4936],[93.7803,25.5012],[93.8008,25.4963],[93.8099,25.4842],[93.8049,25.4631],[93.7945,25.455],[93.7824,25.4397],[93.7833,25.4331],[93.7727,25.4255],[93.7654,25.4154],[93.7422,25.404],[93.7347,25.3943],[93.7313,25.38],[93.7158,25.3718],[93.7102,25.358],[93.6875,25.3566],[93.6814,25.3285],[93.6666,25.3223],[93.6669,25.3094],[93.6522,25.2842],[93.6449,25.2762],[93.6461,25.2672],[93.6374,25.2639],[93.6278,25.2419],[93.6226,25.2364],[93.6149,25.2183],[93.6082,25.211],[93.6053,25.1991],[93.5926,25.2033],[93.5836,25.2219],[93.5691,25.2263],[93.564,25.2387],[93.5474,25.2481],[93.5353,25.2437],[93.5173,25.2468],[93.5007,25.2441],[93.501,25.2557],[93.5064,25.2688],[93.493,25.2744],[93.4804,25.2698],[93.4706,25.2736],[93.4737,25.2937],[93.4716,25.3042],[93.4674,25.311],[93.4539,25.3249],[93.4531,25.3219],[93.4665,25.3119],[93.4704,25.3052],[93.4528,25.2924],[93.4478,25.2922],[93.4206,25.2777],[93.4151,25.264],[93.4019,25.2612],[93.394,25.2552],[93.3864,25.2428],[93.3812,25.2225],[93.3755,25.2202],[93.3659,25.2057],[93.3658,25.1987],[93.354,25.1875],[93.3477,25.1747],[93.3439,25.1591],[93.3473,25.1385],[93.3449,25.1232],[93.3373,25.1125],[93.3323,25.0939],[93.3148,25.0847],[93.3027,25.0645],[93.3054,25.0583],[93.2829,25.0452],[93.2744,25.051],[93.266,25.0442],[93.2472,25.0181],[93.2417,25.004],[93.2468,24.9975],[93.2595,25.0022],[93.2496,24.98],[93.2622,24.9688],[93.2608,24.9586],[93.2499,24.9552],[93.2448,24.9413],[93.2488,24.9156],[93.2384,24.8988],[93.227,24.893],[93.2284,24.8854],[93.2217,24.8703],[93.2099,24.8562],[93.1953,24.8444],[93.1956,24.8303],[93.19,24.8187],[93.1967,24.8125],[93.1914,24.8045],[93.1706,24.802],[93.1508,24.7951],[93.1339,24.8097],[93.1193,24.8076],[93.105,24.7917],[93.1035,24.7673],[93.0981,24.7542],[93.1071,24.7406],[93.0912,24.7253],[93.0901,24.7147],[93.0789,24.7047],[93.0905,24.6893],[93.0922,24.677],[93.1039,24.6738],[93.0964,24.6644],[93.0939,24.6523],[93.0828,24.6493],[93.0872,24.6298],[93.0758,24.626],[93.0837,24.6131],[93.0711,24.6],[93.0813,24.5903],[93.0891,24.5925],[93.0925,24.5812],[93.0891,24.5735],[93.0621,24.5763],[93.0582,24.5728],[93.0708,24.5596],[93.0649,24.5472],[93.0557,24.5535],[93.0491,24.5425],[93.0488,24.5183],[93.0372,24.5105],[93.0408,24.5025],[93.0327,24.4936],[93.0455,24.4762],[93.0463,24.4654],[93.0356,24.4584],[93.0362,24.4419],[93.0335,24.4271],[93.0431,24.4197],[93.0415,24.4131],[93.0245,24.4069],[93.0087,24.4118],[93.0096,24.4062],[93.0246,24.3926],[93.0184,24.3825],[93.0214,24.3741],[93.0175,24.3625],[93.0177,24.3499],[93.0399,24.3435],[93.0336,24.321],[93.0209,24.2987],[93.0079,24.2869],[93.012,24.2705],[93.0041,24.2582],[93.0092,24.2436],[93.0205,24.2319],[93.016,24.225],[93.0219,24.2179],[93.0153,24.2006],[93.0004,24.1979],[93.0074,24.1829],[93.0031,24.1729],[93.006,24.1618],[92.9876,24.1477],[92.9906,24.1371],[92.9821,24.1251],[92.9746,24.1254],[92.9731,24.1124],[92.991,24.1156],[93.0102,24.1061],[93.0123,24.1017],[93.0269,24.1008],[93.037,24.0929],[93.052,24.0895],[93.0784,24.1018],[93.0875,24.0817],[93.0975,24.0735],[93.0972,24.0494],[93.0994,24.0432],[93.1143,24.0558],[93.1243,24.0607],[93.1398,24.0847],[93.1481,24.0851],[93.1612,24.0733],[93.1633,24.0556],[93.1689,24.0512],[93.188,24.0537],[93.2119,24.0486],[93.2201,24.0603],[93.2225,24.0702],[93.2203,24.0834],[93.238,24.0832],[93.2503,24.0802],[93.2611,24.0699],[93.2598,24.0561],[93.2508,24.033],[93.2569,24.0254],[93.2694,24.0323],[93.2738,24.0394],[93.2864,24.0475],[93.3025,24.0527],[93.3181,24.0532],[93.3262,24.0485],[93.3356,24.0577],[93.3372,24.0673],[93.3284,24.0808],[93.3343,24.0897],[93.3433,24.0918],[93.3493,24.1034],[93.3577,24.0915],[93.3725,24.0908],[93.3898,24.0828],[93.3983,24.0853],[93.4166,24.0719],[93.4257,24.0517],[93.4292,24.0331],[93.4385,24.0162],[93.454,24.011],[93.4527,23.9996],[93.4634,23.994],[93.4617,23.9761],[93.4798,23.9586],[93.4946,23.9539],[93.5002,23.9447],[93.5148,23.9428],[93.5254,23.9561],[93.5398,23.961],[93.5507,23.9599],[93.5595,23.982],[93.5674,23.9793],[93.5706,23.9709],[93.5853,23.9602],[93.5919,23.9607],[93.5994,23.9727],[93.6072,23.9716],[93.6122,23.9976],[93.6238,24.0114],[93.6541,24.0088],[93.6656,24.0018],[93.6898,24.0091],[93.7216,23.9979],[93.7578,24.0032],[93.7713,23.976],[93.78,23.9644],[93.7979,23.9473],[93.7995,23.9327],[93.8196,23.9236],[93.8399,23.9323],[93.8591,23.9321],[93.8719,23.9413],[93.8828,23.9417],[93.8946,23.9523],[93.9021,23.9499],[93.9191,23.9515],[93.9441,23.9463],[93.9543,23.9328],[93.9755,23.9249],[93.9887,23.9286],[93.9965,23.9223],[94.0193,23.9255],[94.0252,23.9156],[94.0377,23.9128],[94.0412,23.9007],[94.0586,23.8874],[94.0655,23.8901],[94.0745,23.8835],[94.0961,23.8892],[94.1028,23.872],[94.1124,23.8635],[94.1115,23.8502],[94.1161,23.8394],[94.1267,23.8334],[94.1439,23.8358],[94.1448,23.8498],[94.1566,23.8482],[94.1676,23.9022],[94.1697,23.9284],[94.1858,23.9297],[94.1907,23.9387],[94.1875,23.9459],[94.1884,23.9597],[94.2042,23.987],[94.2373,24.0354],[94.2278,24.0564],[94.2393,24.0529],[94.2545,24.0825],[94.2516,24.1264],[94.2597,24.1653],[94.2764,24.1734],[94.2915,24.233],[94.3066,24.2414],[94.3089,24.2502],[94.3219,24.2772],[94.3217,24.3289],[94.3505,24.3351],[94.3785,24.3797],[94.3614,24.3947],[94.3948,24.4095],[94.408,24.4405],[94.3968,24.4546],[94.3999,24.4619],[94.3983,24.4823],[94.426,24.4817],[94.4539,24.5648],[94.4966,24.5904],[94.515,24.6107],[94.5348,24.6429],[94.5449,24.6688],[94.5472,24.6867],[94.5408,24.7014],[94.5452,24.7105],[94.5567,24.7122],[94.5648,24.7054],[94.5718,24.724],[94.58,24.7239],[94.5787,24.7087],[94.5852,24.7047],[94.605,24.7159],[94.6066,24.7273],[94.6192,24.7478],[94.6285,24.756],[94.6182,24.7855],[94.6296,24.8054],[94.6323,24.8242],[94.6316,24.839],[94.6499,24.8552],[94.6585,24.8724],[94.6732,24.8754],[94.6866,24.8929],[94.7018,24.9296],[94.7136,24.9362],[94.7058,24.9507],[94.6974,24.9588],[94.6971,24.9685],[94.7071,24.9871],[94.7241,24.9986],[94.7274,25.0094],[94.7388,25.0236],[94.7445,25.0474],[94.7441,25.0622],[94.7377,25.0656],[94.7447,25.0801],[94.74,25.0922],[94.7411,25.1036],[94.7365,25.1095],[94.7409,25.1266],[94.7349,25.1342],[94.7146,25.1381],[94.7024,25.1455],[94.6975,25.1549],[94.6774,25.1544],[94.6642,25.1628],[94.6498,25.167],[94.6412,25.166],[94.62,25.1868],[94.611,25.1819],[94.593,25.1918],[94.5889,25.2032],[94.5758,25.2145],[94.5854,25.2295],[94.5891,25.2573],[94.5853,25.2651],[94.5935,25.2859],[94.6061,25.3068],[94.6074,25.3161],[94.6187,25.3298],[94.6238,25.3441],[94.6347,25.3581],[94.6323,25.3883],[94.6349,25.3954],[94.6488,25.4056],[94.66,25.4054],[94.6729,25.424],[94.6715,25.4427],[94.6755,25.4456]]]},"properties":{"ST_NM":"Manipur"}},
{"type":"Feature","geometry":{"type":"Polygon","coordinates":[[[92.4252,25.0297],[92.4381,25.0347],[92.4384,25.0442],[92.4597,25.0371],[92.4643,25.0431],[92.4569,25.0542],[92.4686,25.0662],[92.4791,25.0865],[92.4775,25.101],[92.4809,25.1087],[92.4969,25.1096],[92.5058,25.1048],[92.5183,25.1063],[92.5388,25.1006],[92.523,25.1261],[92.5248,25.1353],[92.5681,25.1283],[92.588,25.1289],[92.5949,25.1223],[92.6054,25.1235],[92.6224,25.116],[92.6288,25.1263],[92.6278,25.1375],[92.6374,25.1467],[92.6533,25.1531],[92.6579,25.1589],[92.6583,25.172],[92.6771,25.1826],[92.6938,25.1793],[92.701,25.1874],[92.716,25.1959],[92.7371,25.2006],[92.7428,25.2068],[92.7548,25.2019],[92.768,25.2035],[92.7748,25.1997],[92.786,25.2094],[92.7949,25.2099],[92.8014,25.2203],[92.7819,25.2303],[92.7716,25.2301],[92.7618,25.2466],[92.7749,25.2521],[92.7777,25.2583],[92.7683,25.2667],[92.7877,25.2744],[92.7918,25.2844],[92.7814,25.3078],[92.7867,25.314],[92.782,25.3328],[92.7692,25.3381],[92.7624,25.3334],[92.7494,25.3454],[92.7463,25.3584],[92.734,25.3677],[92.731,25.3801],[92.7171,25.373],[92.7098,25.3846],[92.7005,25.3849],[92.6881,25.4022],[92.6674,25.4149],[92.6616,25.4065],[92.6526,25.4173],[92.6522,25.4293],[92.6185,25.4231],[92.6088,25.4136],[92.603,25.4352],[92.6045,25.4477],[92.5978,25.4502],[92.6004,25.4649],[92.5791,25.4715],[92.5665,25.4635],[92.5643,25.4737],[92.5736,25.4906],[92.609,25.5119],[92.6184,25.5152],[92.6428,25.5349],[92.643,25.5485],[92.6474,25.5576],[92.6569,25.5612],[92.6586,25.5778],[92.6533,25.5907],[92.6416,25.5886],[92.6301,25.5718],[92.6227,25.5658],[92.6024,25.5623],[92.5996,25.5548],[92.585,25.5506],[92.5823,25.5577],[92.5724,25.5574],[92.5566,25.5714],[92.5545,25.5856],[92.5556,25.6104],[92.5526,25.615],[92.5386,25.6117],[92.5338,25.6149],[92.5055,25.6164],[92.4974,25.6241],[92.4702,25.6752],[92.4403,25.6922],[92.4378,25.7059],[92.4476,25.7091],[92.4441,25.7199],[92.4303,25.7324],[92.4116,25.7301],[92.4146,25.7405],[92.4035,25.7442],[92.3976,25.7406],[92.373,25.7503],[92.3642,25.7375],[92.3547,25.7397],[92.3443,25.7286],[92.3178,25.7224],[92.3118,25.7279],[92.2929,25.7166],[92.2816,25.7167],[92.2643,25.7092],[92.2548,25.7127],[92.2394,25.711],[92.225,25.7162],[92.2162,25.7043],[92.1961,25.6863],[92.1882,25.6845],[92.1638,25.6671],[92.1561,25.6723],[92.1605,25.6842],[92.1564,25.6903],[92.1547,25.7063],[92.1443,25.7177],[92.1544,25.7251],[92.1627,25.744],[92.1555,25.7512],[92.1477,25.773],[92.151,25.8158],[92.1598,25.8201],[92.1607,25.8302],[92.1774,25.8516],[92.1772,25.8728],[92.1875,25.8773],[92.1989,25.8891],[92.2203,25.9001],[92.223,25.9107],[92.2012,25.9083],[92.186,25.9167],[92.1755,25.9075],[92.1567,25.9147],[92.16,25.9352],[92.1524,25.9444],[92.1638,25.9587],[92.1641,25.9704],[92.175,25.9743],[92.1805,25.9844],[92.1964,25.9905],[92.2043,26.0014],[92.2277,26.0087],[92.2442,26.0181],[92.2532,26.0291],[92.2627,26.0327],[92.27,26.0476],[92.2582,26.0636],[92.2375,26.0635],[92.2092,26.0704],[92.1786,26.0689],[92.1691,26.0776],[92.1526,26.0672],[92.1433,26.0561],[92.1341,26.0525],[92.1319,26.0444],[92.1213,26.044],[92.1078,26.0508],[92.0918,26.048],[92.0637,26.0341],[92.0481,26.0329],[92.0343,26.039],[92.0184,26.0393],[92.0037,26.0357],[91.9885,26.0376],[91.9835,26.0259],[91.9337,26.0104],[91.9202,25.9979],[91.9097,26.0128],[91.9146,26.0206],[91.8889,26.0278],[91.8833,26.0262],[91.8745,26.0368],[91.8702,26.0535],[91.8764,26.0761],[91.8791,26.0981],[91.8682,26.1003],[91.8406,26.1108],[91.8308,26.1185],[91.8212,26.1176],[91.8059,26.0993],[91.8003,26.1001],[91.7913,26.0853],[91.7785,26.0899],[91.7629,26.0747],[91.7509,26.0662],[91.7334,26.0607],[91.7353,26.0521],[91.7253,26.0463],[91.723,26.0356],[91.7248,26.0184],[91.7215,26.0123],[91.72,25.9537],[91.6788,25.9163],[91.6705,25.9042],[91.6511,25.9067],[91.6412,25.9173],[91.621,25.9324],[91.6094,25.9375],[91.6112,25.9448],[91.6293,25.9468],[91.6356,25.9617],[91.6282,25.9762],[91.6281,26.0008],[91.6347,26.0129],[91.6304,26.0226],[91.6201,26.0259],[91.6002,26.0217],[91.5802,26.0334],[91.5708,26.0259],[91.5719,26.0159],[91.5641,26.0085],[91.5514,25.9841],[91.5512,25.9767],[91.5383,25.9715],[91.535,25.9624],[91.5221,25.9596],[91.5177,25.9533],[91.5197,25.94],[91.5028,25.9266],[91.5012,25.919],[91.5079,25.9089],[91.4987,25.8961],[91.4839,25.8931],[91.4783,25.8876],[91.4753,25.87],[91.4916,25.866],[91.5113,25.8654],[91.5212,25.8752],[91.5255,25.891],[91.5329,25.8882],[91.5312,25.8749],[91.5223,25.8729],[91.5136,25.8641],[91.4833,25.8641],[91.4776,25.8573],[91.4694,25.8593],[91.4485,25.8451],[91.4366,25.8432],[91.4235,25.8544],[91.4024,25.8514],[91.3811,25.8457],[91.3728,25.8468],[91.3653,25.8401],[91.3356,25.8408],[91.3344,25.8334],[91.3222,25.8216],[91.3019,25.7868],[91.2898,25.7724],[91.2886,25.7656],[91.2745,25.7505],[91.2454,25.7334],[91.2224,25.7227],[91.21,25.7256],[91.1889,25.7505],[91.1892,25.764],[91.1782,25.7774],[91.1841,25.799],[91.1904,25.8115],[91.1862,25.8185],[91.1945,25.8277],[91.2034,25.8442],[91.1891,25.8518],[91.1802,25.8441],[91.1604,25.8499],[91.1475,25.8506],[91.1294,25.8427],[91.1196,25.8328],[91.0831,25.8302],[91.0669,25.8258],[91.0621,25.8209],[91.0488,25.8294],[91.0591,25.8365],[91.0731,25.8402],[91.0695,25.8483],[91.0472,25.849],[91.0392,25.837],[91.0324,25.8351],[91.0224,25.8239],[91.0059,25.8205],[91.0015,25.8247],[91.0152,25.8485],[91.0138,25.8567],[91.0277,25.8692],[91.0305,25.8859],[91.0252,25.8889],[91.0105,25.8843],[90.9968,25.888],[90.9659,25.8885],[90.9689,25.9038],[90.9594,25.9313],[90.9399,25.9474],[90.9338,25.9399],[90.9164,25.9435],[90.9155,25.9308],[90.8944,25.9313],[90.885,25.95],[90.8748,25.9426],[90.8364,25.9439],[90.8258,25.9488],[90.8091,25.9475],[90.7963,25.9406],[90.7844,25.9252],[90.778,25.9087],[90.7638,25.9078],[90.7463,25.9286],[90.7403,25.9395],[90.7478,25.95],[90.7428,25.9581],[90.7244,25.9469],[90.7138,25.9518],[90.6883,25.949],[90.6726,25.9347],[90.6393,25.9232],[90.6285,25.9177],[90.6307,25.9064],[90.6249,25.8984],[90.6135,25.8994],[90.6065,25.9151],[90.6241,25.9393],[90.6048,25.9472],[90.5996,25.9552],[90.5855,25.9574],[90.5797,25.9514],[90.5767,25.9368],[90.5488,25.9215],[90.5491,25.9155],[90.5264,25.9049],[90.5149,25.8962],[90.5085,25.9016],[90.5179,25.9158],[90.5206,25.9261],[90.5341,25.9391],[90.5349,25.9497],[90.5204,25.9706],[90.5096,25.9806],[90.4971,25.9968],[90.4761,26.0097],[90.4302,25.989],[90.4168,25.9916],[90.4053,26.0091],[90.3997,26.0126],[90.3721,26.0114],[90.3497,26.0042],[90.3403,25.9884],[90.3315,25.9877],[90.3274,25.9745],[90.2835,25.9631],[90.2472,25.9566],[90.2114,25.9527],[90.2028,25.961],[90.1867,25.9475],[90.177,25.9589],[90.1569,25.9579],[90.1516,25.9667],[90.1379,25.9575],[90.1168,25.9573],[90.0979,25.9375],[90.0862,25.9196],[90.067,25.9131],[90.0555,25.9009],[90.0425,25.895],[90.0245,25.8956],[90.0057,25.8791],[90.0238,25.8673],[90.0157,25.8508],[90.0035,25.8393],[89.9814,25.8356],[89.978,25.8285],[89.9646,25.8265],[89.9619,25.8203],[89.951,25.8212],[89.9582,25.8017],[89.9543,25.7881],[89.9591,25.7821],[89.955,25.7676],[89.9351,25.7527],[89.9368,25.7449],[89.9231,25.7386],[89.8996,25.7472],[89.8947,25.7451],[89.8956,25.7316],[89.9051,25.7221],[89.9235,25.6946],[89.9357,25.69],[89.9444,25.6793],[89.9467,25.662],[89.9531,25.6537],[89.9794,25.6386],[89.9827,25.6279],[89.997,25.6226],[90.0041,25.6268],[90.0098,25.6156],[90.0202,25.6076],[90.003,25.5869],[89.9885,25.5913],[89.9785,25.5871],[89.9728,25.5739],[89.9604,25.5745],[89.9372,25.5647],[89.9122,25.5633],[89.8852,25.5551],[89.8776,25.5498],[89.8765,25.5369],[89.8683,25.5304],[89.8686,25.5219],[89.8777,25.5196],[89.8855,25.5076],[89.8745,25.5073],[89.8766,25.4956],[89.8708,25.4759],[89.8544,25.4674],[89.8342,25.4349],[89.8261,25.4038],[89.8158,25.3886],[89.814,25.3699],[89.8203,25.3475],[89.8266,25.3337],[89.8401,25.3185],[89.8349,25.296],[89.8694,25.2872],[89.8907,25.2953],[89.8998,25.3052],[89.9081,25.3078],[89.9293,25.2996],[89.9722,25.301],[89.9809,25.2853],[90.0096,25.2719],[90.0599,25.256],[90.0723,25.244],[90.0817,25.2392],[90.1007,25.2348],[90.1124,25.2242],[90.1393,25.2249],[90.1597,25.2235],[90.1878,25.2163],[90.2145,25.2032],[90.2336,25.2038],[90.2603,25.1955],[90.2754,25.198],[90.2914,25.1894],[90.3049,25.187],[90.3317,25.1917],[90.3521,25.1742],[90.3774,25.1618],[90.4094,25.1561],[90.4251,25.1476],[90.4446,25.1438],[90.4528,25.1507],[90.4668,25.1528],[90.5104,25.1685],[90.5584,25.1706],[90.5966,25.1737],[90.6363,25.1732],[90.6498,25.1815],[90.6551,25.1932],[90.665,25.1846],[90.6685,25.1724],[90.6799,25.17],[90.6889,25.1611],[90.7012,25.16],[90.7207,25.1648],[90.7321,25.1547],[90.7414,25.1652],[90.7605,25.1652],[90.7751,25.1823],[90.7901,25.1824],[90.8088,25.1674],[90.8195,25.1635],[90.8548,25.1597],[90.8694,25.1597],[90.8868,25.1665],[90.9085,25.1621],[90.9448,25.1694],[90.9655,25.1714],[91.0087,25.1811],[91.0356,25.1886],[91.0638,25.1922],[91.0815,25.2019],[91.1074,25.1961],[91.1347,25.193],[91.1588,25.1972],[91.1809,25.1959],[91.1932,25.1998],[91.2129,25.2004],[91.2303,25.1973],[91.2521,25.1975],[91.2646,25.2068],[91.2743,25.2046],[91.2905,25.1936],[91.2915,25.1869],[91.307,25.1839],[91.3209,25.185],[91.3277,25.1774],[91.3453,25.1725],[91.3565,25.1773],[91.3763,25.1672],[91.3881,25.1703],[91.4039,25.1661],[91.4139,25.1725],[91.4318,25.1557],[91.446,25.1498],[91.4668,25.1495],[91.4709,25.1361],[91.4931,25.1347],[91.5078,25.1451],[91.528,25.1448],[91.5538,25.1514],[91.5744,25.1635],[91.5796,25.1702],[91.6029,25.1737],[91.6014,25.1601],[91.605,25.1431],[91.6186,25.1466],[91.624,25.1436],[91.6281,25.1308],[91.642,25.1243],[91.6506,25.1309],[91.6608,25.1294],[91.6718,25.1372],[91.6889,25.1381],[91.7111,25.1582],[91.744,25.1486],[91.7476,25.1539],[91.7438,25.1671],[91.7466,25.1717],[91.766,25.1673],[91.8064,25.1694],[91.8411,25.1787],[91.8517,25.1755],[91.8716,25.1751],[91.8923,25.1804],[91.9133,25.1828],[91.9471,25.1833],[91.9593,25.1812],[91.9746,25.1725],[91.9832,25.1716],[91.9908,25.181],[92.0108,25.1891],[92.0261,25.1835],[92.0465,25.1823],[92.0621,25.1879],[92.0746,25.1862],[92.1224,25.1659],[92.1345,25.1568],[92.1355,25.1433],[92.1497,25.1377],[92.1759,25.1233],[92.1897,25.1223],[92.1996,25.1254],[92.2192,25.1217],[92.2092,25.1117],[92.2293,25.0972],[92.2972,25.0721],[92.3084,25.0719],[92.3236,25.081],[92.3334,25.0825],[92.3409,25.0781],[92.3424,25.0557],[92.3491,25.0484],[92.3648,25.0495],[92.3696,25.0452],[92.3837,25.0441],[92.4016,25.0336],[92.4152,25.0345],[92.4252,25.0297]]]},"properties":{"ST_NM":"Meghalaya"}},
{"type":"Feature","geometry":{"type":"Polygon","coordinates":[[[93.0087,24.4118],[92.9994,24.4008],[92.9764,24.4083],[92.9661,24.3969],[92.9572,24.3922],[92.9532,24.4017],[92.9392,24.4008],[92.9339,24.3924],[92.9221,24.4026],[92.907,24.4114],[92.9064,24.4021],[92.8987,24.391],[92.8833,24.4025],[92.8732,24.395],[92.8617,24.3987],[92.846,24.3857],[92.8451,24.3798],[92.8261,24.3765],[92.8231,24.3862],[92.8298,24.4004],[92.8201,24.4038],[92.8018,24.4209],[92.7966,24.4329],[92.7637,24.5211],[92.7521,24.5063],[92.7404,24.4687],[92.726,24.4386],[92.7226,24.428],[92.7113,24.4073],[92.7132,24.4034],[92.7072,24.3871],[92.6912,24.3629],[92.6897,24.3537],[92.6613,24.3483],[92.6491,24.3287],[92.6353,24.3333],[92.6225,24.3316],[92.6161,24.2893],[92.6196,24.2876],[92.6122,24.2536],[92.6059,24.2486],[92.573,24.252],[92.5506,24.2471],[92.547,24.2366],[92.5476,24.223],[92.531,24.1852],[92.5341,24.1805],[92.5243,24.1716],[92.5162,24.1777],[92.5029,24.1673],[92.5014,24.1605],[92.4835,24.163],[92.4807,24.1505],[92.4649,24.1362],[92.4568,24.1439],[92.4368,24.1529],[92.4345,24.174],[92.4294,24.1866],[92.4188,24.1928],[92.4212,24.2013],[92.4185,24.2123],[92.4224,24.255],[92.2953,24.2526],[92.2923,24.2505],[92.297,24.2321],[92.3093,24.2224],[92.3214,24.2032],[92.3198,24.1974],[92.3269,24.181],[92.3243,24.1683],[92.3315,24.1524],[92.325,24.1398],[92.3232,24.1037],[92.3243,24.0863],[92.3164,24.0675],[92.3162,24.045],[92.3121,24.0392],[92.3192,24.0255],[92.3166,24.0168],[92.326,23.9975],[92.32,23.9791],[92.3085,23.9682],[92.3106,23.9349],[92.3164,23.9278],[92.3239,23.905],[92.3166,23.898],[92.3106,23.8709],[92.3165,23.8654],[92.309,23.8571],[92.2992,23.8598],[92.2896,23.8683],[92.2691,23.847],[92.2686,23.8418],[92.2824,23.8177],[92.257,23.8129],[92.265,23.7725],[92.2671,23.7517],[92.2654,23.7251],[92.2799,23.7184],[92.2786,23.7108],[92.2877,23.7018],[92.2917,23.6819],[92.2838,23.6626],[92.2742,23.6482],[92.2796,23.6391],[92.2771,23.6323],[92.2885,23.6291],[92.2873,23.5963],[92.2989,23.593],[92.3079,23.5769],[92.3072,23.5634],[92.3118,23.5604],[92.3064,23.5361],[92.3141,23.5331],[92.3233,23.4744],[92.3319,23.4638],[92.3271,23.4487],[92.3327,23.4351],[92.3465,23.4333],[92.3477,23.413],[92.3523,23.4045],[92.3562,23.3852],[92.3563,23.3712],[92.3776,23.3626],[92.3791,23.3512],[92.3715,23.3319],[92.364,23.3237],[92.3672,23.318],[92.3842,23.3079],[92.3808,23.2864],[92.3881,23.2815],[92.3971,23.2566],[92.3951,23.2495],[92.4005,23.2364],[92.3475,23.2367],[92.3536,23.2236],[92.3534,23.1864],[92.3571,23.1719],[92.364,23.1583],[92.3604,23.1533],[92.357,23.1345],[92.3672,23.1251],[92.3582,23.107],[92.3609,23.0988],[92.3856,23.0778],[92.3825,23.0726],[92.3918,23.057],[92.3799,23.0163],[92.3835,23.0105],[92.3797,22.9752],[92.3742,22.9711],[92.3776,22.9541],[92.3716,22.9368],[92.3819,22.9291],[92.3916,22.9307],[92.4075,22.9175],[92.4194,22.9116],[92.4264,22.8971],[92.4364,22.8858],[92.4499,22.8931],[92.4484,22.8762],[92.4634,22.8554],[92.4543,22.8431],[92.4614,22.8298],[92.4554,22.8254],[92.4586,22.8154],[92.4704,22.7991],[92.4693,22.7825],[92.4754,22.7729],[92.4727,22.7659],[92.4781,22.7509],[92.4939,22.7463],[92.5074,22.7378],[92.5178,22.7172],[92.5138,22.709],[92.5195,22.6873],[92.5261,22.6729],[92.5237,22.6583],[92.5247,22.6411],[92.5322,22.6328],[92.5272,22.6222],[92.5298,22.6044],[92.5369,22.5937],[92.5377,22.577],[92.5222,22.5603],[92.5371,22.5423],[92.5481,22.5073],[92.544,22.49],[92.5478,22.4753],[92.5472,22.462],[92.5561,22.4233],[92.553,22.4112],[92.56,22.4011],[92.5584,22.3914],[92.5623,22.3723],[92.5716,22.3589],[92.5723,22.3433],[92.5805,22.3194],[92.5786,22.3099],[92.5835,22.2992],[92.581,22.2686],[92.5861,22.2631],[92.5918,22.2406],[92.588,22.2245],[92.5968,22.1897],[92.5958,22.1752],[92.6086,22.1647],[92.6099,22.1354],[92.6048,22.1236],[92.596,22.1244],[92.5892,22.1322],[92.5926,22.1386],[92.5781,22.1438],[92.5751,22.138],[92.5636,22.1338],[92.5621,22.1282],[92.5748,22.1153],[92.5813,22.099],[92.5896,22.07],[92.6,22.0519],[92.5933,22.0413],[92.5994,22.0283],[92.599,22.0063],[92.6097,21.9978],[92.611,21.9837],[92.6346,21.9835],[92.6419,21.9928],[92.6435,22.0025],[92.6526,22.0165],[92.6796,22.0115],[92.6854,22.0417],[92.6823,22.0744],[92.6819,22.1038],[92.6911,22.1055],[92.6915,22.1341],[92.6968,22.1434],[92.6947,22.1535],[92.7129,22.1473],[92.7252,22.1483],[92.7348,22.1345],[92.7631,22.1192],[92.7737,22.1074],[92.7885,22.105],[92.8011,22.0948],[92.81,22.0963],[92.8178,22.0852],[92.8183,22.0752],[92.8377,22.0703],[92.8409,22.0595],[92.8572,22.0666],[92.865,22.0521],[92.8645,22.0242],[92.8756,22.0215],[92.8784,22.0151],[92.8914,22.0111],[92.9035,21.9414],[92.912,21.9518],[92.9155,21.9798],[92.9225,21.9941],[92.9295,21.9962],[92.9417,22.0205],[92.9565,22.0296],[92.9643,22.0112],[92.978,21.9982],[92.9809,21.9812],[92.9962,21.9799],[93.0034,21.9825],[93.0016,22.0072],[93.0044,22.0171],[92.9945,22.0314],[92.9941,22.0422],[93.0014,22.0576],[93.0042,22.0755],[93.0118,22.0883],[93.0053,22.1051],[93.0489,22.0996],[93.0586,22.1072],[93.0567,22.122],[93.037,22.1442],[93.0478,22.1635],[93.0486,22.1741],[93.0395,22.1873],[93.0424,22.1994],[93.0572,22.2017],[93.0627,22.2078],[93.0885,22.1968],[93.1109,22.2043],[93.1145,22.1912],[93.1277,22.1734],[93.1507,22.1763],[93.1612,22.1965],[93.1533,22.2089],[93.1417,22.2457],[93.1642,22.25],[93.1677,22.2463],[93.1993,22.256],[93.1906,22.3091],[93.1957,22.3151],[93.196,22.3268],[93.1864,22.3387],[93.1881,22.3645],[93.1834,22.3737],[93.186,22.3809],[93.1818,22.3949],[93.1874,22.4044],[93.1816,22.4189],[93.1852,22.4277],[93.1781,22.4385],[93.1682,22.4432],[93.1632,22.4512],[93.1395,22.4537],[93.1312,22.4679],[93.1346,22.4929],[93.1262,22.5008],[93.1236,22.5094],[93.1284,22.5236],[93.1093,22.5246],[93.1122,22.5327],[93.1091,22.5467],[93.1149,22.5629],[93.1216,22.5659],[93.1288,22.5784],[93.1377,22.5829],[93.1402,22.5927],[93.1337,22.6144],[93.1094,22.6351],[93.1085,22.6573],[93.1013,22.6612],[93.0945,22.6806],[93.1016,22.6814],[93.0973,22.6986],[93.0909,22.7042],[93.0982,22.7188],[93.0986,22.7289],[93.1062,22.7434],[93.1066,22.7545],[93.0953,22.7856],[93.0976,22.7911],[93.0942,22.8062],[93.11,22.8182],[93.1109,22.8273],[93.1177,22.8425],[93.118,22.865],[93.1339,22.8922],[93.1289,22.9018],[93.1362,22.9133],[93.1497,22.9084],[93.1547,22.9178],[93.1447,22.9335],[93.1461,22.9423],[93.1377,22.951],[93.141,22.9584],[93.1354,22.9708],[93.1407,22.9886],[93.1274,22.9955],[93.1229,23.0079],[93.1279,23.032],[93.1265,23.044],[93.1394,23.054],[93.1519,23.0527],[93.1528,23.0439],[93.1686,23.0466],[93.1831,23.0597],[93.2103,23.0474],[93.2146,23.0282],[93.2302,23.0185],[93.2288,23.0116],[93.2413,23.0067],[93.271,23.0112],[93.2944,23.007],[93.2985,23.0142],[93.327,23.0391],[93.3279,23.0481],[93.34,23.0676],[93.3449,23.071],[93.3428,23.0864],[93.3534,23.0967],[93.3558,23.1073],[93.3656,23.1218],[93.376,23.1315],[93.3844,23.1331],[93.3865,23.1436],[93.37,23.1416],[93.3679,23.1464],[93.3739,23.1773],[93.3804,23.1869],[93.3774,23.2124],[93.3855,23.2195],[93.3753,23.2441],[93.3678,23.2689],[93.3684,23.3013],[93.3633,23.3125],[93.3726,23.3286],[93.362,23.3367],[93.3553,23.3522],[93.3891,23.3644],[93.3864,23.3744],[93.3944,23.3765],[93.4019,23.3897],[93.3941,23.3981],[93.3912,23.4082],[93.3884,23.4487],[93.3955,23.4538],[93.3937,23.4644],[93.3991,23.472],[93.3927,23.4779],[93.3943,23.4992],[93.3976,23.5104],[93.4087,23.5174],[93.418,23.5392],[93.4096,23.5627],[93.4219,23.572],[93.4224,23.5831],[93.428,23.5882],[93.4198,23.6124],[93.4232,23.6332],[93.4164,23.6406],[93.4223,23.6596],[93.4355,23.6782],[93.4193,23.7017],[93.4096,23.7044],[93.4061,23.7122],[93.4109,23.7293],[93.4036,23.7453],[93.3953,23.749],[93.3916,23.7571],[93.3979,23.7929],[93.4031,23.7977],[93.4021,23.8122],[93.3887,23.8255],[93.3888,23.8409],[93.3849,23.8482],[93.3886,23.8656],[93.3848,23.8725],[93.3892,23.8888],[93.3931,23.921],[93.3837,23.9323],[93.3701,23.9312],[93.3537,23.9466],[93.3513,23.9614],[93.3334,23.9789],[93.3367,23.9886],[93.332,24.0008],[93.3332,24.0148],[93.3386,24.0215],[93.3305,24.0303],[93.3347,24.0354],[93.3262,24.0485],[93.3181,24.0532],[93.3025,24.0527],[93.2864,24.0475],[93.2738,24.0394],[93.2694,24.0323],[93.2569,24.0254],[93.2508,24.033],[93.2598,24.0561],[93.2611,24.0699],[93.2503,24.0802],[93.238,24.0832],[93.2203,24.0834],[93.2225,24.0702],[93.2201,24.0603],[93.2119,24.0486],[93.188,24.0537],[93.1689,24.0512],[93.1633,24.0556],[93.1612,24.0733],[93.1481,24.0851],[93.1398,24.0847],[93.1243,24.0607],[93.1143,24.0558],[93.0994,24.0432],[93.0972,24.0494],[93.0975,24.0735],[93.0875,24.0817],[93.0784,24.1018],[93.052,24.0895],[93.037,24.0929],[93.0269,24.1008],[93.0123,24.1017],[93.0102,24.1061],[92.991,24.1156],[92.9731,24.1124],[92.9746,24.1254],[92.9821,24.1251],[92.9906,24.1371],[92.9876,24.1477],[93.006,24.1618],[93.0031,24.1729],[93.0074,24.1829],[93.0004,24.1979],[93.0153,24.2006],[93.0219,24.2179],[93.016,24.225],[93.0205,24.2319],[93.0092,24.2436],[93.0041,24.2582],[93.012,24.2705],[93.0079,24.2869],[93.0209,24.2987],[93.0336,24.321],[93.0399,24.3435],[93.0177,24.3499],[93.0175,24.3625],[93.0214,24.3741],[93.0184,24.3825],[93.0246,24.3926],[93.0096,24.4062],[93.0087,24.4118]]]},"properties":{"ST_NM":"Mizoram"}},
{"type":"Feature","geometry":{"type":"Polygon","coordinates":[[[95.1946,27.0313],[95.1917,27.0341],[95.1501,26.9993],[95.1387,26.9949],[95.1083,26.977],[95.1041,26.9636],[95.0809,26.9502],[95.0706,26.9492],[95.0496,26.9389],[95.0353,26.9362],[95.0173,26.9214],[94.9912,26.9209],[94.982,26.9134],[94.9764,26.9214],[94.9682,26.9227],[94.9614,26.9369],[94.9552,26.9401],[94.9308,26.9327],[94.9239,26.9466],[94.9138,26.9367],[94.8905,26.9296],[94.8735,26.9176],[94.8659,26.9088],[94.8577,26.8886],[94.844,26.8694],[94.8175,26.8478],[94.8194,26.8377],[94.8132,26.8341],[94.8144,26.8196],[94.8037,26.8138],[94.7997,26.7999],[94.7681,26.7869],[94.7582,26.7661],[94.7483,26.7728],[94.7071,26.7464],[94.6937,26.733],[94.6529,26.7189],[94.6416,26.7205],[94.6245,26.7155],[94.6203,26.7235],[94.5973,26.7347],[94.5903,26.6967],[94.5776,26.7008],[94.5663,26.6903],[94.5623,26.705],[94.5392,26.7063],[94.5201,26.6982],[94.5175,26.682],[94.5056,26.6791],[94.4926,26.666],[94.4809,26.6674],[94.4599,26.6609],[94.4542,26.6505],[94.4618,26.6325],[94.4498,26.6356],[94.4386,26.6242],[94.4257,26.6172],[94.4042,26.6119],[94.4018,26.5937],[94.4122,26.5825],[94.4114,26.5728],[94.4034,26.5453],[94.3895,26.5271],[94.3758,26.5214],[94.3743,26.5075],[94.3546,26.5033],[94.3493,26.4894],[94.3338,26.4794],[94.3253,26.4817],[94.3152,26.4585],[94.2933,26.4712],[94.2882,26.4955],[94.2831,26.5051],[94.286,26.5182],[94.2817,26.5246],[94.2812,26.5487],[94.2706,26.5494],[94.2562,26.5413],[94.2532,26.5329],[94.2365,26.5062],[94.2212,26.4982],[94.2065,26.4856],[94.2026,26.4692],[94.1851,26.4585],[94.174,26.4324],[94.1718,26.4159],[94.1775,26.3821],[94.171,26.3629],[94.1601,26.3544],[94.1778,26.3462],[94.1715,26.3381],[94.1409,26.3315],[94.1197,26.3289],[94.112,26.3181],[94.0996,26.314],[94.0977,26.3021],[94.0842,26.2891],[94.0746,26.2837],[94.0745,26.2645],[94.0686,26.2579],[94.0571,26.2555],[94.0474,26.2491],[94.0364,26.2262],[94.0318,26.1975],[94.0217,26.1939],[94.0153,26.1841],[94.0077,26.1826],[94.001,26.1724],[94.0036,26.1602],[93.9945,26.1476],[94.0038,26.143],[93.9982,26.1313],[93.9889,26.1334],[93.9971,26.107],[93.9892,26.0971],[93.9894,26.0884],[93.9817,26.0823],[93.9849,26.0652],[93.9624,26.0366],[93.9594,26.0123],[93.9529,26.0031],[93.9591,25.9944],[93.9541,25.9694],[93.9686,25.9574],[93.9699,25.9369],[93.9779,25.9282],[93.9786,25.9168],[93.9666,25.906],[93.9516,25.8987],[93.9379,25.8964],[93.9339,25.8853],[93.9159,25.8838],[93.9019,25.8709],[93.8959,25.858],[93.876,25.8426],[93.87,25.8495],[93.8522,25.8583],[93.8451,25.8584],[93.8252,25.8445],[93.8163,25.8227],[93.7954,25.809],[93.79,25.8113],[93.7775,25.8486],[93.7843,25.8585],[93.7868,25.8781],[93.7844,25.8849],[93.796,25.9035],[93.7916,25.9159],[93.7872,25.9467],[93.77,25.96],[93.7675,25.9506],[93.7454,25.9399],[93.735,25.9237],[93.7083,25.9189],[93.7008,25.9108],[93.6942,25.9119],[93.6814,25.9039],[93.702,25.8516],[93.7008,25.8434],[93.6913,25.8439],[93.6805,25.8384],[93.6775,25.8279],[93.6391,25.8163],[93.6268,25.7907],[93.6177,25.7766],[93.6041,25.774],[93.6008,25.765],[93.584,25.7644],[93.5724,25.7536],[93.5619,25.7385],[93.5423,25.7308],[93.5429,25.7152],[93.5311,25.6927],[93.5204,25.6917],[93.5179,25.6819],[93.5064,25.6643],[93.4965,25.6546],[93.489,25.6545],[93.4813,25.6446],[93.4636,25.6446],[93.46,25.6324],[93.4494,25.6357],[93.4248,25.6304],[93.4222,25.6201],[93.4013,25.611],[93.4027,25.602],[93.3795,25.5841],[93.3792,25.5765],[93.3694,25.5705],[93.3638,25.5615],[93.3424,25.5599],[93.3266,25.5454],[93.3346,25.5355],[93.3529,25.5281],[93.3578,25.5131],[93.369,25.4983],[93.384,25.4888],[93.3891,25.4743],[93.3844,25.4695],[93.4005,25.4565],[93.4024,25.4509],[93.4155,25.4451],[93.4363,25.4483],[93.4553,25.4345],[93.4611,25.4218],[93.4592,25.4082],[93.4617,25.398],[93.4729,25.3861],[93.4724,25.3744],[93.4637,25.3597],[93.4515,25.3541],[93.4484,25.3404],[93.4564,25.3355],[93.4539,25.3249],[93.4674,25.311],[93.4716,25.3042],[93.4737,25.2937],[93.4706,25.2736],[93.4804,25.2698],[93.493,25.2744],[93.5064,25.2688],[93.501,25.2557],[93.5007,25.2441],[93.5173,25.2468],[93.5353,25.2437],[93.5474,25.2481],[93.564,25.2387],[93.5691,25.2263],[93.5836,25.2219],[93.5926,25.2033],[93.6053,25.1991],[93.6082,25.211],[93.6149,25.2183],[93.6226,25.2364],[93.6278,25.2419],[93.6374,25.2639],[93.6461,25.2672],[93.6449,25.2762],[93.6522,25.2842],[93.6669,25.3094],[93.6666,25.3223],[93.6814,25.3285],[93.6875,25.3566],[93.7102,25.358],[93.7158,25.3718],[93.7313,25.38],[93.7347,25.3943],[93.7422,25.404],[93.7654,25.4154],[93.7727,25.4255],[93.7833,25.4331],[93.7824,25.4397],[93.7945,25.455],[93.8049,25.4631],[93.8099,25.4842],[93.8008,25.4963],[93.7803,25.5012],[93.7666,25.4936],[93.7581,25.5052],[93.7672,25.5342],[93.8158,25.5423],[93.8217,25.5536],[93.8344,25.5606],[93.8414,25.5561],[93.8597,25.5533],[93.8711,25.5551],[93.8884,25.5651],[93.9183,25.5595],[93.9451,25.557],[93.9546,25.5504],[93.9702,25.5557],[93.9833,25.5683],[94.0047,25.5654],[94.0104,25.5724],[94.0022,25.5851],[94.0103,25.5916],[94.0217,25.5902],[94.0346,25.5797],[94.0476,25.5759],[94.0598,25.5641],[94.0659,25.5534],[94.0757,25.5583],[94.0852,25.5543],[94.0922,25.5443],[94.0928,25.5296],[94.1098,25.5232],[94.1226,25.5229],[94.1375,25.5183],[94.1438,25.5226],[94.1499,25.5432],[94.1627,25.5424],[94.192,25.5487],[94.1859,25.5316],[94.1866,25.524],[94.1953,25.5207],[94.2086,25.5038],[94.2084,25.496],[94.2216,25.4908],[94.24,25.4959],[94.2498,25.4943],[94.2552,25.5006],[94.2673,25.4979],[94.2856,25.5059],[94.3185,25.5025],[94.3489,25.5123],[94.3551,25.5122],[94.3736,25.5222],[94.3812,25.5306],[94.418,25.5384],[94.4225,25.5533],[94.4211,25.5761],[94.425,25.5865],[94.4588,25.6042],[94.468,25.6136],[94.479,25.6152],[94.488,25.6116],[94.5055,25.6141],[94.5069,25.6239],[94.5349,25.6424],[94.5489,25.6564],[94.5517,25.666],[94.5636,25.6755],[94.5605,25.6831],[94.5718,25.6918],[94.5839,25.6849],[94.5884,25.6751],[94.5804,25.6688],[94.5833,25.6575],[94.5734,25.6478],[94.5725,25.6378],[94.5877,25.6334],[94.5755,25.6226],[94.5709,25.6069],[94.56,25.5982],[94.5568,25.5817],[94.561,25.5731],[94.5563,25.5561],[94.5666,25.548],[94.5585,25.5409],[94.5617,25.5333],[94.5545,25.5285],[94.5572,25.5196],[94.5539,25.5026],[94.5679,25.5009],[94.5856,25.4854],[94.5919,25.4845],[94.6103,25.4697],[94.616,25.4625],[94.6373,25.4558],[94.647,25.4564],[94.6567,25.4495],[94.6755,25.4456],[94.6834,25.4662],[94.6923,25.4654],[94.7105,25.4714],[94.7165,25.4705],[94.7439,25.4811],[94.7532,25.4938],[94.7612,25.4828],[94.7838,25.4806],[94.789,25.4895],[94.8055,25.4918],[94.812,25.5115],[94.8248,25.5238],[94.8231,25.5342],[94.8469,25.5622],[94.8536,25.5644],[94.8854,25.5636],[94.8969,25.5712],[94.8814,25.585],[94.8816,25.5899],[94.897,25.5965],[94.9148,25.6075],[94.9164,25.6207],[94.9248,25.6497],[94.9319,25.6563],[94.9365,25.668],[94.9466,25.6727],[94.989,25.7072],[94.9917,25.7193],[95.004,25.729],[95.0228,25.7315],[95.0283,25.7381],[95.0408,25.7423],[95.0487,25.7598],[95.044,25.7741],[95.0496,25.7927],[95.0468,25.8016],[95.0329,25.8143],[95.0293,25.8403],[95.0234,25.8442],[95.018,25.8601],[95.0089,25.8669],[95.0101,25.8752],[95.019,25.881],[95.0128,25.8984],[95.0304,25.9184],[95.0325,25.9262],[95.0438,25.9269],[95.0484,25.9352],[95.0636,25.9426],[95.0731,25.9418],[95.0956,25.9558],[95.1008,25.9658],[95.114,25.9756],[95.1158,25.983],[95.1258,25.9862],[95.1406,26.0085],[95.1589,26.0248],[95.163,26.0468],[95.1857,26.0733],[95.1647,26.0925],[95.147,26.0883],[95.142,26.0946],[95.1303,26.0948],[95.1181,26.1006],[95.1158,26.1133],[95.1261,26.1282],[95.1188,26.1412],[95.1171,26.1629],[95.1266,26.1781],[95.1222,26.1861],[95.1424,26.2119],[95.1331,26.2154],[95.1187,26.2263],[95.1144,26.2334],[95.1254,26.2468],[95.1199,26.2613],[95.1281,26.3017],[95.1225,26.3064],[95.1284,26.3372],[95.1211,26.3496],[95.1322,26.3777],[95.0965,26.4007],[95.104,26.4206],[95.0842,26.4451],[95.0617,26.4495],[95.0715,26.4639],[95.0729,26.4725],[95.0863,26.488],[95.0953,26.4924],[95.1,26.5059],[95.1141,26.5184],[95.1126,26.5362],[95.1072,26.5415],[95.1228,26.5517],[95.1261,26.558],[95.1393,26.5561],[95.141,26.5667],[95.1543,26.5828],[95.1467,26.5932],[95.1491,26.616],[95.1635,26.6215],[95.1671,26.6345],[95.1803,26.6415],[95.1928,26.6412],[95.2085,26.6478],[95.2197,26.6609],[95.2339,26.6825],[95.2302,26.694],[95.2328,26.7058],[95.227,26.7161],[95.2104,26.7312],[95.2194,26.7458],[95.2165,26.7556],[95.2311,26.7651],[95.2292,26.7855],[95.2148,26.7901],[95.2047,26.8047],[95.1973,26.8226],[95.198,26.8389],[95.187,26.8478],[95.1815,26.8613],[95.1995,26.871],[95.2149,26.8836],[95.2303,26.8837],[95.2288,26.9083],[95.2319,26.9197],[95.2263,26.9263],[95.2122,26.9301],[95.2067,26.942],[95.2087,26.9492],[95.2021,26.9583],[95.2114,26.9659],[95.1915,26.9849],[95.1972,27.0018],[95.1946,27.0313]]]},"properties":{"ST_NM":"Nagaland"}},
{"type":"Feature","geometry":{"type":"Polygon","coordinates":[[[76.7767,30.9043],[76.7712,30.9074],[76.7661,30.9208],[76.7492,30.9279],[76.7399,30.9355],[76.7361,30.9462],[76.7223,30.9611],[76.7081,30.9704],[76.6732,30.9688],[76.6658,30.9808],[76.6516,30.9877],[76.638,30.9903],[76.6247,30.9988],[76.6282,31.0246],[76.6165,31.0305],[76.611,31.0459],[76.6226,31.0551],[76.6179,31.0702],[76.6266,31.0929],[76.6385,31.1079],[76.6361,31.1164],[76.617,31.1162],[76.6016,31.1286],[76.6124,31.1482],[76.6018,31.1532],[76.6067,31.1778],[76.615,31.19],[76.6454,31.2091],[76.6277,31.2266],[76.6141,31.2179],[76.5929,31.2119],[76.5887,31.223],[76.5953,31.2272],[76.5984,31.2396],[76.6106,31.2441],[76.6117,31.2498],[76.5962,31.2612],[76.5877,31.2743],[76.5654,31.2618],[76.5612,31.2537],[76.5492,31.2528],[76.5436,31.259],[76.5513,31.2785],[76.5429,31.2821],[76.5377,31.2706],[76.5391,31.2609],[76.5306,31.2564],[76.5229,31.2601],[76.5303,31.2712],[76.5213,31.2803],[76.5064,31.2678],[76.4989,31.2699],[76.4861,31.304],[76.4795,31.3083],[76.4634,31.2935],[76.4586,31.2853],[76.4397,31.279],[76.441,31.2876],[76.4585,31.2954],[76.4631,31.303],[76.4546,31.3118],[76.4317,31.3269],[76.4195,31.3492],[76.4079,31.3659],[76.404,31.378],[76.3926,31.3895],[76.4033,31.3969],[76.3899,31.4166],[76.3792,31.4284],[76.3728,31.4237],[76.3721,31.4085],[76.353,31.3986],[76.3311,31.4012],[76.3297,31.3787],[76.3417,31.3782],[76.3408,31.3635],[76.3468,31.3434],[76.3377,31.3403],[76.3314,31.3466],[76.3076,31.3426],[76.3136,31.3294],[76.3112,31.3195],[76.2987,31.3114],[76.2749,31.3008],[76.2675,31.3107],[76.2408,31.3086],[76.2139,31.2995],[76.191,31.3],[76.1808,31.3105],[76.1813,31.3337],[76.1788,31.3405],[76.159,31.3437],[76.1493,31.3533],[76.1484,31.3807],[76.1634,31.3908],[76.1698,31.399],[76.1686,31.4097],[76.1525,31.4335],[76.1468,31.4337],[76.1345,31.4505],[76.1346,31.4615],[76.1283,31.4741],[76.117,31.4831],[76.1193,31.4985],[76.1131,31.4999],[76.1015,31.5228],[76.0985,31.5365],[76.0799,31.554],[76.072,31.5696],[76.0592,31.5812],[76.0551,31.6057],[76.0458,31.6036],[76.0177,31.6322],[76.018,31.6496],[76.0094,31.6526],[76.0048,31.6751],[75.983,31.7189],[75.9707,31.7568],[75.9602,31.7812],[75.9532,31.7884],[75.937,31.8145],[75.9475,31.813],[75.9694,31.8239],[75.9612,31.8549],[75.9373,31.8977],[75.9115,31.9399],[75.9107,31.9489],[75.8925,31.9618],[75.8742,31.9695],[75.8569,31.9739],[75.851,31.9822],[75.824,31.9835],[75.8112,31.988],[75.7797,32.0047],[75.7508,32.0377],[75.7424,32.0394],[75.7244,32.0331],[75.7107,32.0415],[75.7031,32.0547],[75.691,32.0613],[75.6768,32.0643],[75.675,32.0701],[75.6543,32.0776],[75.6472,32.073],[75.6316,32.0744],[75.6021,32.0659],[75.5943,32.0791],[75.6008,32.0931],[75.6203,32.0979],[75.6265,32.1063],[75.6289,32.1212],[75.6436,32.1265],[75.6613,32.1369],[75.6731,32.1588],[75.6661,32.1643],[75.6672,32.1776],[75.6589,32.1774],[75.6632,32.1916],[75.6519,32.1969],[75.6377,32.1876],[75.6247,32.1899],[75.6265,32.2155],[75.6387,32.2213],[75.6362,32.2316],[75.6179,32.2367],[75.6434,32.2524],[75.6571,32.2512],[75.7133,32.2726],[75.7448,32.2769],[75.773,32.2903],[75.7827,32.3103],[75.8022,32.3282],[75.8152,32.3304],[75.8079,32.3418],[75.8112,32.3486],[75.827,32.3505],[75.8453,32.3574],[75.8466,32.3723],[75.8565,32.3848],[75.8742,32.3958],[75.8938,32.3933],[75.9156,32.397],[75.9222,32.3923],[75.9322,32.399],[75.9192,32.4121],[75.9206,32.4291],[75.9057,32.4394],[75.9014,32.4531],[75.8904,32.4576],[75.8791,32.4704],[75.8576,32.4839],[75.8472,32.4971],[75.8453,32.5066],[75.8344,32.5118],[75.8233,32.4951],[75.8016,32.4856],[75.7777,32.4657],[75.755,32.4563],[75.7295,32.4532],[75.7273,32.4457],[75.7435,32.4329],[75.7373,32.4296],[75.7235,32.4102],[75.7114,32.411],[75.7012,32.3996],[75.687,32.3905],[75.6741,32.3936],[75.6477,32.3875],[75.6359,32.3808],[75.6036,32.3766],[75.5967,32.3777],[75.5598,32.3571],[75.5395,32.3362],[75.5425,32.3056],[75.5334,32.2777],[75.5209,32.277],[75.5034,32.2917],[75.5121,32.3079],[75.4821,32.3204],[75.4802,32.3343],[75.4657,32.327],[75.4483,32.3265],[75.441,32.3184],[75.419,32.32],[75.411,32.3288],[75.3951,32.3276],[75.3763,32.3352],[75.3633,32.3335],[75.3493,32.345],[75.3414,32.3461],[75.3328,32.3275],[75.3342,32.3118],[75.321,32.2974],[75.3499,32.2888],[75.3438,32.279],[75.3718,32.2797],[75.3815,32.269],[75.3704,32.2582],[75.3742,32.2414],[75.3717,32.2247],[75.3655,32.2199],[75.3421,32.2171],[75.3313,32.2197],[75.3202,32.2043],[75.3101,32.1961],[75.3184,32.1877],[75.3139,32.1722],[75.3067,32.1692],[75.2994,32.1535],[75.2854,32.1518],[75.2773,32.1371],[75.2834,32.132],[75.2769,32.1156],[75.2627,32.1122],[75.2612,32.1016],[75.2451,32.0999],[75.2402,32.0911],[75.2293,32.0933],[75.2354,32.1035],[75.2203,32.1077],[75.2156,32.1212],[75.2027,32.1194],[75.2055,32.109],[75.1979,32.0986],[75.1959,32.0836],[75.1792,32.0764],[75.1741,32.0677],[75.1576,32.0819],[75.1228,32.0815],[75.1018,32.0594],[75.0957,32.0684],[75.0839,32.0601],[75.0688,32.0636],[75.0586,32.0528],[75.0406,32.0426],[75.0324,32.0511],[75.0187,32.047],[75.0123,32.0357],[75.0011,32.0412],[74.9852,32.0424],[74.9739,32.0535],[74.9449,32.0637],[74.9274,32.0664],[74.9046,32.0503],[74.8897,32.0552],[74.8753,32.0508],[74.8724,32.0416],[74.8763,32.0341],[74.8591,32.0216],[74.8468,32.0084],[74.8389,32.0085],[74.8287,31.9983],[74.8312,31.9809],[74.8189,31.9587],[74.8059,31.963],[74.8022,31.9579],[74.7816,31.9558],[74.7685,31.9477],[74.743,31.9397],[74.7343,31.9454],[74.7224,31.9429],[74.7076,31.9231],[74.6958,31.9267],[74.6771,31.9262],[74.6584,31.9103],[74.6366,31.884],[74.6297,31.882],[74.6159,31.8894],[74.6066,31.8685],[74.5961,31.866],[74.5906,31.8486],[74.5834,31.8519],[74.5706,31.837],[74.5711,31.819],[74.565,31.8081],[74.5671,31.7964],[74.5555,31.7914],[74.5512,31.7787],[74.5617,31.7631],[74.5594,31.7579],[74.5139,31.74],[74.5051,31.7398],[74.5029,31.7284],[74.4942,31.7255],[74.4866,31.7151],[74.4992,31.7094],[74.5025,31.6953],[74.5242,31.687],[74.535,31.6776],[74.5296,31.6694],[74.5402,31.6599],[74.5374,31.6532],[74.5476,31.6428],[74.5474,31.632],[74.5554,31.6079],[74.5754,31.6039],[74.5816,31.5866],[74.592,31.5741],[74.6096,31.5687],[74.616,31.5575],[74.6128,31.5274],[74.5959,31.526],[74.5841,31.5208],[74.5811,31.5068],[74.5947,31.5015],[74.6097,31.4998],[74.6195,31.4851],[74.632,31.4865],[74.6286,31.4764],[74.6477,31.4655],[74.6532,31.4553],[74.6398,31.4475],[74.6394,31.4407],[74.6539,31.4278],[74.6435,31.4161],[74.6336,31.4187],[74.6223,31.4302],[74.6193,31.4199],[74.6089,31.4237],[74.5964,31.4163],[74.5872,31.3981],[74.5834,31.3791],[74.5516,31.3644],[74.5514,31.3534],[74.5435,31.3347],[74.5337,31.325],[74.5408,31.3061],[74.5311,31.2844],[74.5205,31.2689],[74.5326,31.2497],[74.5171,31.2268],[74.5246,31.2202],[74.5191,31.1835],[74.5099,31.1734],[74.5152,31.1521],[74.5103,31.132],[74.5248,31.1293],[74.5387,31.1226],[74.5484,31.1221],[74.5513,31.0865],[74.5713,31.0813],[74.5737,31.0858],[74.6007,31.088],[74.6105,31.0992],[74.6099,31.1117],[74.5968,31.1261],[74.6009,31.1321],[74.6308,31.1327],[74.6323,31.1216],[74.6403,31.1197],[74.6591,31.1341],[74.6664,31.1244],[74.6891,31.128],[74.6898,31.1183],[74.6981,31.1125],[74.7024,31.0917],[74.6907,31.0815],[74.6957,31.0743],[74.6711,31.0536],[74.6204,31.0443],[74.6131,31.0448],[74.5969,31.0376],[74.5903,31.05],[74.5744,31.0568],[74.5614,31.0487],[74.5593,31.0392],[74.548,31.0325],[74.5396,31.0088],[74.5464,30.9924],[74.5162,30.9794],[74.5087,30.9673],[74.498,30.9644],[74.4919,30.9744],[74.4798,30.9742],[74.4569,30.9642],[74.4637,30.9583],[74.442,30.9517],[74.4395,30.9421],[74.4178,30.9379],[74.4237,30.9296],[74.4228,30.9078],[74.3973,30.9094],[74.383,30.8953],[74.3659,30.8929],[74.3609,30.8737],[74.3822,30.8604],[74.3695,30.8574],[74.3634,30.8472],[74.3482,30.855],[74.3248,30.8495],[74.3198,30.8273],[74.2993,30.8046],[74.2966,30.7968],[74.3033,30.7815],[74.2974,30.7771],[74.2607,30.7698],[74.2736,30.7534],[74.2751,30.7368],[74.2654,30.7249],[74.2326,30.7245],[74.2272,30.7188],[74.2192,30.6935],[74.2053,30.676],[74.1934,30.6652],[74.1816,30.6613],[74.1693,30.6486],[74.1632,30.6484],[74.1491,30.6316],[74.1377,30.6274],[74.1285,30.6323],[74.1211,30.6225],[74.1179,30.6078],[74.105,30.6192],[74.1013,30.6032],[74.0952,30.6011],[74.1019,30.5791],[74.0735,30.5546],[74.0799,30.5483],[74.0909,30.5494],[74.0723,30.5229],[74.0573,30.5186],[74.0501,30.5371],[74.0392,30.5426],[74.038,30.5317],[74.0238,30.526],[74.0119,30.5336],[74.0109,30.5211],[74.0199,30.5141],[73.9927,30.5142],[73.976,30.494],[73.9637,30.4848],[73.9696,30.4783],[73.9641,30.4564],[73.9541,30.4582],[73.9458,30.4682],[73.9477,30.4839],[73.9346,30.4901],[73.928,30.4658],[73.9376,30.4521],[73.937,30.4365],[73.9681,30.4402],[73.9648,30.4247],[73.946,30.4143],[73.9357,30.4015],[73.9228,30.3984],[73.9162,30.3855],[73.9042,30.3751],[73.8854,30.3667],[73.8798,30.3598],[73.9026,30.3491],[73.9317,30.3186],[73.9369,30.3063],[73.9565,30.2761],[73.9622,30.2634],[73.9726,30.1981],[73.9742,30.1888],[73.9682,30.1685],[73.968,30.1437],[73.9707,30.1251],[73.9522,30.104],[73.9494,30.0959],[73.9299,30.0685],[73.904,30.05],[73.8937,30.0223],[73.8863,30.0121],[73.8861,29.9972],[73.8949,29.9833],[73.8955,29.9741],[73.9638,29.9715],[74.1017,29.9671],[74.2492,29.9581],[74.3838,29.9503],[74.5272,29.9428],[74.5317,29.9492],[74.542,29.9401],[74.5645,29.9276],[74.5824,29.9243],[74.5967,29.9123],[74.6292,29.905],[74.6468,29.9043],[74.6486,29.9205],[74.6582,29.9323],[74.6863,29.9493],[74.6936,29.9669],[74.7022,29.9719],[74.7314,29.9615],[74.7403,29.9684],[74.7533,29.9678],[74.763,29.9732],[74.7794,29.972],[74.8064,29.9921],[74.816,29.9919],[74.8243,29.9857],[74.8248,29.9747],[74.8385,29.9711],[74.8562,29.9565],[74.8635,29.9599],[74.8757,29.9575],[74.888,29.9671],[74.9033,29.9519],[74.9052,29.94],[74.9228,29.952],[74.9363,29.9265],[74.9517,29.9026],[74.9788,29.8942],[74.9774,29.8879],[74.9905,29.868],[75.006,29.8688],[75.0225,29.8663],[75.0329,29.8798],[75.0483,29.8852],[75.0561,29.8781],[75.0699,29.8771],[75.0743,29.882],[75.0753,29.8964],[75.0888,29.9172],[75.1103,29.902],[75.1147,29.8787],[75.1071,29.8683],[75.0908,29.8527],[75.1029,29.8419],[75.111,29.842],[75.1187,29.8309],[75.1003,29.8194],[75.1007,29.8068],[75.1191,29.8027],[75.1368,29.806],[75.1401,29.7865],[75.151,29.7755],[75.1649,29.7824],[75.1666,29.7882],[75.1591,29.8013],[75.164,29.8241],[75.1759,29.8281],[75.191,29.8414],[75.2103,29.8329],[75.214,29.824],[75.2097,29.8174],[75.2085,29.7932],[75.2244,29.7808],[75.2357,29.7597],[75.2416,29.7546],[75.2381,29.74],[75.2263,29.7289],[75.2156,29.7381],[75.2081,29.7375],[75.1969,29.7161],[75.1978,29.7033],[75.2072,29.7019],[75.2068,29.6875],[75.1988,29.68],[75.1881,29.6813],[75.1679,29.667],[75.1746,29.6556],[75.1876,29.6518],[75.1824,29.6293],[75.1975,29.6192],[75.2067,29.6219],[75.2191,29.6158],[75.2353,29.6021],[75.2217,29.5803],[75.2344,29.5698],[75.2421,29.5459],[75.2711,29.5492],[75.2804,29.554],[75.2811,29.5615],[75.2957,29.5588],[75.3094,29.5608],[75.314,29.5893],[75.3034,29.6026],[75.2901,29.6073],[75.2957,29.625],[75.3058,29.6245],[75.3166,29.6306],[75.3235,29.6425],[75.3222,29.6516],[75.3318,29.6632],[75.3328,29.6726],[75.3542,29.6749],[75.3457,29.696],[75.3708,29.7045],[75.3757,29.7141],[75.384,29.7122],[75.3932,29.7209],[75.3881,29.728],[75.4048,29.739],[75.4051,29.7576],[75.4141,29.77],[75.4281,29.7711],[75.4383,29.78],[75.4539,29.782],[75.4582,29.7948],[75.4528,29.8019],[75.4616,29.8077],[75.4796,29.7928],[75.4994,29.7829],[75.5027,29.7779],[75.5189,29.7756],[75.5271,29.7616],[75.5327,29.7706],[75.5611,29.7707],[75.5697,29.7568],[75.5721,29.7433],[75.58,29.7394],[75.5899,29.7475],[75.6009,29.7496],[75.6167,29.7443],[75.6345,29.7553],[75.6351,29.7723],[75.661,29.7768],[75.6783,29.7761],[75.6921,29.7554],[75.7028,29.7524],[75.7048,29.7641],[75.7123,29.7741],[75.7103,29.7808],[75.7161,29.7896],[75.7141,29.8019],[75.7211,29.8128],[75.7378,29.814],[75.7469,29.8073],[75.7578,29.8056],[75.7788,29.8224],[75.7885,29.8114],[75.8064,29.8047],[75.8158,29.8042],[75.8352,29.8144],[75.837,29.7943],[75.8437,29.7899],[75.8511,29.7731],[75.8667,29.7666],[75.8702,29.7493],[75.8988,29.7463],[75.9063,29.754],[75.9224,29.7377],[75.9387,29.7307],[75.9507,29.732],[75.9844,29.7271],[75.9942,29.7388],[76.0309,29.7476],[76.0434,29.7427],[76.0669,29.7738],[76.0768,29.7749],[76.0847,29.7846],[76.085,29.8008],[76.0981,29.8106],[76.1051,29.8119],[76.1203,29.8002],[76.1292,29.797],[76.148,29.82],[76.1721,29.8175],[76.1848,29.8228],[76.1958,29.8422],[76.2133,29.8425],[76.2324,29.8537],[76.2438,29.8524],[76.2467,29.8744],[76.2301,29.8854],[76.2187,29.8836],[76.1934,29.8857],[76.1856,29.8925],[76.1883,29.9171],[76.1816,29.9235],[76.1782,29.9422],[76.1906,29.9553],[76.1953,29.9659],[76.2054,29.9738],[76.2107,29.9882],[76.2066,29.9938],[76.21,30.0052],[76.2246,30.0084],[76.231,30.0159],[76.2139,30.0226],[76.2137,30.0317],[76.2225,30.0369],[76.2219,30.0476],[76.2262,30.0587],[76.2363,30.0676],[76.2489,30.0851],[76.2489,30.0922],[76.2412,30.1017],[76.2287,30.1074],[76.2197,30.1161],[76.223,30.1271],[76.2072,30.1446],[76.2095,30.1547],[76.2274,30.1445],[76.2537,30.1216],[76.2678,30.1145],[76.2746,30.1149],[76.2853,30.1062],[76.2966,30.1144],[76.3089,30.1076],[76.3187,30.0973],[76.3399,30.0987],[76.3544,30.1169],[76.342,30.1264],[76.3335,30.1382],[76.3505,30.1469],[76.3589,30.1402],[76.3627,30.1239],[76.3679,30.1176],[76.3889,30.1133],[76.3988,30.116],[76.3911,30.1348],[76.4091,30.1468],[76.395,30.158],[76.3872,30.1706],[76.403,30.1821],[76.4064,30.1904],[76.4218,30.1924],[76.4343,30.1831],[76.4406,30.1659],[76.4365,30.156],[76.4285,30.1509],[76.4377,30.1423],[76.4413,30.131],[76.4599,30.1295],[76.4563,30.1155],[76.4625,30.1011],[76.4913,30.0947],[76.5032,30.0946],[76.5128,30.086],[76.5162,30.0729],[76.5316,30.0783],[76.547,30.0762],[76.5581,30.0852],[76.5605,30.0934],[76.5749,30.1017],[76.5485,30.1117],[76.5532,30.122],[76.577,30.11],[76.5993,30.1125],[76.6208,30.1374],[76.6398,30.1503],[76.6333,30.167],[76.6224,30.1676],[76.6003,30.1839],[76.6034,30.1931],[76.6171,30.201],[76.6363,30.1966],[76.645,30.1888],[76.6286,30.1785],[76.6359,30.1686],[76.6518,30.1769],[76.6561,30.1852],[76.6498,30.1911],[76.6533,30.2011],[76.6388,30.2062],[76.6206,30.2054],[76.6151,30.2108],[76.6246,30.2187],[76.6239,30.2278],[76.6035,30.2378],[76.6029,30.2517],[76.5906,30.2535],[76.5853,30.2453],[76.5656,30.2319],[76.5581,30.2499],[76.5566,30.2623],[76.5838,30.2703],[76.5929,30.2618],[76.6011,30.2704],[76.6139,30.2722],[76.6234,30.2646],[76.6385,30.2844],[76.65,30.2907],[76.6705,30.3115],[76.677,30.3079],[76.688,30.3269],[76.711,30.3258],[76.7223,30.3333],[76.7326,30.3484],[76.7483,30.3525],[76.7461,30.3672],[76.7375,30.3705],[76.7254,30.3618],[76.7237,30.3721],[76.7134,30.3881],[76.7152,30.4029],[76.7282,30.4004],[76.7398,30.4111],[76.735,30.4191],[76.7488,30.4292],[76.7688,30.4308],[76.7764,30.4414],[76.7876,30.4335],[76.7773,30.4248],[76.7903,30.4147],[76.8039,30.4126],[76.811,30.4164],[76.8234,30.4116],[76.851,30.4353],[76.8559,30.4179],[76.8744,30.4096],[76.8833,30.4087],[76.8858,30.3943],[76.8979,30.3821],[76.8906,30.3724],[76.8975,30.3593],[76.9156,30.3653],[76.9211,30.3747],[76.9331,30.3817],[76.9394,30.3948],[76.918,30.4065],[76.9112,30.4192],[76.8864,30.4297],[76.896,30.4395],[76.9029,30.4542],[76.9122,30.4658],[76.9073,30.4744],[76.8969,30.4812],[76.8989,30.4888],[76.9108,30.4943],[76.9199,30.4901],[76.9311,30.5009],[76.9286,30.5076],[76.932,30.5222],[76.9156,30.5258],[76.9129,30.5336],[76.8964,30.538],[76.9164,30.5541],[76.9089,30.5648],[76.9177,30.5762],[76.9202,30.5933],[76.9271,30.6037],[76.926,30.6101],[76.9118,30.6131],[76.9101,30.6262],[76.8958,30.6288],[76.8964,30.6359],[76.8809,30.6454],[76.8712,30.6422],[76.8742,30.674],[76.862,30.6636],[76.8468,30.6567],[76.8458,30.6687],[76.8325,30.6632],[76.8292,30.681],[76.8086,30.6674],[76.7969,30.6676],[76.79,30.6756],[76.7766,30.6704],[76.764,30.6864],[76.7524,30.6845],[76.7391,30.7058],[76.73,30.7069],[76.7295,30.7235],[76.7128,30.7413],[76.7055,30.7565],[76.7117,30.7617],[76.7441,30.7698],[76.7436,30.7762],[76.7608,30.7909],[76.7715,30.7953],[76.7828,30.7892],[76.7911,30.7688],[76.8105,30.7798],[76.8178,30.7712],[76.805,30.7653],[76.815,30.753],[76.8265,30.7635],[76.8381,30.7549],[76.8418,30.7745],[76.8543,30.7873],[76.857,30.7948],[76.8453,30.8072],[76.8488,30.8142],[76.8467,30.834],[76.814,30.843],[76.8146,30.8525],[76.8014,30.8659],[76.7905,30.8698],[76.7843,30.8779],[76.7767,30.9043]]]},"properties":{"ST_NM":"Punjab"}},
{"type":"Feature","geometry":{"type":"Polygon","coordinates":[[[74.5272,29.9428],[74.3838,29.9503],[74.2492,29.9581],[74.1017,29.9671],[73.9638,29.9715],[73.8955,29.9741],[73.8949,29.9833],[73.8861,29.9972],[73.8863,30.0121],[73.8937,30.0223],[73.904,30.05],[73.9299,30.0685],[73.9494,30.0959],[73.9522,30.104],[73.9707,30.1251],[73.968,30.1437],[73.9682,30.1685],[73.9742,30.1888],[73.9726,30.1981],[73.9079,30.1491],[73.8303,30.0935],[73.8215,30.0864],[73.8062,30.0677],[73.5971,30.0189],[73.397,29.9459],[73.3943,29.9385],[73.3581,29.8153],[73.336,29.7416],[73.2824,29.572],[73.184,29.404],[73.0947,29.2523],[73.0845,29.2358],[73.0043,29.1529],[72.9795,29.099],[72.9452,29.0277],[72.7325,28.9476],[72.6268,28.8916],[72.4793,28.8122],[72.4037,28.7832],[72.3545,28.7331],[72.2993,28.6695],[72.2801,28.6069],[72.2342,28.4785],[72.2061,28.3941],[72.1963,28.3824],[72.1517,28.3353],[72.1322,28.3129],[72.096,28.2869],[72.0164,28.2276],[71.9961,28.208],[71.9277,28.1216],[71.8983,27.9615],[71.875,27.9549],[71.7337,27.9033],[71.666,27.8778],[71.5384,27.8762],[71.4808,27.8734],[71.4468,27.8742],[71.3826,27.8725],[71.2922,27.8529],[71.22,27.8378],[71.2051,27.8353],[71.0896,27.7874],[71.0616,27.7741],[71.019,27.7577],[70.9824,27.7422],[70.9628,27.7293],[70.951,27.7288],[70.9058,27.7095],[70.8716,27.7056],[70.7591,27.7212],[70.7503,27.7336],[70.7395,27.7419],[70.7321,27.7604],[70.6978,27.8112],[70.684,27.8282],[70.6781,27.8723],[70.6771,27.9218],[70.5983,27.9931],[70.5892,28.0104],[70.554,28.0263],[70.5054,28.037],[70.4887,28.0345],[70.4391,28.0202],[70.3719,28.0118],[70.3108,27.9495],[70.2958,27.9359],[70.2258,27.9008],[70.1974,27.8667],[70.1453,27.8204],[70.1322,27.8056],[70.1231,27.7876],[70.1129,27.7604],[70.0685,27.6551],[70.0257,27.5629],[69.9995,27.5465],[69.9659,27.5235],[69.9335,27.4978],[69.9083,27.4587],[69.8906,27.4333],[69.8629,27.4022],[69.783,27.3425],[69.76,27.3211],[69.7142,27.293],[69.7021,27.2839],[69.6446,27.2252],[69.6278,27.211],[69.6001,27.194],[69.5869,27.1835],[69.5131,27.01],[69.5136,27.002],[69.4975,26.8669],[69.4886,26.8317],[69.4842,26.8049],[69.4861,26.7981],[69.5101,26.7436],[69.7195,26.6548],[69.7283,26.6497],[69.7917,26.5983],[69.8236,26.5889],[69.8859,26.5788],[69.9344,26.5815],[70.0117,26.5928],[70.056,26.6006],[70.1172,26.587],[70.1379,26.572],[70.1547,26.5639],[70.174,26.5514],[70.1792,26.5058],[70.1843,26.4804],[70.18,26.4551],[70.1767,26.424],[70.1851,26.3743],[70.1788,26.3428],[70.1634,26.295],[70.1749,26.252],[70.168,26.2182],[70.1409,26.156],[70.0832,26.0834],[70.0973,25.9505],[70.0995,25.9383],[70.1741,25.8285],[70.1969,25.8156],[70.2222,25.7932],[70.2514,25.7557],[70.2626,25.7203],[70.2684,25.7138],[70.3582,25.6803],[70.3867,25.6739],[70.4482,25.682],[70.5012,25.6849],[70.5299,25.6836],[70.5523,25.6923],[70.5937,25.7108],[70.6085,25.7151],[70.647,25.7128],[70.6598,25.7022],[70.6737,25.676],[70.6733,25.6448],[70.6699,25.6327],[70.6712,25.6112],[70.6691,25.5931],[70.6669,25.5314],[70.6782,25.5257],[70.6735,25.4748],[70.6717,25.4204],[70.6645,25.3971],[70.6984,25.365],[70.7365,25.3326],[70.7513,25.2779],[70.8185,25.2139],[70.8419,25.1908],[70.8882,25.1483],[70.9021,25.0727],[70.9195,24.9959],[70.9374,24.9388],[70.9437,24.9257],[70.9552,24.9126],[70.9918,24.8636],[71.0178,24.8194],[71.0263,24.8091],[71.0336,24.7882],[71.0652,24.7176],[71.112,24.6757],[71.2876,24.6158],[71.2987,24.6239],[71.3137,24.648],[71.3478,24.661],[71.3586,24.6309],[71.3782,24.6261],[71.3844,24.6337],[71.3938,24.6326],[71.3984,24.6406],[71.4226,24.6477],[71.4272,24.6555],[71.4505,24.6688],[71.4618,24.6663],[71.4778,24.6795],[71.5127,24.6794],[71.529,24.6851],[71.5419,24.6761],[71.5781,24.682],[71.5904,24.6673],[71.6079,24.677],[71.6243,24.6697],[71.6296,24.6604],[71.6391,24.6587],[71.6439,24.6438],[71.6554,24.6391],[71.6617,24.6436],[71.6776,24.6462],[71.7079,24.6617],[71.7308,24.6602],[71.7365,24.6602],[71.7624,24.6685],[71.7717,24.6753],[71.7915,24.6772],[71.8024,24.6719],[71.8104,24.6559],[71.8025,24.631],[71.8161,24.6202],[71.8319,24.6233],[71.8394,24.6206],[71.8522,24.6092],[71.8564,24.6231],[71.8654,24.6306],[71.8572,24.6541],[71.8578,24.6664],[71.8718,24.6816],[71.885,24.6774],[71.8882,24.672],[71.9075,24.6774],[71.9202,24.6708],[71.9203,24.664],[71.9117,24.6584],[71.9255,24.6359],[71.9395,24.6362],[71.9397,24.6357],[71.9553,24.6451],[71.9636,24.6454],[71.9784,24.6573],[71.9882,24.6574],[71.9828,24.6724],[71.9841,24.6863],[71.9941,24.695],[72.0014,24.6883],[72.0125,24.6905],[72.0583,24.7124],[72.0847,24.7069],[72.0928,24.6818],[72.0864,24.6788],[72.0898,24.6586],[72.0981,24.656],[72.1088,24.6465],[72.1246,24.6385],[72.1282,24.6416],[72.1502,24.6436],[72.1606,24.6347],[72.1648,24.6212],[72.1871,24.6194],[72.2167,24.6268],[72.2269,24.6391],[72.2337,24.6404],[72.2486,24.6268],[72.2631,24.6308],[72.283,24.6256],[72.2964,24.6248],[72.305,24.6174],[72.3202,24.6177],[72.3355,24.6332],[72.348,24.6269],[72.3434,24.6206],[72.3439,24.6094],[72.3385,24.6],[72.3177,24.5942],[72.3078,24.5958],[72.3033,24.6056],[72.29,24.6036],[72.2761,24.6073],[72.2644,24.6044],[72.2463,24.5862],[72.2531,24.575],[72.269,24.5607],[72.2857,24.5651],[72.2902,24.5503],[72.3236,24.5513],[72.3309,24.5692],[72.3414,24.563],[72.3539,24.5635],[72.3584,24.5508],[72.3677,24.5475],[72.3681,24.5383],[72.3765,24.5246],[72.3795,24.5127],[72.3917,24.5107],[72.413,24.5171],[72.4416,24.5147],[72.4438,24.5084],[72.4302,24.4801],[72.4338,24.46],[72.4515,24.442],[72.4582,24.4253],[72.4573,24.4147],[72.475,24.4143],[72.5004,24.4169],[72.4932,24.459],[72.5044,24.4583],[72.5048,24.4715],[72.5155,24.4859],[72.5201,24.5003],[72.5335,24.5037],[72.5373,24.5195],[72.5469,24.5111],[72.576,24.4788],[72.6136,24.4722],[72.6563,24.4621],[72.6809,24.465],[72.6882,24.4577],[72.6798,24.4433],[72.6892,24.4116],[72.7003,24.3959],[72.7199,24.3747],[72.7326,24.3635],[72.7714,24.3681],[72.8037,24.3632],[72.8148,24.3701],[72.8375,24.3692],[72.8498,24.3719],[72.87,24.3658],[72.8912,24.3569],[72.9107,24.3371],[72.9192,24.3443],[72.9377,24.3482],[72.9537,24.3564],[72.9776,24.3734],[72.9744,24.3827],[72.9493,24.3981],[72.9619,24.4058],[72.971,24.4175],[72.9808,24.4365],[72.9743,24.4398],[72.9695,24.4529],[72.9998,24.4832],[73.0067,24.4753],[73.0014,24.4689],[73.0195,24.4647],[73.0435,24.4692],[73.0479,24.4746],[73.0674,24.4836],[73.0713,24.4916],[73.086,24.4984],[73.0959,24.49],[73.0911,24.475],[73.1017,24.4711],[73.1033,24.4557],[73.0984,24.4484],[73.1028,24.4333],[73.101,24.4273],[73.0865,24.4121],[73.0765,24.3965],[73.087,24.3867],[73.1027,24.3873],[73.1117,24.3735],[73.1328,24.367],[73.152,24.3543],[73.1707,24.3557],[73.1871,24.3711],[73.1962,24.3764],[73.206,24.375],[73.2193,24.3638],[73.2063,24.3512],[73.1986,24.3318],[73.1902,24.3328],[73.1817,24.3432],[73.1746,24.33],[73.1736,24.3085],[73.1665,24.2992],[73.1409,24.311],[73.1354,24.3083],[73.1255,24.2733],[73.1076,24.2642],[73.1036,24.2554],[73.0941,24.2468],[73.0971,24.231],[73.0922,24.2232],[73.0785,24.2193],[73.0793,24.205],[73.0675,24.1946],[73.0766,24.1791],[73.0992,24.1594],[73.1039,24.1498],[73.1294,24.1226],[73.1375,24.1225],[73.1572,24.1094],[73.1559,24.1037],[73.1645,24.0961],[73.1671,24.0954],[73.1973,24.0865],[73.2139,24.0776],[73.2014,24.0496],[73.1932,24.0409],[73.2089,24.0338],[73.2104,24.029],[73.2296,24.0218],[73.2395,24.004],[73.2493,24.0031],[73.261,24.0176],[73.2705,24.0209],[73.2824,24.0192],[73.2998,24.0466],[73.3067,24.046],[73.3159,24.0583],[73.3253,24.0773],[73.3223,24.0895],[73.3266,24.1096],[73.3387,24.0987],[73.3486,24.107],[73.362,24.1046],[73.3606,24.0819],[73.3863,24.0646],[73.4046,24.0411],[73.401,24.0311],[73.408,24.008],[73.4033,23.9911],[73.415,23.9857],[73.4161,23.9701],[73.413,23.9459],[73.4208,23.9307],[73.4201,23.9248],[73.4065,23.9164],[73.3952,23.9189],[73.3875,23.9158],[73.371,23.8911],[73.3688,23.8795],[73.3611,23.8726],[73.3542,23.8518],[73.3677,23.8394],[73.3679,23.8141],[73.3573,23.7939],[73.3561,23.7849],[73.3715,23.7704],[73.383,23.7694],[73.3945,23.7828],[73.4108,23.7801],[73.4164,23.7702],[73.4319,23.7564],[73.4453,23.7548],[73.4501,23.7333],[73.4716,23.7192],[73.4735,23.7051],[73.4907,23.7068],[73.5073,23.7028],[73.5084,23.6955],[73.5039,23.6566],[73.5056,23.6387],[73.4938,23.6323],[73.5064,23.6189],[73.5227,23.6071],[73.5332,23.6196],[73.5465,23.6259],[73.5687,23.6529],[73.5899,23.654],[73.6152,23.6521],[73.6417,23.6274],[73.6557,23.6212],[73.6449,23.6041],[73.6439,23.5877],[73.6475,23.5743],[73.6374,23.5659],[73.6331,23.555],[73.6352,23.5383],[73.6331,23.5286],[73.6504,23.5185],[73.6564,23.5074],[73.6496,23.4964],[73.6407,23.4963],[73.6403,23.4826],[73.6332,23.4691],[73.636,23.449],[73.6462,23.4413],[73.6531,23.4424],[73.6739,23.454],[73.6913,23.4582],[73.7043,23.4514],[73.7051,23.4384],[73.7132,23.4143],[73.7212,23.4103],[73.7288,23.4231],[73.7493,23.44],[73.7565,23.4501],[73.7673,23.453],[73.7724,23.4386],[73.779,23.4312],[73.7958,23.4317],[73.8015,23.437],[73.8186,23.4384],[73.828,23.4469],[73.8332,23.4358],[73.8303,23.4262],[73.8389,23.4193],[73.8456,23.4074],[73.8582,23.3962],[73.8671,23.3782],[73.8738,23.3751],[73.8743,23.3636],[73.8884,23.3561],[73.8929,23.3478],[73.8896,23.3363],[73.9186,23.3354],[73.9337,23.3385],[73.9394,23.3443],[73.938,23.3679],[73.9624,23.3808],[73.9742,23.3727],[73.9842,23.3527],[73.982,23.3378],[74.0044,23.3358],[74.0287,23.3316],[74.0248,23.321],[74.0377,23.2954],[74.0483,23.2932],[74.0718,23.2988],[74.0922,23.298],[74.1069,23.2937],[74.1139,23.2843],[74.1156,23.2743],[74.1388,23.266],[74.1363,23.2452],[74.1408,23.2229],[74.1363,23.2109],[74.1256,23.2042],[74.1228,23.1845],[74.1278,23.176],[74.1467,23.1733],[74.1555,23.1563],[74.1854,23.1568],[74.1834,23.168],[74.1886,23.1781],[74.1958,23.1805],[74.2029,23.1902],[74.2345,23.1797],[74.2471,23.1844],[74.2529,23.172],[74.2693,23.1635],[74.2738,23.158],[74.2771,23.1406],[74.2837,23.1256],[74.2927,23.1179],[74.2834,23.0954],[74.2895,23.0884],[74.3001,23.0858],[74.3185,23.0731],[74.3244,23.0614],[74.3415,23.0679],[74.356,23.0799],[74.3564,23.0887],[74.3845,23.1111],[74.405,23.1123],[74.423,23.1041],[74.4322,23.105],[74.4407,23.0951],[74.4641,23.0817],[74.4894,23.0875],[74.5058,23.0851],[74.5132,23.0959],[74.5237,23.0962],[74.5394,23.1034],[74.5464,23.114],[74.5432,23.1305],[74.5767,23.1342],[74.5849,23.1396],[74.5965,23.1379],[74.6184,23.1505],[74.6249,23.1617],[74.632,23.1637],[74.6493,23.1752],[74.6642,23.1951],[74.6714,23.2001],[74.6818,23.1939],[74.7153,23.1908],[74.7249,23.2007],[74.7443,23.2114],[74.7404,23.2176],[74.7264,23.215],[74.7155,23.2192],[74.7021,23.2145],[74.6922,23.2189],[74.6978,23.2262],[74.7151,23.2367],[74.713,23.2504],[74.6982,23.258],[74.7011,23.2648],[74.6781,23.2715],[74.667,23.269],[74.6489,23.256],[74.6269,23.2588],[74.6201,23.2768],[74.6074,23.2825],[74.5987,23.2769],[74.5852,23.2795],[74.569,23.2953],[74.5566,23.2784],[74.5438,23.2804],[74.5394,23.2998],[74.5343,23.3006],[74.5232,23.3211],[74.5142,23.3282],[74.5351,23.3308],[74.5404,23.3379],[74.5382,23.3456],[74.5424,23.3647],[74.5546,23.3612],[74.5689,23.3763],[74.5665,23.386],[74.5731,23.3964],[74.5701,23.414],[74.575,23.4233],[74.5992,23.4288],[74.5997,23.4377],[74.6162,23.4599],[74.6388,23.4638],[74.6519,23.4624],[74.6666,23.4785],[74.6775,23.4828],[74.6867,23.4947],[74.7,23.5039],[74.7319,23.5004],[74.736,23.511],[74.7333,23.5205],[74.762,23.5216],[74.7729,23.544],[74.7941,23.5509],[74.8029,23.5325],[74.8107,23.5411],[74.8224,23.5409],[74.8293,23.5507],[74.84,23.5499],[74.8509,23.559],[74.857,23.5741],[74.8734,23.5772],[74.87,23.5918],[74.8801,23.5953],[74.8822,23.6061],[74.8937,23.6093],[74.9041,23.6254],[74.9149,23.6181],[74.9243,23.62],[74.9365,23.6286],[74.9361,23.6397],[74.9286,23.6415],[74.9239,23.6512],[74.9218,23.6664],[74.9039,23.6748],[74.9088,23.6877],[74.9216,23.6948],[74.9184,23.7073],[74.9318,23.7344],[74.9297,23.7504],[74.9404,23.7647],[74.9243,23.7966],[74.9037,23.7942],[74.9088,23.8356],[74.9137,23.8412],[74.9058,23.8481],[74.9025,23.8732],[74.9078,23.8807],[74.9101,23.9045],[74.9187,23.916],[74.9159,23.9303],[74.9269,23.9377],[74.9288,23.9541],[74.9481,23.9631],[74.9621,23.9774],[74.9654,24.0067],[74.9824,24.0257],[74.9785,24.0365],[74.9616,24.039],[74.9602,24.046],[74.939,24.0544],[74.9402,24.07],[74.9209,24.0775],[74.918,24.0978],[74.9033,24.1092],[74.9081,24.121],[74.9011,24.1257],[74.9019,24.1388],[74.8952,24.1592],[74.88,24.1733],[74.8906,24.1879],[74.8985,24.19],[74.9099,24.2099],[74.898,24.2142],[74.8968,24.2271],[74.8879,24.2292],[74.8678,24.243],[74.8503,24.2364],[74.8236,24.2398],[74.8113,24.2442],[74.7939,24.2429],[74.7775,24.2387],[74.7615,24.2413],[74.7471,24.2534],[74.7817,24.2902],[74.7805,24.3059],[74.7836,24.3143],[74.7789,24.3238],[74.7809,24.3385],[74.791,24.3456],[74.8084,24.3769],[74.8215,24.3795],[74.8253,24.4001],[74.841,24.409],[74.8497,24.4222],[74.8552,24.4243],[74.8555,24.4403],[74.8344,24.4431],[74.8301,24.4351],[74.8137,24.4367],[74.8208,24.4567],[74.8151,24.4686],[74.8063,24.4673],[74.7869,24.4722],[74.7775,24.4606],[74.7649,24.4667],[74.7444,24.4685],[74.7437,24.4741],[74.7317,24.4807],[74.7275,24.4888],[74.7087,24.4864],[74.7122,24.5004],[74.7183,24.5084],[74.732,24.5136],[74.7447,24.5134],[74.7442,24.5322],[74.7558,24.5346],[74.7537,24.5538],[74.7436,24.5716],[74.7784,24.5814],[74.7865,24.5858],[74.7796,24.6153],[74.7901,24.62],[74.7914,24.6313],[74.803,24.634],[74.8062,24.6484],[74.8137,24.6516],[74.8142,24.6659],[74.7976,24.6642],[74.7836,24.6575],[74.7739,24.6657],[74.7777,24.6818],[74.7837,24.6916],[74.7834,24.7129],[74.7802,24.7297],[74.8041,24.7352],[74.799,24.7704],[74.7999,24.7791],[74.809,24.7807],[74.8176,24.7454],[74.8266,24.7297],[74.8362,24.7064],[74.8596,24.6777],[74.873,24.6561],[74.8739,24.6491],[74.89,24.634],[74.902,24.6389],[74.9291,24.6356],[74.943,24.6404],[74.9641,24.6711],[74.9601,24.6787],[74.9989,24.6844],[74.9927,24.6927],[74.9924,24.7317],[75.0153,24.7316],[75.0154,24.7401],[75.007,24.7715],[75.0018,24.7744],[74.9815,24.7636],[74.9725,24.7635],[74.9549,24.7729],[74.9488,24.7717],[74.9305,24.7786],[74.9228,24.7714],[74.9105,24.7701],[74.907,24.7816],[74.895,24.7827],[74.8801,24.7901],[74.8798,24.7973],[74.8609,24.7985],[74.861,24.779],[74.8493,24.7759],[74.8398,24.7893],[74.838,24.7973],[74.861,24.8045],[74.8591,24.8384],[74.8514,24.8494],[74.8447,24.8669],[74.8407,24.8852],[74.8314,24.8862],[74.8259,24.8993],[74.8266,24.9338],[74.8341,24.9437],[74.8336,24.9596],[74.8431,24.969],[74.8597,24.9617],[74.8698,24.9249],[74.8884,24.9374],[74.8921,24.9297],[74.9028,24.9299],[74.9134,24.9161],[74.9106,24.8939],[74.924,24.8779],[74.9325,24.8812],[74.9532,24.8805],[74.9482,24.8645],[74.9682,24.856],[74.9815,24.8584],[74.9855,24.8534],[75.0087,24.8564],[75.0331,24.8445],[75.0483,24.8499],[75.0765,24.8806],[75.0884,24.8788],[75.0984,24.8724],[75.1192,24.8824],[75.1135,24.9006],[75.1182,24.9262],[75.1141,24.9364],[75.1136,24.9668],[75.1268,24.9674],[75.1384,24.9798],[75.1419,24.9899],[75.1515,24.9892],[75.1592,25.0015],[75.1665,25.0028],[75.1614,25.0184],[75.1523,25.0207],[75.1535,25.0324],[75.1654,25.0399],[75.17,25.0489],[75.1925,25.0335],[75.2052,25.0388],[75.2152,25.0349],[75.2301,25.037],[75.2503,25.0355],[75.2676,25.0425],[75.2769,25.0385],[75.3002,25.0419],[75.3254,25.0395],[75.3343,25.0411],[75.35,25.0335],[75.3512,25.0189],[75.3383,25.0186],[75.3178,25.0079],[75.3113,24.9922],[75.3135,24.9801],[75.327,24.9712],[75.3296,24.9612],[75.3371,24.9553],[75.3355,24.9437],[75.3289,24.9336],[75.3203,24.9016],[75.3152,24.896],[75.305,24.9284],[75.2901,24.9376],[75.2819,24.953],[75.2852,24.9657],[75.2611,24.9634],[75.2578,24.9532],[75.2667,24.9487],[75.2773,24.9249],[75.2859,24.9243],[75.2941,24.9075],[75.2729,24.9041],[75.2642,24.8954],[75.2634,24.8748],[75.2744,24.8747],[75.2902,24.8662],[75.2946,24.8576],[75.308,24.856],[75.3182,24.8604],[75.3266,24.8748],[75.3505,24.8736],[75.3736,24.8677],[75.4073,24.8847],[75.4259,24.884],[75.4255,24.8682],[75.4197,24.856],[75.3976,24.8418],[75.3803,24.8376],[75.3446,24.8215],[75.3265,24.8176],[75.3165,24.8032],[75.3064,24.8013],[75.2978,24.8071],[75.2958,24.8204],[75.2899,24.8339],[75.273,24.8427],[75.2405,24.8458],[75.2247,24.8437],[75.2253,24.8341],[75.2459,24.831],[75.2541,24.8242],[75.2504,24.8095],[75.234,24.8026],[75.2201,24.8036],[75.211,24.7977],[75.2017,24.7713],[75.1928,24.7737],[75.1879,24.7435],[75.1975,24.7433],[75.2092,24.7176],[75.2199,24.7029],[75.2284,24.7176],[75.2419,24.7135],[75.2674,24.7154],[75.2846,24.7089],[75.3492,24.7008],[75.371,24.6923],[75.3919,24.6905],[75.4294,24.683],[75.4554,24.6806],[75.4916,24.6878],[75.5059,24.6993],[75.5339,24.7123],[75.5496,24.703],[75.5644,24.708],[75.5757,24.708],[75.5831,24.7133],[75.6007,24.6957],[75.6087,24.6818],[75.646,24.6851],[75.6577,24.6934],[75.6832,24.7241],[75.7155,24.7407],[75.7402,24.7549],[75.7572,24.7615],[75.7707,24.7585],[75.7847,24.7617],[75.8026,24.7562],[75.8376,24.7253],[75.8337,24.6881],[75.8252,24.6675],[75.8388,24.6687],[75.8482,24.6632],[75.8484,24.6492],[75.8413,24.638],[75.8467,24.6309],[75.8422,24.6238],[75.8284,24.6203],[75.8252,24.613],[75.8384,24.5976],[75.8417,24.607],[75.8492,24.6108],[75.8715,24.6065],[75.8724,24.5899],[75.8786,24.5834],[75.9066,24.5758],[75.915,24.569],[75.9061,24.5627],[75.9044,24.5463],[75.9162,24.5426],[75.9235,24.5342],[75.9206,24.5214],[75.9116,24.5136],[75.9016,24.5185],[75.8907,24.5186],[75.8882,24.5069],[75.9031,24.5044],[75.9117,24.4909],[75.9054,24.4725],[75.9092,24.455],[75.9026,24.4539],[75.9004,24.4422],[75.8905,24.4394],[75.8753,24.4265],[75.8512,24.4167],[75.8388,24.4141],[75.8254,24.4268],[75.8098,24.4339],[75.8144,24.4505],[75.814,24.4613],[75.8023,24.4687],[75.7894,24.4716],[75.7845,24.4563],[75.7691,24.4369],[75.7519,24.4276],[75.7558,24.4206],[75.7549,24.4077],[75.7497,24.401],[75.7279,24.3964],[75.7295,24.3777],[75.7401,24.3769],[75.7382,24.354],[75.7432,24.34],[75.7382,24.3348],[75.7609,24.3148],[75.7664,24.2981],[75.7724,24.2967],[75.8019,24.3024],[75.8105,24.2961],[75.8133,24.2851],[75.8116,24.2577],[75.8181,24.2387],[75.8303,24.2334],[75.8099,24.2255],[75.8071,24.2173],[75.7919,24.2099],[75.7784,24.2102],[75.7723,24.2001],[75.774,24.1807],[75.7639,24.1745],[75.7593,24.1561],[75.752,24.148],[75.7613,24.1321],[75.7643,24.1212],[75.7815,24.1172],[75.7829,24.1089],[75.7929,24.0918],[75.8056,24.0996],[75.8166,24.0854],[75.835,24.0917],[75.8368,24.057],[75.8108,24.0486],[75.7821,24.0426],[75.7831,24.0218],[75.7749,24.015],[75.7655,23.9927],[75.7423,23.9927],[75.7413,23.977],[75.7307,23.9767],[75.729,23.9699],[75.7018,23.9665],[75.6962,23.987],[75.687,23.9887],[75.6877,24.0053],[75.6782,24.0073],[75.6709,24.018],[75.6547,24.0073],[75.6324,23.9956],[75.5948,23.9943],[75.5846,23.9906],[75.5729,23.9985],[75.568,24.0064],[75.549,24.0067],[75.5376,24.0101],[75.5211,24.0246],[75.5036,24.0048],[75.4689,23.9744],[75.4655,23.9481],[75.4602,23.9323],[75.4594,23.9205],[75.4655,23.9122],[75.4794,23.9111],[75.4929,23.9061],[75.504,23.8898],[75.5207,23.8852],[75.5316,23.876],[75.5435,23.8717],[75.5529,23.8616],[75.5659,23.8534],[75.5657,23.845],[75.5794,23.8388],[75.5768,23.8297],[75.5624,23.8327],[75.5592,23.8186],[75.5664,23.8095],[75.5809,23.8122],[75.5891,23.8096],[75.5835,23.7947],[75.607,23.7969],[75.6212,23.8006],[75.6273,23.7955],[75.653,23.797],[75.6598,23.7842],[75.6755,23.7819],[75.6794,23.7672],[75.6869,23.7553],[75.6931,23.7762],[75.7018,23.7864],[75.6901,23.8129],[75.7207,23.8133],[75.7241,23.8239],[75.7221,23.8359],[75.7313,23.8532],[75.7102,23.8634],[75.7017,23.8728],[75.7059,23.899],[75.7143,23.8936],[75.7267,23.8936],[75.7353,23.8985],[75.7401,23.8894],[75.7527,23.8873],[75.7646,23.8753],[75.7618,23.8659],[75.7656,23.8506],[75.7833,23.8491],[75.792,23.8586],[75.7938,23.867],[75.8036,23.8656],[75.8189,23.8684],[75.8212,23.8736],[75.8447,23.8839],[75.8706,23.8904],[75.8768,23.88],[75.8877,23.8794],[75.8949,23.8893],[75.902,23.8887],[75.9282,23.899],[75.9375,23.8966],[75.9558,23.9211],[75.9686,23.9245],[75.9871,23.9403],[75.984,23.95],[75.9867,23.9605],[75.9849,23.9737],[75.967,23.9924],[75.9622,24.0146],[75.9783,24.0265],[75.9987,24.0207],[76.0112,24.0256],[76.0214,24.0353],[76.023,24.0487],[76.0305,24.0524],[76.0429,24.0661],[76.0559,24.0656],[76.076,24.0709],[76.1005,24.087],[76.122,24.0845],[76.1271,24.088],[76.1205,24.1082],[76.1311,24.1154],[76.1267,24.1325],[76.1224,24.1378],[76.1244,24.1591],[76.1141,24.1626],[76.1177,24.1947],[76.146,24.2244],[76.1483,24.235],[76.1413,24.2673],[76.1367,24.2709],[76.1422,24.2816],[76.1587,24.2828],[76.1861,24.3286],[76.1966,24.3094],[76.2038,24.3038],[76.1946,24.2731],[76.2019,24.2695],[76.2032,24.2416],[76.2064,24.228],[76.2045,24.2172],[76.2175,24.2112],[76.2248,24.2165],[76.2375,24.2186],[76.2689,24.2101],[76.2856,24.2096],[76.2867,24.2283],[76.311,24.2377],[76.3189,24.2449],[76.3398,24.244],[76.3576,24.2397],[76.3603,24.2354],[76.3925,24.217],[76.4019,24.2155],[76.4101,24.2009],[76.4149,24.2005],[76.4161,24.2205],[76.4304,24.2213],[76.4507,24.2092],[76.4632,24.2236],[76.4705,24.2259],[76.4806,24.2079],[76.5048,24.2031],[76.5087,24.1942],[76.5123,24.1687],[76.5151,24.163],[76.5276,24.157],[76.5506,24.163],[76.5618,24.1734],[76.5742,24.1753],[76.5744,24.1868],[76.5641,24.1912],[76.5704,24.2092],[76.5897,24.217],[76.595,24.2275],[76.5835,24.2427],[76.5957,24.2441],[76.6112,24.2383],[76.6164,24.2578],[76.629,24.2603],[76.6402,24.2684],[76.6648,24.2622],[76.6774,24.2695],[76.6954,24.2843],[76.6974,24.2598],[76.7022,24.2414],[76.6924,24.2341],[76.6779,24.2041],[76.676,24.1909],[76.6865,24.1858],[76.7006,24.1677],[76.7193,24.1589],[76.7261,24.1683],[76.7564,24.1691],[76.76,24.1603],[76.7688,24.1604],[76.7743,24.1497],[76.7884,24.1323],[76.792,24.1221],[76.802,24.1165],[76.8122,24.1229],[76.8334,24.1222],[76.8366,24.1268],[76.8546,24.1357],[76.88,24.1351],[76.879,24.1305],[76.9008,24.1272],[76.9053,24.1451],[76.9144,24.1694],[76.9161,24.1877],[76.9315,24.1835],[76.9471,24.1985],[76.946,24.206],[76.9224,24.2116],[76.9228,24.2253],[76.9118,24.2381],[76.8889,24.2448],[76.88,24.2608],[76.8631,24.2731],[76.8601,24.2963],[76.852,24.3127],[76.8415,24.3225],[76.8381,24.334],[76.8365,24.3591],[76.8518,24.3707],[76.851,24.383],[76.8396,24.4131],[76.8504,24.4234],[76.8413,24.4405],[76.8439,24.4502],[76.8521,24.451],[76.8533,24.4669],[76.8489,24.4717],[76.8465,24.4864],[76.8281,24.5037],[76.8283,24.5131],[76.8157,24.526],[76.8164,24.5336],[76.8383,24.5458],[76.8621,24.5484],[76.8767,24.539],[76.8727,24.5277],[76.8841,24.5215],[76.8898,24.525],[76.8941,24.5382],[76.9017,24.5458],[76.9176,24.5434],[76.9207,24.528],[76.9158,24.5042],[76.9169,24.4832],[76.926,24.4742],[76.9386,24.4723],[76.9431,24.4651],[76.9778,24.4612],[76.9835,24.4728],[76.9986,24.4729],[77.0072,24.4763],[77.0132,24.4925],[77.029,24.4961],[77.0293,24.5168],[77.0422,24.525],[77.0547,24.5264],[77.0597,24.5458],[77.0687,24.5573],[77.0713,24.5724],[77.0657,24.592],[77.0686,24.6062],[77.0683,24.6264],[77.0651,24.6438],[77.0571,24.6545],[77.0418,24.6839],[77.0414,24.7001],[77.0307,24.7122],[77.0135,24.7122],[76.9983,24.7182],[76.9964,24.7321],[76.9762,24.7349],[76.9709,24.739],[76.9635,24.7565],[76.9467,24.7588],[76.9326,24.7448],[76.9014,24.7342],[76.8909,24.7468],[76.8561,24.7425],[76.8502,24.7465],[76.8484,24.7661],[76.8257,24.7919],[76.8026,24.8093],[76.8,24.8247],[76.8121,24.8271],[76.8227,24.8354],[76.8321,24.8378],[76.8818,24.837],[76.8977,24.8386],[76.9179,24.8471],[76.9261,24.847],[76.9418,24.8587],[76.944,24.8735],[76.9336,24.8743],[76.9125,24.8882],[76.9146,24.8988],[76.923,24.9136],[76.9097,24.921],[76.8902,24.9195],[76.8895,24.9338],[76.8773,24.942],[76.8619,24.9614],[76.8678,24.9794],[76.8624,25.0025],[76.8752,25.0078],[76.8783,25.026],[76.8768,25.0414],[76.8874,25.0439],[76.9109,25.0429],[76.9251,25.047],[76.9462,25.0469],[76.9532,25.0524],[76.9659,25.0515],[76.9714,25.0618],[76.9885,25.0724],[77.0108,25.0734],[77.0293,25.0655],[77.064,25.0632],[77.0821,25.0582],[77.0955,25.0655],[77.1228,25.0669],[77.1353,25.0868],[77.1416,25.089],[77.1669,25.0849],[77.1746,25.1117],[77.1851,25.108],[77.2037,25.1139],[77.2166,25.1088],[77.2411,25.1071],[77.2727,25.112],[77.2887,25.1064],[77.2983,25.0864],[77.31,25.0807],[77.3385,25.0924],[77.3576,25.0937],[77.3758,25.1048],[77.376,25.1105],[77.3909,25.1226],[77.3962,25.1378],[77.3951,25.1625],[77.4001,25.1661],[77.4003,25.1839],[77.4094,25.1829],[77.4265,25.188],[77.4184,25.1983],[77.4145,25.2204],[77.3996,25.226],[77.3823,25.2456],[77.3704,25.2464],[77.3694,25.2555],[77.3554,25.2633],[77.3548,25.2736],[77.3622,25.2788],[77.3741,25.2745],[77.3806,25.2917],[77.3814,25.3057],[77.378,25.3155],[77.3674,25.3286],[77.3533,25.3205],[77.3497,25.3289],[77.3618,25.3572],[77.3599,25.3691],[77.3509,25.3716],[77.3502,25.3822],[77.3578,25.3988],[77.3709,25.4084],[77.3615,25.4185],[77.3492,25.4162],[77.3311,25.4274],[77.3124,25.4314],[77.2943,25.4244],[77.2788,25.4101],[77.2657,25.3947],[77.2508,25.3877],[77.245,25.3788],[77.2342,25.3789],[77.2279,25.3685],[77.2299,25.3625],[77.2256,25.3423],[77.2344,25.3337],[77.2065,25.3271],[77.2092,25.3062],[77.1804,25.3115],[77.1635,25.3086],[77.1439,25.3207],[77.1351,25.3208],[77.1252,25.3305],[77.1085,25.3309],[77.0835,25.3367],[77.07,25.3187],[77.0573,25.316],[77.0457,25.3194],[77.04,25.306],[77.0314,25.2945],[77.0246,25.2966],[76.98,25.298],[76.9736,25.3003],[76.9598,25.2967],[76.9578,25.2843],[76.93,25.2828],[76.9295,25.3029],[76.902,25.3235],[76.8812,25.3242],[76.8572,25.3327],[76.8387,25.3262],[76.8202,25.3261],[76.8001,25.3197],[76.7805,25.3158],[76.7406,25.3276],[76.7289,25.3288],[76.7111,25.346],[76.7007,25.3514],[76.6891,25.3522],[76.6726,25.348],[76.6672,25.3557],[76.6495,25.3669],[76.6495,25.3721],[76.6363,25.3838],[76.6293,25.3779],[76.6177,25.38],[76.6108,25.3892],[76.5981,25.3939],[76.5988,25.4027],[76.5884,25.4305],[76.5826,25.4367],[76.5683,25.44],[76.5553,25.4534],[76.5582,25.4725],[76.5546,25.4838],[76.5402,25.5019],[76.5371,25.5112],[76.5279,25.5152],[76.5163,25.5282],[76.5202,25.5459],[76.5056,25.5803],[76.5139,25.6042],[76.5106,25.629],[76.4989,25.6375],[76.4977,25.6513],[76.5033,25.6627],[76.5032,25.6729],[76.4816,25.6823],[76.4719,25.7038],[76.4752,25.7128],[76.5012,25.7283],[76.5205,25.7273],[76.5234,25.7392],[76.5172,25.754],[76.5156,25.7773],[76.5207,25.7925],[76.5305,25.8119],[76.5548,25.8325],[76.5781,25.8655],[76.5914,25.8755],[76.6152,25.868],[76.6239,25.8713],[76.6318,25.9],[76.6431,25.9083],[76.6711,25.9102],[76.6873,25.9074],[76.7064,25.9001],[76.7308,25.9054],[76.751,25.9164],[76.7572,25.9268],[76.748,25.9322],[76.7509,25.9413],[76.7795,25.9386],[76.791,25.9431],[76.8051,25.9609],[76.8082,25.9718],[76.8023,25.9773],[76.8134,25.9977],[76.8255,26.0062],[76.84,26.0261],[76.8571,26.0349],[76.8674,26.0333],[76.8861,26.0492],[76.8897,26.0629],[76.8978,26.0744],[76.9018,26.0935],[76.916,26.0985],[76.9481,26.1028],[76.9777,26.125],[76.999,26.1301],[77.0015,26.1416],[77.0084,26.1532],[77.0324,26.1729],[77.0555,26.1798],[77.0821,26.1792],[77.1004,26.1859],[77.1119,26.202],[77.1163,26.2203],[77.1351,26.2334],[77.1697,26.2332],[77.1784,26.2386],[77.2039,26.23],[77.2518,26.2598],[77.2706,26.2673],[77.2981,26.2908],[77.3167,26.3118],[77.3209,26.3334],[77.3425,26.3522],[77.3556,26.355],[77.3674,26.3638],[77.3765,26.3653],[77.3898,26.3567],[77.3978,26.361],[77.4178,26.3638],[77.4443,26.3616],[77.4485,26.3678],[77.4353,26.3934],[77.4395,26.4039],[77.4643,26.4046],[77.4879,26.4109],[77.5235,26.4073],[77.5384,26.4113],[77.5476,26.4178],[77.5621,26.4368],[77.5704,26.4361],[77.5886,26.4464],[77.6149,26.4536],[77.6361,26.4807],[77.6599,26.4911],[77.6755,26.503],[77.7127,26.4982],[77.7225,26.5],[77.7352,26.514],[77.7388,26.5295],[77.7471,26.5393],[77.758,26.5401],[77.7679,26.5475],[77.7834,26.5521],[77.8129,26.5472],[77.8255,26.5522],[77.8325,26.5615],[77.8357,26.5779],[77.8273,26.596],[77.8358,26.6063],[77.8555,26.6136],[77.8902,26.6131],[77.8967,26.6175],[77.8984,26.6555],[77.9149,26.6612],[77.9536,26.6592],[77.9846,26.6748],[77.9975,26.694],[78.018,26.6926],[78.0318,26.6864],[78.06,26.6817],[78.0744,26.6706],[78.0897,26.6745],[78.0952,26.6793],[78.0956,26.6952],[78.0928,26.7201],[78.1008,26.7365],[78.1173,26.7416],[78.1238,26.7503],[78.1172,26.757],[78.1047,26.7608],[78.101,26.7744],[78.1061,26.79],[78.1165,26.7966],[78.1353,26.7945],[78.1551,26.7841],[78.1836,26.7838],[78.1868,26.7951],[78.179,26.8056],[78.1689,26.8126],[78.1692,26.8215],[78.1763,26.8258],[78.2009,26.8217],[78.223,26.8306],[78.2127,26.8461],[78.1965,26.8809],[78.2026,26.8817],[78.2086,26.8689],[78.2326,26.8743],[78.2371,26.889],[78.2437,26.8887],[78.2591,26.8967],[78.2723,26.9192],[78.2573,26.9346],[78.2386,26.9266],[78.2374,26.936],[78.2206,26.9434],[78.2106,26.9313],[78.1916,26.9425],[78.1843,26.9406],[78.1687,26.9478],[78.1583,26.9435],[78.1445,26.9499],[78.1245,26.9493],[78.1118,26.9403],[78.122,26.9354],[78.1218,26.9226],[78.1052,26.9268],[78.1062,26.9145],[78.1124,26.9036],[78.0948,26.9038],[78.096,26.8938],[78.0717,26.9064],[78.0569,26.9068],[78.05,26.8787],[78.0308,26.8507],[78.021,26.8575],[78.0323,26.8652],[78.0245,26.8724],[78.0272,26.884],[78.0221,26.8993],[78.0022,26.9029],[77.987,26.8893],[77.9764,26.8922],[77.9678,26.9037],[77.9484,26.8936],[77.9406,26.9059],[77.9268,26.9098],[77.9088,26.9064],[77.9043,26.8833],[77.8851,26.8905],[77.8776,26.9024],[77.8576,26.9064],[77.8505,26.9127],[77.8102,26.9242],[77.7982,26.916],[77.7747,26.9322],[77.7606,26.9326],[77.7532,26.9169],[77.7457,26.921],[77.7324,26.9201],[77.7176,26.8973],[77.7279,26.8853],[77.7226,26.8743],[77.7061,26.8767],[77.7012,26.8677],[77.6866,26.8752],[77.6764,26.8685],[77.6747,26.8575],[77.6298,26.8415],[77.6204,26.8428],[77.6182,26.832],[77.6076,26.8278],[77.6008,26.8356],[77.5924,26.8279],[77.578,26.8272],[77.5745,26.8209],[77.556,26.8177],[77.542,26.8224],[77.5257,26.8189],[77.5174,26.8247],[77.5174,26.8364],[77.5078,26.8457],[77.5012,26.8444],[77.5007,26.817],[77.4875,26.7881],[77.4889,26.779],[77.5028,26.7693],[77.4864,26.7488],[77.4546,26.7419],[77.4562,26.7497],[77.4695,26.7658],[77.4669,26.7737],[77.4544,26.778],[77.4418,26.7686],[77.4313,26.7711],[77.4371,26.7843],[77.4283,26.7932],[77.4206,26.8106],[77.4082,26.8167],[77.3979,26.8304],[77.4221,26.8403],[77.4308,26.8488],[77.4266,26.859],[77.4374,26.8629],[77.4618,26.8765],[77.4683,26.8872],[77.4902,26.9005],[77.5534,26.92],[77.5832,26.9242],[77.5922,26.9403],[77.6021,26.9333],[77.6242,26.9505],[77.6513,26.964],[77.6609,26.9712],[77.671,26.9606],[77.6762,26.9732],[77.6995,26.9751],[77.7224,26.9878],[77.7288,26.9831],[77.7453,26.9845],[77.7622,27.001],[77.7495,27.0212],[77.7485,27.0309],[77.7377,27.0298],[77.7328,27.0235],[77.7293,27.0075],[77.7301,26.9939],[77.7114,26.9974],[77.7053,27.0038],[77.7054,27.0148],[77.6896,27.0267],[77.6934,27.0402],[77.6798,27.0471],[77.6656,27.0173],[77.6419,27.0256],[77.6341,27.0125],[77.6235,27.022],[77.6018,27.0225],[77.5968,27.0327],[77.5792,27.0382],[77.5632,27.0294],[77.568,27.0473],[77.5729,27.0488],[77.5772,27.0683],[77.5667,27.0732],[77.5497,27.0743],[77.5416,27.0626],[77.5193,27.0666],[77.5264,27.0782],[77.5226,27.0892],[77.5054,27.0923],[77.5204,27.1044],[77.5376,27.0983],[77.5503,27.1113],[77.5625,27.1102],[77.5812,27.1192],[77.5978,27.118],[77.6037,27.1238],[77.5975,27.1389],[77.6137,27.1506],[77.61,27.1629],[77.6218,27.1722],[77.6441,27.1655],[77.6584,27.1701],[77.6752,27.1845],[77.6811,27.1944],[77.6656,27.209],[77.6503,27.2081],[77.6451,27.2169],[77.6525,27.2261],[77.6528,27.2348],[77.6273,27.2595],[77.6212,27.2552],[77.6131,27.2652],[77.6218,27.275],[77.6168,27.2865],[77.6032,27.2923],[77.6226,27.3164],[77.6227,27.3362],[77.6125,27.3319],[77.5912,27.3305],[77.5838,27.3213],[77.5776,27.3277],[77.5483,27.3366],[77.5456,27.3496],[77.5334,27.3492],[77.5165,27.3623],[77.5072,27.3771],[77.4846,27.3835],[77.4705,27.3833],[77.4395,27.3907],[77.4381,27.4089],[77.4211,27.422],[77.4267,27.4451],[77.4387,27.4491],[77.4337,27.46],[77.4216,27.4619],[77.4187,27.4704],[77.4019,27.4768],[77.3988,27.4828],[77.399,27.5002],[77.3828,27.5157],[77.374,27.5119],[77.3557,27.5173],[77.34,27.5266],[77.3378,27.5714],[77.3441,27.5718],[77.3508,27.5835],[77.3582,27.589],[77.3441,27.5971],[77.3345,27.5913],[77.3171,27.6068],[77.3334,27.6272],[77.3462,27.6395],[77.3526,27.6512],[77.3448,27.6609],[77.3457,27.6734],[77.341,27.6771],[77.3412,27.7032],[77.3302,27.7091],[77.3224,27.7067],[77.3044,27.7099],[77.3028,27.7254],[77.3194,27.7335],[77.308,27.7528],[77.3078,27.7672],[77.3116,27.774],[77.309,27.7859],[77.3015,27.7949],[77.2858,27.7962],[77.2837,27.8011],[77.2687,27.815],[77.2644,27.8047],[77.2524,27.7907],[77.2427,27.7849],[77.2382,27.7931],[77.2266,27.7994],[77.2134,27.8016],[77.2131,27.8089],[77.2017,27.823],[77.1913,27.8099],[77.1986,27.7997],[77.1833,27.7876],[77.1691,27.7918],[77.1789,27.8052],[77.1897,27.8095],[77.1796,27.8176],[77.1683,27.814],[77.1615,27.8033],[77.156,27.7854],[77.1345,27.7869],[77.1219,27.7934],[77.1085,27.7863],[77.0811,27.8047],[77.0746,27.8144],[77.0639,27.8121],[77.0448,27.8218],[77.0322,27.7971],[77.0266,27.7793],[77.0358,27.7816],[77.0573,27.7706],[77.0595,27.7609],[77.0745,27.767],[77.0782,27.7512],[77.0857,27.7381],[77.0596,27.7265],[77.0487,27.7315],[77.0449,27.7434],[77.0198,27.7458],[77.0115,27.7318],[77.0001,27.737],[76.9905,27.7112],[76.9851,27.6838],[76.9822,27.6792],[76.9791,27.6536],[76.9582,27.6629],[76.9421,27.6738],[76.9329,27.658],[76.9253,27.6612],[76.9155,27.6526],[76.9064,27.6617],[76.9106,27.668],[76.8983,27.6775],[76.9059,27.6863],[76.8912,27.6948],[76.8942,27.7014],[76.9083,27.6937],[76.9244,27.6999],[76.9188,27.7098],[76.9047,27.7173],[76.8942,27.7179],[76.8924,27.7335],[76.8987,27.7381],[76.9023,27.7756],[76.9133,27.7889],[76.9115,27.7964],[76.919,27.8044],[76.91,27.8152],[76.915,27.8348],[76.9357,27.8291],[76.9423,27.8429],[76.943,27.8539],[76.9373,27.8793],[76.9376,27.8965],[76.9506,27.8961],[76.9493,27.9192],[76.9315,27.9226],[76.9302,27.9408],[76.9331,27.9615],[76.9335,27.982],[76.9308,27.9929],[76.9379,28.0219],[76.9399,28.0438],[76.9538,28.0626],[76.9579,28.0775],[76.9618,28.1107],[76.9705,28.1384],[76.9579,28.1422],[76.9508,28.1486],[76.932,28.1531],[76.9194,28.1672],[76.9112,28.1698],[76.9024,28.1811],[76.8925,28.1836],[76.8922,28.1933],[76.902,28.199],[76.8909,28.205],[76.871,28.2066],[76.8749,28.2178],[76.8485,28.2216],[76.8382,28.22],[76.8312,28.2092],[76.8141,28.2089],[76.8051,28.2056],[76.808,28.1865],[76.7971,28.1916],[76.7949,28.1699],[76.8003,28.1604],[76.7948,28.1484],[76.7837,28.1509],[76.7764,28.1441],[76.7624,28.1427],[76.7543,28.1363],[76.7435,28.121],[76.716,28.1279],[76.703,28.1076],[76.6982,28.112],[76.685,28.0916],[76.6571,28.0892],[76.6516,28.0616],[76.6586,28.0429],[76.6544,28.0347],[76.6654,28.0256],[76.6681,28.0138],[76.6592,28.0081],[76.6407,28.0023],[76.6049,28.0039],[76.5888,27.998],[76.5828,27.9921],[76.5793,27.979],[76.5634,27.9782],[76.5604,27.9659],[76.5447,27.9637],[76.5381,27.9677],[76.5359,27.9795],[76.5411,27.9848],[76.5449,28.0107],[76.5393,28.0235],[76.5438,28.0342],[76.5293,28.0404],[76.5193,28.0323],[76.5026,28.0314],[76.4974,28.0433],[76.4801,28.0407],[76.4547,28.0423],[76.4615,28.0587],[76.4819,28.0532],[76.4948,28.0532],[76.5012,28.0601],[76.4789,28.0777],[76.4672,28.079],[76.452,28.0912],[76.4578,28.1062],[76.4761,28.1081],[76.4812,28.1004],[76.4992,28.1002],[76.5018,28.1189],[76.4871,28.1199],[76.4919,28.1299],[76.472,28.1351],[76.4757,28.1486],[76.4651,28.1517],[76.4588,28.1476],[76.4363,28.1488],[76.4316,28.1411],[76.3997,28.1451],[76.3907,28.1348],[76.3814,28.1333],[76.3663,28.1368],[76.3566,28.1437],[76.3578,28.1611],[76.3441,28.17],[76.3322,28.1701],[76.3074,28.1791],[76.2923,28.1792],[76.2833,28.1639],[76.3014,28.16],[76.2976,28.1491],[76.31,28.1456],[76.3152,28.1504],[76.3299,28.1428],[76.3331,28.1336],[76.3599,28.1249],[76.3366,28.1026],[76.3093,28.1082],[76.3014,28.0979],[76.3188,28.0888],[76.3291,28.0875],[76.333,28.0768],[76.3565,28.0675],[76.3423,28.0306],[76.3287,28.0188],[76.3208,28.016],[76.2922,28.0259],[76.2936,28.0492],[76.2838,28.057],[76.261,28.0675],[76.2429,28.0644],[76.238,28.0497],[76.2281,28.0484],[76.1895,28.0565],[76.1798,28.0543],[76.1779,28.0456],[76.1974,28.0299],[76.2037,28.0377],[76.2166,28.0355],[76.2147,28.0266],[76.2033,28.028],[76.1968,28.0155],[76.181,28.0214],[76.1734,28.0166],[76.1604,27.9984],[76.1576,27.9872],[76.1669,27.983],[76.1635,27.9734],[76.1866,27.9655],[76.177,27.9297],[76.1677,27.9107],[76.1682,27.9034],[76.2013,27.8928],[76.2,27.878],[76.1944,27.8774],[76.1938,27.8595],[76.2122,27.8464],[76.2089,27.84],[76.2252,27.8332],[76.2171,27.8167],[76.1992,27.8212],[76.1923,27.8092],[76.1812,27.7975],[76.1537,27.8197],[76.1323,27.8245],[76.1354,27.8393],[76.1233,27.851],[76.109,27.8534],[76.0878,27.8606],[76.0857,27.8447],[76.0749,27.8438],[76.0606,27.8483],[76.0477,27.8351],[76.0095,27.8415],[76.0046,27.8344],[75.987,27.8417],[75.9714,27.852],[75.9794,27.8654],[75.9776,27.8738],[75.9844,27.8826],[75.9753,27.8937],[75.9873,27.9043],[75.9681,27.9144],[75.9424,27.9132],[75.9327,27.9295],[75.9369,27.9385],[75.9517,27.9477],[75.9579,27.938],[75.9727,27.9327],[75.983,27.951],[75.9779,27.9544],[75.982,27.9653],[75.9946,27.9754],[75.9674,27.9815],[75.9667,28],[75.9869,27.9976],[75.9952,28.0088],[75.9711,28.0161],[75.9769,28.0314],[75.9935,28.0352],[76.0164,28.0305],[76.0171,28.0527],[76.0254,28.0542],[76.0408,28.074],[76.0232,28.086],[76.0099,28.0676],[76.0072,28.0585],[75.999,28.0573],[75.9926,28.0462],[75.9751,28.0507],[75.9887,28.069],[75.9834,28.0813],[75.9651,28.0804],[75.9386,28.0879],[75.946,28.1077],[75.9622,28.1149],[75.9674,28.1138],[75.9767,28.1247],[75.999,28.1228],[76.0045,28.1487],[76.017,28.1504],[76.0261,28.1646],[76.0616,28.1668],[76.0703,28.1652],[76.0654,28.1415],[76.0844,28.1369],[76.095,28.1414],[76.0954,28.1509],[76.0761,28.1689],[76.0719,28.1943],[76.0515,28.1963],[76.056,28.2203],[76.0403,28.222],[76.0278,28.2326],[76.0182,28.2352],[76.0132,28.244],[76.0159,28.2549],[76.0263,28.275],[75.9989,28.2862],[75.9859,28.2935],[75.978,28.3019],[75.9723,28.3186],[75.9578,28.3139],[75.9544,28.3341],[75.933,28.3366],[75.9295,28.3591],[75.9166,28.3719],[75.9085,28.3709],[75.8931,28.3897],[75.8872,28.3848],[75.8454,28.3916],[75.8328,28.4054],[75.822,28.4031],[75.7995,28.4072],[75.7945,28.3996],[75.777,28.4004],[75.7702,28.4122],[75.7697,28.4228],[75.7885,28.4336],[75.7919,28.4454],[75.7883,28.4536],[75.767,28.4613],[75.7356,28.4688],[75.7345,28.4847],[75.7255,28.4895],[75.7009,28.4926],[75.69,28.4999],[75.6842,28.511],[75.6709,28.5173],[75.6696,28.53],[75.6637,28.5368],[75.6542,28.5364],[75.6337,28.5445],[75.6258,28.5654],[75.624,28.5956],[75.6189,28.6033],[75.5901,28.6061],[75.5866,28.613],[75.5615,28.6132],[75.5607,28.6359],[75.5495,28.6415],[75.5412,28.6605],[75.544,28.6838],[75.5389,28.6948],[75.538,28.7266],[75.5304,28.7383],[75.5303,28.7474],[75.5165,28.7707],[75.5081,28.7886],[75.509,28.8029],[75.5185,28.8167],[75.5196,28.8345],[75.5078,28.8392],[75.5053,28.8511],[75.4971,28.8549],[75.4986,28.8704],[75.4965,28.8963],[75.4875,28.9032],[75.4734,28.9234],[75.4772,28.9347],[75.5057,28.9359],[75.51,28.9539],[75.5274,28.971],[75.5266,28.9861],[75.5206,29.0044],[75.5051,29.0118],[75.4752,29.0141],[75.4582,29.0135],[75.4456,29.0085],[75.4429,29.0209],[75.4503,29.0424],[75.4418,29.0575],[75.4317,29.0564],[75.4106,29.0622],[75.3912,29.0627],[75.3944,29.0726],[75.3921,29.102],[75.3965,29.1129],[75.4058,29.1202],[75.4021,29.1279],[75.3833,29.1299],[75.375,29.1352],[75.3811,29.1511],[75.382,29.1676],[75.4067,29.1697],[75.4118,29.1911],[75.411,29.2075],[75.3968,29.2175],[75.4118,29.2424],[75.4106,29.2555],[75.4028,29.2603],[75.3895,29.2612],[75.3789,29.2569],[75.3615,29.243],[75.3613,29.2294],[75.3562,29.2231],[75.3296,29.2327],[75.3386,29.2518],[75.34,29.2828],[75.3229,29.2895],[75.3067,29.2746],[75.2859,29.2691],[75.2848,29.2493],[75.2558,29.2518],[75.2446,29.25],[75.2384,29.2302],[75.2101,29.2347],[75.2006,29.2495],[75.1957,29.2634],[75.188,29.2683],[75.1686,29.2589],[75.1743,29.2512],[75.157,29.242],[75.1378,29.2387],[75.1241,29.2395],[75.1196,29.2229],[75.0751,29.2299],[75.0741,29.2447],[75.0609,29.2653],[75.0605,29.2759],[75.05,29.2862],[75.036,29.2877],[75.0166,29.2844],[74.9986,29.2707],[74.9832,29.2806],[74.9617,29.2803],[74.9484,29.3015],[74.9608,29.318],[74.9545,29.3327],[74.9399,29.34],[74.9384,29.3618],[74.9185,29.3704],[74.9,29.3848],[74.8776,29.3835],[74.8728,29.3937],[74.8505,29.4036],[74.8448,29.3997],[74.8203,29.3972],[74.7919,29.3655],[74.7819,29.3579],[74.7622,29.3544],[74.7396,29.354],[74.7194,29.37],[74.708,29.3668],[74.6894,29.366],[74.6582,29.372],[74.6521,29.3513],[74.6545,29.3329],[74.6343,29.3296],[74.6042,29.3273],[74.6002,29.329],[74.6071,29.3545],[74.6026,29.3653],[74.5852,29.3785],[74.5779,29.3885],[74.5736,29.4065],[74.5661,29.4206],[74.5492,29.4247],[74.5366,29.4245],[74.5346,29.4477],[74.538,29.4622],[74.5433,29.4679],[74.5746,29.4646],[74.5846,29.4585],[74.5963,29.482],[74.601,29.5011],[74.6219,29.5222],[74.623,29.531],[74.6023,29.5439],[74.5952,29.545],[74.5759,29.5601],[74.5776,29.6],[74.5821,29.6283],[74.5913,29.6402],[74.5854,29.6539],[74.5931,29.6768],[74.6012,29.691],[74.6001,29.6972],[74.6098,29.7218],[74.6097,29.744],[74.6161,29.7522],[74.6032,29.758],[74.6009,29.7659],[74.5873,29.7669],[74.5813,29.7523],[74.5625,29.7556],[74.5464,29.753],[74.535,29.7407],[74.52,29.74],[74.4772,29.7453],[74.4738,29.7683],[74.4736,29.7867],[74.4844,29.8143],[74.5079,29.833],[74.5391,29.8406],[74.5458,29.8456],[74.561,29.8696],[74.5512,29.8823],[74.5436,29.9014],[74.522,29.9022],[74.51,29.9082],[74.5155,29.9155],[74.5188,29.9299],[74.5272,29.9428]]]},"properties":{"ST_NM":"Rajasthan"}},
{"type":"Feature","geometry":{"type":"Polygon","coordinates":[[[88.7455,27.142],[88.7614,27.1527],[88.7578,27.1648],[88.7662,27.1779],[88.7877,27.1817],[88.7899,27.1937],[88.8001,27.2072],[88.8054,27.2382],[88.8033,27.248],[88.8281,27.2575],[88.8318,27.2625],[88.8659,27.2649],[88.8791,27.2612],[88.8863,27.2678],[88.9033,27.2726],[88.9134,27.2903],[88.909,27.3047],[88.9191,27.3205],[88.9154,27.3307],[88.9056,27.3287],[88.895,27.3321],[88.8819,27.3462],[88.876,27.3601],[88.8628,27.37],[88.8641,27.3794],[88.8465,27.3851],[88.838,27.3793],[88.8209,27.3986],[88.8062,27.4068],[88.8048,27.4151],[88.7919,27.4389],[88.7842,27.4486],[88.7843,27.4588],[88.777,27.4693],[88.7863,27.4887],[88.7832,27.501],[88.7903,27.5161],[88.7908,27.5315],[88.7767,27.5333],[88.7714,27.5582],[88.7638,27.5645],[88.7698,27.5712],[88.7814,27.5699],[88.7908,27.575],[88.7882,27.5843],[88.8045,27.5944],[88.806,27.6083],[88.8115,27.6189],[88.8046,27.6231],[88.8152,27.6462],[88.8272,27.644],[88.8357,27.6507],[88.8482,27.6678],[88.842,27.6811],[88.8476,27.693],[88.8406,27.7116],[88.853,27.7147],[88.8567,27.7313],[88.8651,27.742],[88.8624,27.7519],[88.8547,27.757],[88.8547,27.7822],[88.8619,27.7979],[88.8566,27.8153],[88.8807,27.8296],[88.8818,27.851],[88.888,27.8571],[88.8796,27.8675],[88.8782,27.8782],[88.8829,27.89],[88.8731,27.8981],[88.8704,27.9159],[88.8605,27.9277],[88.837,27.9292],[88.8431,27.953],[88.8412,27.9679],[88.844,27.9926],[88.8381,28.0003],[88.8362,28.015],[88.8166,28.0209],[88.8031,28.0317],[88.7929,28.0488],[88.7773,28.0543],[88.7742,28.0625],[88.7561,28.0761],[88.7183,28.0746],[88.7072,28.0776],[88.6666,28.0761],[88.6646,28.0871],[88.6462,28.0987],[88.6362,28.1178],[88.6291,28.1245],[88.61,28.1289],[88.6178,28.118],[88.6195,28.0981],[88.6054,28.0977],[88.6026,28.0892],[88.591,28.0892],[88.5848,28.0839],[88.5692,28.0896],[88.5525,28.0815],[88.5562,28.0747],[88.549,28.0481],[88.5509,28.0376],[88.545,28.0335],[88.522,28.0359],[88.5097,28.0413],[88.4962,28.054],[88.4892,28.0456],[88.4804,28.0427],[88.4676,28.0167],[88.4435,28.0091],[88.4308,28.008],[88.4151,27.9992],[88.4107,27.9832],[88.3991,27.9781],[88.3894,27.9787],[88.3768,27.9898],[88.3519,27.9896],[88.3366,27.9839],[88.3315,27.9738],[88.32,27.9784],[88.3086,27.9672],[88.2864,27.9663],[88.2792,27.9559],[88.2646,27.9556],[88.2534,27.9448],[88.2415,27.9576],[88.2375,27.9712],[88.2246,27.9604],[88.2124,27.9647],[88.2063,27.96],[88.2048,27.9473],[88.1844,27.9439],[88.1636,27.958],[88.1543,27.9576],[88.1449,27.9643],[88.1345,27.952],[88.1377,27.937],[88.1295,27.9254],[88.1204,27.9212],[88.1233,27.9069],[88.1394,27.8885],[88.1347,27.8817],[88.1648,27.8692],[88.179,27.8585],[88.1964,27.8538],[88.2023,27.836],[88.1933,27.8323],[88.1888,27.8242],[88.1764,27.8207],[88.1855,27.8105],[88.1888,27.7992],[88.1976,27.7917],[88.1818,27.7757],[88.1835,27.7672],[88.1773,27.7584],[88.1782,27.7465],[88.1699,27.7408],[88.1588,27.7405],[88.1541,27.727],[88.1549,27.717],[88.1474,27.7023],[88.1541,27.692],[88.1465,27.679],[88.1432,27.6626],[88.1193,27.6433],[88.1137,27.6097],[88.1044,27.6015],[88.0904,27.5955],[88.0831,27.5888],[88.0752,27.5725],[88.0798,27.5642],[88.0692,27.5562],[88.0689,27.5466],[88.0614,27.541],[88.0644,27.5307],[88.0572,27.516],[88.0609,27.5118],[88.0443,27.4965],[88.0471,27.4751],[88.0565,27.4677],[88.0717,27.4455],[88.0682,27.4387],[88.075,27.4268],[88.0563,27.4172],[88.0478,27.4053],[88.0454,27.3782],[88.0423,27.3698],[88.049,27.3604],[88.059,27.3551],[88.0684,27.3351],[88.053,27.324],[88.0484,27.3113],[88.0413,27.3033],[88.0451,27.2938],[88.0328,27.2853],[88.0316,27.2504],[88.0203,27.235],[88.0148,27.2117],[88.0288,27.2207],[88.04,27.2206],[88.065,27.2133],[88.0788,27.2013],[88.0743,27.1929],[88.0782,27.1726],[88.0866,27.1646],[88.0897,27.1418],[88.0962,27.1334],[88.1114,27.13],[88.121,27.1239],[88.1337,27.1218],[88.1373,27.1159],[88.1536,27.1098],[88.1625,27.1136],[88.1736,27.1286],[88.1817,27.1325],[88.2049,27.1334],[88.2156,27.1316],[88.2322,27.1185],[88.2787,27.1305],[88.2952,27.1259],[88.302,27.1289],[88.3166,27.1256],[88.3244,27.1055],[88.3419,27.1097],[88.3566,27.0953],[88.3819,27.0944],[88.3971,27.0886],[88.4129,27.0863],[88.4306,27.0794],[88.4562,27.0874],[88.4643,27.1007],[88.4662,27.1122],[88.4752,27.1208],[88.4894,27.1237],[88.5141,27.1398],[88.5187,27.1469],[88.5291,27.1478],[88.5272,27.1663],[88.5331,27.1767],[88.5413,27.1818],[88.589,27.1893],[88.6069,27.1811],[88.6224,27.1793],[88.6374,27.1625],[88.6574,27.1597],[88.6724,27.1748],[88.6822,27.1768],[88.7066,27.1664],[88.7163,27.1539],[88.7165,27.1415],[88.7244,27.1354],[88.7346,27.1348],[88.7455,27.142]]]},"properties":{"ST_NM":"Sikkim"}},
{"type":"Feature","geometry":{"type":"Polygon","coordinates":[[[92.2117,24.5045],[92.1889,24.5156],[92.1854,24.5205],[92.1689,24.5272],[92.1593,24.5253],[92.1545,24.5166],[92.1498,24.4907],[92.1563,24.4784],[92.1562,24.4641],[92.166,24.4459],[92.1679,24.4242],[92.1621,24.4193],[92.154,24.4257],[92.1396,24.4255],[92.1333,24.4085],[92.1142,24.3868],[92.1049,24.3807],[92.0831,24.3751],[92.0354,24.3796],[92.0199,24.389],[92.0115,24.3842],[92.0038,24.3927],[91.9933,24.3912],[91.9915,24.3828],[91.9798,24.3847],[91.9769,24.3742],[91.9853,24.366],[91.9821,24.3596],[91.9921,24.348],[91.9938,24.3289],[91.9846,24.3271],[91.973,24.3373],[91.9726,24.3451],[91.9652,24.3571],[91.957,24.3568],[91.9423,24.3463],[91.922,24.3373],[91.9377,24.2867],[91.9423,24.2631],[91.9261,24.2132],[91.9171,24.1722],[91.9191,24.154],[91.9105,24.1406],[91.8844,24.1411],[91.8667,24.1621],[91.8606,24.1817],[91.8378,24.196],[91.8418,24.2117],[91.8469,24.2166],[91.8408,24.2275],[91.8326,24.2269],[91.8217,24.2107],[91.8104,24.2117],[91.8018,24.2211],[91.7901,24.2209],[91.7573,24.238],[91.7469,24.2452],[91.746,24.2145],[91.7571,24.1438],[91.7264,24.1412],[91.7188,24.1504],[91.7091,24.1505],[91.7001,24.161],[91.6889,24.1585],[91.6822,24.163],[91.6775,24.1875],[91.6632,24.2129],[91.6651,24.2282],[91.6538,24.2261],[91.6468,24.2174],[91.6493,24.1953],[91.6562,24.1846],[91.6532,24.1769],[91.6417,24.1784],[91.6403,24.1561],[91.6291,24.1383],[91.6348,24.1251],[91.6354,24.1142],[91.6313,24.1036],[91.621,24.0973],[91.6019,24.0922],[91.581,24.0744],[91.5695,24.0789],[91.5397,24.0732],[91.5251,24.0801],[91.4953,24.085],[91.4902,24.0966],[91.4808,24.0932],[91.4727,24.0984],[91.4559,24.0947],[91.4516,24.0992],[91.437,24.0946],[91.4294,24.1049],[91.4147,24.1082],[91.3759,24.1056],[91.3783,24.0791],[91.3969,24.0485],[91.3908,24.0258],[91.3734,24.0025],[91.3789,23.9743],[91.3599,23.9855],[91.3531,23.9813],[91.3396,23.9817],[91.3316,23.9904],[91.3216,23.9947],[91.3001,23.9885],[91.2906,23.9694],[91.2837,23.968],[91.2802,23.9823],[91.2654,23.9615],[91.2574,23.9427],[91.2663,23.9359],[91.2686,23.9234],[91.239,23.9166],[91.2431,23.9035],[91.2216,23.8931],[91.2195,23.8792],[91.2302,23.8557],[91.2478,23.8298],[91.2349,23.8087],[91.228,23.7912],[91.2314,23.7848],[91.2308,23.7646],[91.2209,23.7424],[91.2095,23.7518],[91.1928,23.7525],[91.1657,23.7496],[91.1581,23.7421],[91.1497,23.7125],[91.1531,23.6918],[91.1675,23.6911],[91.1927,23.6934],[91.202,23.6902],[91.2,23.6676],[91.2019,23.655],[91.169,23.6578],[91.1603,23.6527],[91.1601,23.631],[91.1571,23.6199],[91.1608,23.5945],[91.1749,23.5923],[91.1737,23.5851],[91.1861,23.5753],[91.194,23.5607],[91.1931,23.5448],[91.2009,23.5474],[91.2078,23.5397],[91.2004,23.5169],[91.2081,23.5079],[91.225,23.5093],[91.2208,23.4973],[91.2382,23.4929],[91.2445,23.4869],[91.2538,23.4879],[91.258,23.4793],[91.2579,23.4614],[91.2665,23.4429],[91.2789,23.4332],[91.2725,23.4273],[91.2831,23.4193],[91.2835,23.3834],[91.288,23.3683],[91.2966,23.3653],[91.2926,23.355],[91.3131,23.3524],[91.3134,23.3408],[91.2956,23.338],[91.2884,23.3145],[91.295,23.3091],[91.3101,23.3091],[91.3155,23.2899],[91.3071,23.2933],[91.2992,23.2854],[91.3101,23.2758],[91.3236,23.2377],[91.3247,23.1688],[91.3232,23.1583],[91.333,23.153],[91.337,23.1312],[91.3474,23.1188],[91.3469,23.1024],[91.3697,23.0705],[91.3964,23.0561],[91.4119,23.0655],[91.4161,23.0812],[91.405,23.087],[91.4001,23.0966],[91.4032,23.1137],[91.3968,23.1178],[91.3973,23.1304],[91.3847,23.1563],[91.3854,23.1918],[91.3881,23.2147],[91.3863,23.2276],[91.4004,23.2295],[91.3931,23.2467],[91.4086,23.2477],[91.4112,23.2559],[91.4087,23.2853],[91.4196,23.2733],[91.4155,23.2626],[91.4485,23.26],[91.4456,23.2438],[91.4578,23.2461],[91.4702,23.2278],[91.4531,23.2233],[91.4585,23.2135],[91.4753,23.2205],[91.4844,23.2094],[91.4823,23.1986],[91.4849,23.1885],[91.5031,23.1922],[91.4973,23.1798],[91.4981,23.1717],[91.491,23.1578],[91.4965,23.1467],[91.508,23.1398],[91.5037,23.1273],[91.5141,23.1227],[91.5112,23.1043],[91.5222,23.1041],[91.5188,23.0943],[91.5284,23.0917],[91.525,23.0829],[91.534,23.0658],[91.5352,23.0561],[91.5304,23.0384],[91.5503,23.0385],[91.5383,23.0193],[91.5481,23.0193],[91.5423,22.9996],[91.5474,22.9944],[91.557,22.9967],[91.5573,22.9786],[91.575,22.9688],[91.5897,22.9768],[91.6061,22.9716],[91.6069,22.9535],[91.621,22.9397],[91.6272,22.9563],[91.6372,22.9624],[91.6413,22.9747],[91.6506,22.982],[91.6833,22.9775],[91.6955,22.9886],[91.7125,22.984],[91.7234,22.9952],[91.744,23.0069],[91.7615,23.0297],[91.784,23.0375],[91.779,23.061],[91.7818,23.0715],[91.8047,23.0632],[91.8176,23.0737],[91.8222,23.0862],[91.835,23.0938],[91.8171,23.1013],[91.8166,23.1157],[91.8127,23.1228],[91.8146,23.1336],[91.8088,23.1393],[91.8137,23.1471],[91.8065,23.1581],[91.8058,23.1802],[91.7973,23.1847],[91.7979,23.1956],[91.7892,23.2044],[91.7928,23.2093],[91.7913,23.2266],[91.7848,23.2322],[91.7762,23.2657],[91.7666,23.2715],[91.7601,23.2822],[91.7644,23.3099],[91.7779,23.3171],[91.7822,23.3239],[91.8039,23.3321],[91.81,23.3445],[91.8239,23.3523],[91.8255,23.3633],[91.8376,23.371],[91.8364,23.3856],[91.8424,23.3889],[91.8387,23.4223],[91.8432,23.4245],[91.8247,23.4673],[91.8133,23.4688],[91.8049,23.4846],[91.7978,23.4894],[91.8042,23.5125],[91.8262,23.4947],[91.8288,23.4819],[91.8347,23.4783],[91.8383,23.4652],[91.8645,23.4472],[91.8565,23.4323],[91.8636,23.4083],[91.8704,23.4129],[91.8943,23.4201],[91.9055,23.4327],[91.9231,23.4366],[91.9307,23.4279],[91.9471,23.4305],[91.9434,23.4644],[91.9599,23.4786],[91.9736,23.4813],[91.9756,23.4953],[91.9675,23.5156],[91.9586,23.5219],[91.9567,23.5304],[91.9652,23.5366],[91.9593,23.5533],[91.9609,23.5659],[91.9576,23.5782],[91.9579,23.5942],[91.954,23.6165],[91.943,23.6351],[91.9476,23.6477],[91.9371,23.6905],[91.9532,23.7044],[91.9539,23.7215],[91.9593,23.7265],[91.9584,23.7386],[91.9835,23.7282],[91.9966,23.6964],[92.0013,23.6767],[92.0066,23.6654],[92.0215,23.6634],[92.0426,23.6464],[92.0508,23.6483],[92.063,23.6442],[92.0745,23.6466],[92.0778,23.6615],[92.0852,23.6764],[92.0936,23.6743],[92.098,23.6864],[92.1081,23.6939],[92.118,23.7311],[92.1357,23.7352],[92.1516,23.7276],[92.1547,23.7196],[92.1704,23.7058],[92.1878,23.7086],[92.2044,23.7062],[92.2167,23.6841],[92.2096,23.6655],[92.2167,23.6528],[92.2288,23.6534],[92.2358,23.6685],[92.2361,23.685],[92.2451,23.6982],[92.2391,23.7139],[92.2415,23.7193],[92.2545,23.7266],[92.2654,23.7251],[92.2671,23.7517],[92.265,23.7725],[92.257,23.8129],[92.2824,23.8177],[92.2686,23.8418],[92.2691,23.847],[92.2896,23.8683],[92.2992,23.8598],[92.309,23.8571],[92.3165,23.8654],[92.3106,23.8709],[92.3166,23.898],[92.3239,23.905],[92.3164,23.9278],[92.3106,23.9349],[92.3085,23.9682],[92.32,23.9791],[92.326,23.9975],[92.3166,24.0168],[92.3192,24.0255],[92.3121,24.0392],[92.3162,24.045],[92.3164,24.0675],[92.3243,24.0863],[92.3232,24.1037],[92.325,24.1398],[92.3315,24.1524],[92.3243,24.1683],[92.3269,24.181],[92.3198,24.1974],[92.3214,24.2032],[92.3093,24.2224],[92.297,24.2321],[92.2923,24.2505],[92.2819,24.252],[92.2604,24.2484],[92.2369,24.2403],[92.2248,24.2411],[92.2212,24.2349],[92.206,24.2385],[92.209,24.2556],[92.2188,24.2857],[92.239,24.3122],[92.239,24.3242],[92.2544,24.352],[92.2598,24.3585],[92.2581,24.3889],[92.2538,24.4165],[92.2465,24.4425],[92.23,24.4523],[92.2287,24.4757],[92.2365,24.4888],[92.2298,24.5024],[92.2117,24.5045]]]},"properties":{"ST_NM":"Tripura"}},
{"type":"Feature","geometry":{"type":"Polygon","coordinates":[[[80.0651,28.8367],[80.0589,28.9158],[80.0967,28.9757],[80.1009,28.9868],[80.118,28.9814],[80.1269,29.0055],[80.1248,29.0115],[80.1313,29.0297],[80.1259,29.0312],[80.1382,29.0601],[80.1295,29.0613],[80.1451,29.1032],[80.1615,29.1135],[80.1665,29.1263],[80.1751,29.1267],[80.1862,29.136],[80.2014,29.1297],[80.2093,29.121],[80.233,29.1193],[80.2571,29.1368],[80.2705,29.1398],[80.2705,29.1469],[80.2581,29.1659],[80.2609,29.1748],[80.2588,29.1872],[80.241,29.2017],[80.2484,29.221],[80.2556,29.2193],[80.2576,29.2082],[80.2722,29.2083],[80.2858,29.1949],[80.2979,29.2052],[80.2938,29.211],[80.2959,29.2219],[80.2905,29.2301],[80.2996,29.2411],[80.2972,29.2501],[80.3047,29.2732],[80.3051,29.2871],[80.3184,29.3014],[80.3165,29.3152],[80.2963,29.3249],[80.291,29.3369],[80.2797,29.3489],[80.2798,29.3574],[80.2717,29.3629],[80.2717,29.3719],[80.2789,29.3786],[80.2733,29.3933],[80.2641,29.396],[80.2429,29.411],[80.2473,29.4313],[80.2423,29.4419],[80.2685,29.4551],[80.2792,29.4566],[80.2858,29.4494],[80.299,29.4558],[80.2858,29.4727],[80.2957,29.4871],[80.3113,29.4826],[80.3152,29.5002],[80.3274,29.5048],[80.3328,29.5116],[80.342,29.5108],[80.3492,29.5238],[80.3578,29.5315],[80.3489,29.5412],[80.3483,29.5545],[80.3607,29.5561],[80.3633,29.5635],[80.3782,29.5608],[80.3807,29.5715],[80.3904,29.5732],[80.3926,29.5814],[80.4059,29.5915],[80.4099,29.6005],[80.406,29.6127],[80.4103,29.6238],[80.4205,29.6296],[80.4162,29.6511],[80.4066,29.6617],[80.3921,29.6654],[80.3845,29.6789],[80.3813,29.6967],[80.3686,29.7228],[80.369,29.7497],[80.3846,29.7506],[80.3859,29.7566],[80.3976,29.7652],[80.4072,29.7837],[80.4071,29.7938],[80.4295,29.7987],[80.4349,29.8047],[80.4474,29.7983],[80.4634,29.801],[80.4791,29.7947],[80.4934,29.7946],[80.5004,29.8155],[80.5071,29.8224],[80.5222,29.8269],[80.5368,29.8388],[80.5377,29.8444],[80.553,29.849],[80.5583,29.8708],[80.5662,29.8782],[80.5719,29.8919],[80.5714,29.9146],[80.5814,29.9348],[80.5942,29.9504],[80.6044,29.9582],[80.631,29.9638],[80.6506,29.9548],[80.6779,29.9587],[80.6902,29.9735],[80.7121,29.9898],[80.7188,30.0006],[80.7361,29.9997],[80.7457,30.0061],[80.7567,30.0242],[80.7559,30.0398],[80.7656,30.0523],[80.7765,30.055],[80.8041,30.0888],[80.8206,30.0999],[80.8367,30.0982],[80.845,30.1034],[80.8428,30.1153],[80.8571,30.1216],[80.871,30.1234],[80.8781,30.1337],[80.8715,30.1603],[80.8624,30.169],[80.88,30.1826],[80.8832,30.1943],[80.8941,30.2104],[80.9074,30.2227],[80.9168,30.2192],[80.9222,30.2076],[80.9166,30.1868],[80.9284,30.1748],[80.9529,30.1849],[80.9705,30.1866],[80.9749,30.1926],[80.9857,30.1868],[81.0007,30.1919],[81.0345,30.1976],[81.045,30.2071],[81.041,30.2155],[81.0307,30.2193],[81.027,30.2286],[81.0323,30.2463],[81.0123,30.2552],[80.9985,30.268],[80.9773,30.2708],[80.9562,30.2709],[80.9394,30.2667],[80.9269,30.2672],[80.9269,30.2833],[80.9144,30.2885],[80.9076,30.3041],[80.8734,30.3027],[80.8638,30.3141],[80.8445,30.3174],[80.8267,30.3144],[80.817,30.3225],[80.8049,30.3231],[80.802,30.3318],[80.7854,30.346],[80.7728,30.3658],[80.7508,30.3794],[80.7486,30.3868],[80.7151,30.4142],[80.6893,30.4147],[80.6792,30.4219],[80.6771,30.4292],[80.6583,30.4425],[80.637,30.4502],[80.6242,30.4614],[80.613,30.4585],[80.6056,30.4707],[80.5652,30.4631],[80.5588,30.453],[80.5478,30.4478],[80.5294,30.4562],[80.5237,30.4668],[80.5067,30.4751],[80.4974,30.4877],[80.4661,30.4905],[80.4173,30.5173],[80.4113,30.5254],[80.3963,30.5184],[80.38,30.5195],[80.366,30.5283],[80.3469,30.5208],[80.3393,30.5253],[80.3343,30.5359],[80.3247,30.5419],[80.3154,30.565],[80.2834,30.57],[80.2544,30.5645],[80.2367,30.5791],[80.2212,30.5792],[80.2094,30.588],[80.2163,30.6149],[80.2123,30.627],[80.2198,30.6347],[80.2195,30.6431],[80.2076,30.6504],[80.1943,30.6653],[80.1984,30.6866],[80.2177,30.6876],[80.2324,30.692],[80.2335,30.7093],[80.2484,30.7191],[80.2488,30.7431],[80.2272,30.7591],[80.209,30.7525],[80.1977,30.7617],[80.1932,30.7706],[80.1986,30.7753],[80.1852,30.7894],[80.1737,30.8083],[80.155,30.804],[80.1549,30.7945],[80.1249,30.7809],[80.1095,30.78],[80.0971,30.7924],[80.0877,30.7956],[80.0728,30.8222],[80.0504,30.845],[80.0427,30.8395],[80.0327,30.8427],[80.0095,30.8686],[79.9954,30.8708],[79.9876,30.8779],[79.9739,30.8797],[79.9628,30.8887],[79.9489,30.8832],[79.9305,30.8816],[79.9089,30.9148],[79.8889,30.9183],[79.8813,30.9489],[79.8744,30.9673],[79.8547,30.9763],[79.8385,30.9722],[79.8181,30.9715],[79.8075,30.9802],[79.7969,30.9787],[79.7909,30.9868],[79.7754,30.9869],[79.7532,31.0064],[79.7469,31.0016],[79.7354,30.9797],[79.6992,30.9706],[79.6738,30.9824],[79.6654,30.9827],[79.6649,30.9684],[79.6367,30.9534],[79.6218,30.951],[79.6009,30.9393],[79.5892,30.9466],[79.5706,30.949],[79.5553,30.9559],[79.5391,30.979],[79.5389,30.9887],[79.5241,30.9899],[79.5163,30.9984],[79.5201,31.0055],[79.5084,31.015],[79.5069,31.0321],[79.4905,31.0315],[79.4712,31.0356],[79.454,31.0315],[79.4398,31.0246],[79.427,31.0237],[79.418,31.0428],[79.4161,31.0731],[79.4121,31.0763],[79.4143,31.0927],[79.4102,31.1073],[79.4018,31.1144],[79.3873,31.117],[79.3741,31.1134],[79.3618,31.1232],[79.3479,31.1214],[79.3184,31.1359],[79.3053,31.157],[79.305,31.1712],[79.3005,31.1882],[79.2999,31.2072],[79.2968,31.2166],[79.2861,31.225],[79.2776,31.2374],[79.2598,31.2366],[79.2511,31.2412],[79.2224,31.2629],[79.2431,31.2751],[79.2468,31.2914],[79.2257,31.3017],[79.217,31.3136],[79.2213,31.3247],[79.2331,31.3333],[79.2116,31.3499],[79.1885,31.3527],[79.1669,31.361],[79.1666,31.3737],[79.1737,31.3837],[79.1682,31.3962],[79.1536,31.4038],[79.1445,31.4139],[79.1391,31.4333],[79.1157,31.4372],[79.1046,31.4427],[79.0961,31.4517],[79.0834,31.446],[79.0719,31.4561],[79.066,31.4458],[79.0673,31.4377],[79.0505,31.4266],[79.0419,31.4295],[79.0229,31.4273],[79.0138,31.4145],[79.0154,31.3886],[79.0074,31.3792],[79.016,31.3483],[78.9987,31.3399],[78.9848,31.3489],[78.9879,31.3557],[78.9766,31.3626],[78.9677,31.356],[78.9424,31.365],[78.9382,31.3473],[78.9305,31.3415],[78.9164,31.3163],[78.8962,31.3026],[78.8973,31.2902],[78.882,31.2868],[78.8875,31.2673],[78.9161,31.2487],[78.9221,31.2254],[78.9316,31.2161],[78.9466,31.2162],[78.9438,31.2066],[78.9575,31.1867],[78.9859,31.1739],[78.9905,31.1614],[78.9882,31.1552],[78.9909,31.138],[78.9986,31.1357],[79.0065,31.1192],[79.0022,31.1125],[78.99,31.1086],[78.973,31.1082],[78.9592,31.0995],[78.9322,31.1008],[78.9265,31.1089],[78.9136,31.1083],[78.9086,31.0989],[78.89,31.0971],[78.8729,31.1089],[78.8652,31.1201],[78.8436,31.128],[78.8381,31.1384],[78.8312,31.1407],[78.823,31.1578],[78.8249,31.1636],[78.8107,31.172],[78.8105,31.1803],[78.8174,31.1897],[78.8099,31.1984],[78.7967,31.1965],[78.7695,31.1865],[78.7267,31.1898],[78.704,31.189],[78.6878,31.1976],[78.6719,31.197],[78.6617,31.1893],[78.65,31.2007],[78.6486,31.2129],[78.6253,31.2184],[78.6226,31.2242],[78.6068,31.2293],[78.5973,31.2255],[78.5797,31.226],[78.5689,31.2196],[78.552,31.2003],[78.5076,31.196],[78.4837,31.199],[78.4798,31.2139],[78.4728,31.2185],[78.4617,31.2361],[78.443,31.2449],[78.436,31.2545],[78.4259,31.2443],[78.4127,31.2397],[78.4028,31.248],[78.4073,31.2559],[78.3962,31.27],[78.3863,31.2715],[78.3841,31.2817],[78.3703,31.2864],[78.352,31.2807],[78.3399,31.2828],[78.3319,31.2777],[78.3112,31.2812],[78.3076,31.2615],[78.2919,31.26],[78.2829,31.2663],[78.2687,31.2487],[78.2432,31.2294],[78.2258,31.2351],[78.2199,31.2338],[78.215,31.2218],[78.1981,31.2177],[78.187,31.2271],[78.1602,31.2256],[78.1471,31.2105],[78.1334,31.2084],[78.1286,31.2009],[78.1145,31.1946],[78.1036,31.1855],[78.0659,31.1872],[78.0512,31.18],[78.0291,31.1625],[78.0303,31.151],[78.0008,31.162],[77.9847,31.157],[77.9686,31.1726],[77.9589,31.171],[77.9515,31.1614],[77.9432,31.1613],[77.9248,31.1505],[77.9079,31.1541],[77.889,31.1331],[77.8888,31.1193],[77.8707,31.1138],[77.8638,31.1086],[77.8616,31.0921],[77.8512,31.0734],[77.8371,31.072],[77.8289,31.0583],[77.8171,31.0559],[77.8184,31.0329],[77.807,31.0268],[77.8099,31.0111],[77.822,31.0044],[77.8318,30.9941],[77.8242,30.9885],[77.8219,30.9762],[77.8163,30.9729],[77.8101,30.9557],[77.7937,30.9688],[77.7688,30.974],[77.7541,30.9645],[77.749,30.9535],[77.7539,30.9328],[77.7637,30.9311],[77.7623,30.9193],[77.7774,30.9171],[77.8041,30.9236],[77.8159,30.9104],[77.8088,30.8968],[77.8016,30.8943],[77.8001,30.8726],[77.8057,30.8533],[77.7792,30.8604],[77.7755,30.8765],[77.7632,30.8805],[77.7561,30.8709],[77.7572,30.8601],[77.744,30.8467],[77.7577,30.8352],[77.7613,30.8261],[77.7484,30.8217],[77.746,30.814],[77.735,30.8046],[77.7319,30.7919],[77.7213,30.7759],[77.7041,30.7656],[77.7074,30.7404],[77.7231,30.7407],[77.7458,30.7204],[77.7474,30.7125],[77.7558,30.707],[77.7467,30.6936],[77.7474,30.6799],[77.7733,30.6686],[77.7812,30.66],[77.7815,30.6473],[77.7869,30.6414],[77.7867,30.6144],[77.7711,30.6106],[77.7724,30.5986],[77.7643,30.596],[77.7566,30.6045],[77.7428,30.5957],[77.7566,30.5857],[77.7718,30.5593],[77.7825,30.56],[77.7907,30.5545],[77.8064,30.5546],[77.8166,30.5614],[77.8278,30.5311],[77.8197,30.5236],[77.8185,30.5081],[77.8035,30.5021],[77.7831,30.5006],[77.7394,30.4761],[77.721,30.4731],[77.688,30.4475],[77.6708,30.4443],[77.6541,30.4484],[77.6461,30.4335],[77.6319,30.4313],[77.6259,30.4348],[77.5987,30.4282],[77.5743,30.4134],[77.576,30.3974],[77.5854,30.405],[77.5958,30.4062],[77.605,30.4018],[77.6185,30.4024],[77.6359,30.3991],[77.6472,30.4048],[77.6614,30.39],[77.6765,30.3878],[77.679,30.3752],[77.6896,30.3769],[77.6947,30.3658],[77.7208,30.3309],[77.7658,30.3142],[77.7846,30.3054],[77.7932,30.2979],[77.8463,30.2721],[77.8587,30.2715],[77.879,30.2621],[77.8865,30.2671],[77.9166,30.255],[77.937,30.2492],[77.9472,30.2343],[77.9331,30.2156],[77.9189,30.2113],[77.912,30.1826],[77.9022,30.1743],[77.8801,30.1464],[77.8661,30.1192],[77.8532,30.107],[77.8385,30.1027],[77.828,30.086],[77.8217,30.0857],[77.8012,30.0955],[77.7958,30.0799],[77.7748,30.0553],[77.77,30.0426],[77.7855,30.0279],[77.782,30.0187],[77.7616,30.0087],[77.7604,29.9952],[77.7441,29.9837],[77.7337,29.9553],[77.7484,29.9517],[77.7453,29.9445],[77.7305,29.9317],[77.7439,29.9232],[77.7472,29.9101],[77.7282,29.8988],[77.7317,29.8931],[77.7173,29.8875],[77.7148,29.8706],[77.7235,29.8556],[77.7415,29.8521],[77.7418,29.8334],[77.7557,29.8254],[77.7589,29.8186],[77.7564,29.8065],[77.7746,29.7889],[77.7724,29.7801],[77.7803,29.7651],[77.7695,29.7454],[77.7827,29.7363],[77.7697,29.7177],[77.7787,29.7107],[77.7918,29.71],[77.8105,29.7024],[77.799,29.6862],[77.83,29.6683],[77.8386,29.6705],[77.8616,29.6869],[77.8747,29.6873],[77.879,29.7003],[77.9021,29.7012],[77.9113,29.6958],[77.9264,29.7143],[77.9455,29.7131],[77.951,29.7016],[77.9399,29.6961],[77.9506,29.6873],[77.9476,29.6821],[77.9691,29.6675],[77.9664,29.6502],[77.9826,29.6406],[77.9774,29.6313],[77.976,29.6174],[77.9669,29.6115],[77.9484,29.617],[77.9333,29.6006],[77.9403,29.5928],[77.9675,29.5801],[77.9827,29.5836],[77.9962,29.5915],[78.0008,29.5863],[78.0152,29.5873],[78.0183,29.5983],[78.0343,29.6104],[78.0528,29.6189],[78.0575,29.6307],[78.0671,29.6307],[78.0842,29.6246],[78.0815,29.6352],[78.1031,29.641],[78.1171,29.6491],[78.1305,29.6526],[78.1376,29.6636],[78.1805,29.6969],[78.196,29.6927],[78.202,29.7145],[78.2039,29.7373],[78.2216,29.7407],[78.2282,29.7369],[78.2407,29.7414],[78.2459,29.7346],[78.2602,29.7387],[78.2623,29.7437],[78.2787,29.7537],[78.2861,29.762],[78.2927,29.7591],[78.3036,29.7748],[78.3179,29.7829],[78.3357,29.7967],[78.3773,29.7744],[78.3927,29.7675],[78.4091,29.7634],[78.4274,29.7646],[78.4451,29.7504],[78.4737,29.7399],[78.4885,29.7382],[78.5068,29.7295],[78.5165,29.7195],[78.5208,29.6979],[78.5215,29.6579],[78.5416,29.6263],[78.5651,29.6011],[78.5844,29.5838],[78.6177,29.5581],[78.6385,29.5467],[78.6505,29.5461],[78.667,29.5339],[78.7004,29.5058],[78.7109,29.5005],[78.7207,29.5022],[78.7464,29.5002],[78.7791,29.4762],[78.7997,29.4646],[78.8112,29.4657],[78.8227,29.4598],[78.8384,29.4577],[78.8809,29.4434],[78.9002,29.4415],[78.9253,29.4339],[78.9255,29.4256],[78.9122,29.3943],[78.8922,29.381],[78.8873,29.3731],[78.8717,29.3623],[78.8511,29.3556],[78.849,29.3444],[78.8402,29.346],[78.8221,29.3592],[78.8099,29.3395],[78.8013,29.3356],[78.7954,29.3251],[78.7772,29.3259],[78.7669,29.3366],[78.7543,29.3315],[78.7497,29.3173],[78.7349,29.3217],[78.7313,29.3136],[78.7361,29.2968],[78.765,29.2794],[78.7702,29.2671],[78.7899,29.2477],[78.809,29.236],[78.82,29.2321],[78.8382,29.2411],[78.8419,29.2349],[78.8585,29.2334],[78.8733,29.2237],[78.8906,29.2012],[78.8866,29.1953],[78.8996,29.1886],[78.8984,29.1826],[78.9087,29.1773],[78.9017,29.1696],[78.9086,29.1643],[78.9156,29.1503],[78.9115,29.1436],[78.9187,29.1355],[78.9067,29.127],[78.9269,29.1181],[78.9346,29.1297],[78.9565,29.12],[78.9642,29.1306],[78.9823,29.1431],[78.9898,29.1396],[78.9913,29.1307],[79.0044,29.1255],[79.0077,29.1133],[79.0174,29.1162],[79.0248,29.1125],[79.0346,29.1178],[79.0405,29.1279],[79.0155,29.1355],[79.0208,29.1441],[79.0359,29.1531],[79.0292,29.1652],[79.0394,29.1686],[79.0505,29.157],[79.0749,29.1517],[79.0906,29.1434],[79.1014,29.1342],[79.1193,29.1259],[79.1265,29.1329],[79.1502,29.1187],[79.1529,29.1141],[79.1434,29.0868],[79.1425,29.067],[79.1489,29.0583],[79.1719,29.0452],[79.1622,29.0254],[79.1665,29.0178],[79.1782,29.0135],[79.1937,29.0202],[79.2045,29.021],[79.2117,29.0276],[79.222,29.0195],[79.2449,29.0101],[79.2478,29.0034],[79.2607,28.9914],[79.3068,28.9667],[79.3106,28.9738],[79.3372,28.9722],[79.3563,28.9678],[79.3621,28.9815],[79.372,28.9858],[79.3771,28.9714],[79.3906,28.9474],[79.408,28.952],[79.4158,28.9439],[79.4162,28.9276],[79.4253,28.923],[79.4276,28.9128],[79.4225,28.8995],[79.4303,28.8898],[79.4256,28.8665],[79.4392,28.8621],[79.4501,28.8711],[79.4772,28.8646],[79.4819,28.8718],[79.4973,28.8729],[79.5215,28.8648],[79.533,28.8698],[79.5565,28.8993],[79.577,28.889],[79.5843,28.8792],[79.5757,28.8505],[79.5844,28.8463],[79.6039,28.8569],[79.6133,28.8529],[79.6206,28.8635],[79.636,28.8669],[79.6449,28.8635],[79.6561,28.8698],[79.6657,28.8656],[79.6825,28.8507],[79.7067,28.8411],[79.7096,28.8512],[79.7188,28.8484],[79.7264,28.861],[79.7365,28.8563],[79.7457,28.86],[79.7491,28.8718],[79.7668,28.875],[79.7886,28.8728],[79.7998,28.8875],[79.8147,28.8838],[79.8277,28.8845],[79.829,28.8769],[79.8461,28.8732],[79.8492,28.8606],[79.8453,28.8512],[79.838,28.8484],[79.8369,28.8318],[79.8243,28.8073],[79.8178,28.8163],[79.8077,28.8065],[79.8269,28.795],[79.8385,28.7977],[79.8523,28.8156],[79.8541,28.8242],[79.8632,28.8381],[79.8735,28.8323],[79.8881,28.8367],[79.8939,28.8315],[79.8941,28.8205],[79.914,28.8178],[79.9056,28.8031],[79.8785,28.8149],[79.8701,28.8058],[79.8741,28.7963],[79.8843,28.7901],[79.9065,28.782],[79.9265,28.7901],[79.9398,28.7878],[79.9246,28.7751],[79.9326,28.7628],[79.9432,28.76],[79.9388,28.7504],[79.9465,28.7424],[79.9438,28.7343],[79.9544,28.7229],[80.0301,28.7487],[80.0523,28.7783],[80.0681,28.8029],[80.0592,28.8169],[80.0651,28.8367]]]},"properties":{"ST_NM":"Uttarakhand"}},
{"type":"Feature","geometry":{"type":"Polygon","coordinates":[[[78.6112,19.8163],[78.588,19.8188],[78.5723,19.8158],[78.5527,19.824],[78.5418,19.8237],[78.5301,19.8184],[78.5153,19.819],[78.509,19.8121],[78.5085,19.8],[78.4952,19.7926],[78.4851,19.7961],[78.475,19.8155],[78.4692,19.8177],[78.4555,19.8132],[78.4392,19.8134],[78.423,19.8176],[78.3874,19.8446],[78.3824,19.8551],[78.3807,19.8804],[78.3605,19.8834],[78.3369,19.883],[78.3288,19.8872],[78.3251,19.8981],[78.3341,19.9053],[78.3264,19.9166],[78.307,19.9143],[78.2978,19.8722],[78.2853,19.8566],[78.2861,19.8479],[78.2998,19.841],[78.3203,19.8422],[78.3364,19.8379],[78.334,19.8146],[78.3448,19.8134],[78.3575,19.8054],[78.3647,19.7812],[78.3643,19.7792],[78.3493,19.738],[78.3413,19.7358],[78.3393,19.7242],[78.3432,19.7132],[78.3221,19.7076],[78.3158,19.7026],[78.3118,19.691],[78.2879,19.688],[78.2762,19.6924],[78.2627,19.6651],[78.2905,19.646],[78.2939,19.6194],[78.3042,19.6079],[78.3037,19.5693],[78.2936,19.559],[78.2753,19.5625],[78.275,19.552],[78.284,19.5414],[78.2933,19.5422],[78.2915,19.5239],[78.2986,19.497],[78.3092,19.4811],[78.3044,19.4561],[78.287,19.4485],[78.2705,19.4562],[78.2687,19.4485],[78.2445,19.4288],[78.2356,19.4268],[78.22,19.433],[78.2026,19.4197],[78.1925,19.4067],[78.1762,19.4123],[78.1877,19.3946],[78.1721,19.3597],[78.1762,19.3349],[78.1923,19.3258],[78.1937,19.3145],[78.1831,19.2852],[78.1767,19.2778],[78.178,19.2539],[78.1818,19.2476],[78.1753,19.2376],[78.1584,19.2358],[78.151,19.2295],[78.1429,19.23],[78.1343,19.2389],[78.1171,19.2486],[78.1132,19.2444],[78.0824,19.2432],[78.0791,19.2548],[78.0644,19.2478],[78.0557,19.2371],[78.0408,19.2441],[78.036,19.2506],[78.0425,19.2706],[78.0148,19.279],[78.0144,19.2938],[77.9987,19.2998],[77.986,19.309],[77.9774,19.3228],[77.9668,19.3267],[77.9616,19.3358],[77.9435,19.3427],[77.9319,19.3346],[77.9117,19.3163],[77.8953,19.3206],[77.8901,19.3133],[77.8635,19.3041],[77.8656,19.2838],[77.8839,19.279],[77.9035,19.278],[77.9076,19.2682],[77.9027,19.2564],[77.8822,19.2605],[77.8714,19.2538],[77.8669,19.2399],[77.866,19.2264],[77.858,19.2137],[77.8477,19.1896],[77.8605,19.1803],[77.8527,19.1668],[77.8526,19.1547],[77.838,19.1376],[77.8418,19.1179],[77.8477,19.116],[77.8462,19.1013],[77.8486,19.0865],[77.8296,19.0871],[77.8264,19.0966],[77.8173,19.1055],[77.8049,19.1012],[77.8017,19.0762],[77.7968,19.0709],[77.8004,19.0511],[77.7903,19.0554],[77.7753,19.056],[77.7648,19.0626],[77.7629,19.029],[77.7693,19.02],[77.7742,18.9974],[77.7715,18.9792],[77.7877,18.9726],[77.7912,18.9828],[77.8218,18.9785],[77.8163,18.9473],[77.8325,18.9416],[77.842,18.9499],[77.8586,18.9491],[77.8479,18.9269],[77.8433,18.9087],[77.8557,18.9026],[77.8844,18.9048],[77.8916,18.8814],[77.9039,18.8812],[77.9033,18.8666],[77.9142,18.8614],[77.9301,18.8587],[77.9375,18.8516],[77.9348,18.8451],[77.9489,18.8433],[77.9483,18.8291],[77.9303,18.8225],[77.9067,18.8267],[77.891,18.8199],[77.8706,18.8178],[77.8584,18.8085],[77.84,18.8048],[77.8268,18.7698],[77.8124,18.7385],[77.8041,18.7262],[77.8042,18.7132],[77.7897,18.6949],[77.7873,18.6826],[77.7719,18.6891],[77.7733,18.7014],[77.7596,18.7067],[77.7506,18.6952],[77.7494,18.6829],[77.7435,18.6813],[77.7301,18.6672],[77.7305,18.6451],[77.7457,18.6213],[77.7456,18.6059],[77.7504,18.5889],[77.7404,18.5752],[77.7385,18.5568],[77.7233,18.5533],[77.7016,18.5552],[77.6884,18.5449],[77.6821,18.5454],[77.6649,18.536],[77.6514,18.5323],[77.6521,18.5518],[77.6396,18.5549],[77.634,18.5439],[77.6265,18.5519],[77.5964,18.5489],[77.5953,18.5355],[77.6005,18.5273],[77.5971,18.5159],[77.5878,18.5129],[77.5859,18.504],[77.5943,18.4979],[77.6047,18.4964],[77.6032,18.4768],[77.5943,18.4769],[77.5923,18.4847],[77.5764,18.4868],[77.5729,18.4698],[77.5486,18.4686],[77.5508,18.4604],[77.5641,18.461],[77.5836,18.4562],[77.5836,18.4451],[77.5602,18.4373],[77.548,18.4432],[77.5285,18.4434],[77.5282,18.4289],[77.5369,18.4242],[77.5567,18.4192],[77.5516,18.3889],[77.5459,18.3887],[77.5255,18.3727],[77.5204,18.3579],[77.5228,18.3454],[77.5316,18.3387],[77.5581,18.3314],[77.5705,18.3181],[77.571,18.3085],[77.5533,18.2981],[77.5514,18.2919],[77.5614,18.2849],[77.5703,18.2925],[77.5819,18.2854],[77.6055,18.2813],[77.5949,18.2653],[77.5794,18.2559],[77.5731,18.2394],[77.5806,18.2322],[77.5853,18.2196],[77.5749,18.2016],[77.5656,18.2042],[77.5747,18.1765],[77.5843,18.1592],[77.5969,18.1559],[77.5947,18.1305],[77.6016,18.1059],[77.597,18.0868],[77.5598,18.0719],[77.557,18.0637],[77.5484,18.0652],[77.5538,18.0358],[77.5607,18.0362],[77.5833,18.0283],[77.5869,18.0135],[77.5934,18.0118],[77.6017,18.0198],[77.6072,18.0104],[77.6197,18.0065],[77.6278,17.9968],[77.6476,17.9995],[77.652,17.9947],[77.6483,17.9803],[77.6556,17.9698],[77.65,17.9602],[77.6495,17.95],[77.637,17.9528],[77.6326,17.9467],[77.623,17.9455],[77.6191,17.9041],[77.6052,17.9078],[77.6,17.9041],[77.5864,17.9086],[77.586,17.8938],[77.5959,17.8814],[77.5945,17.8723],[77.5835,17.877],[77.57,17.8676],[77.5675,17.8454],[77.5607,17.8386],[77.5541,17.8201],[77.5467,17.8285],[77.5324,17.8291],[77.5294,17.8172],[77.5149,17.8035],[77.509,17.7878],[77.5124,17.7821],[77.5264,17.7816],[77.5599,17.7634],[77.5663,17.7668],[77.5687,17.7492],[77.5471,17.7285],[77.5218,17.7259],[77.5095,17.7165],[77.4971,17.7155],[77.4932,17.7087],[77.4647,17.7018],[77.4525,17.6947],[77.4549,17.6752],[77.4483,17.6511],[77.4559,17.6342],[77.4512,17.6232],[77.4441,17.5844],[77.4619,17.5808],[77.4781,17.5668],[77.4941,17.5684],[77.4999,17.5475],[77.5069,17.5423],[77.5284,17.5754],[77.5375,17.5754],[77.5506,17.5517],[77.582,17.5599],[77.5938,17.5645],[77.5973,17.5537],[77.5957,17.5366],[77.6121,17.5348],[77.628,17.5236],[77.662,17.5228],[77.6687,17.5116],[77.6835,17.5082],[77.6922,17.5018],[77.6881,17.4889],[77.6887,17.4753],[77.6524,17.4827],[77.6383,17.4735],[77.6149,17.4722],[77.6143,17.446],[77.6042,17.4439],[77.5843,17.4545],[77.5762,17.4562],[77.5751,17.431],[77.5615,17.4376],[77.5527,17.4371],[77.5373,17.4438],[77.513,17.4309],[77.5142,17.4142],[77.5375,17.4028],[77.5254,17.3885],[77.5322,17.375],[77.5249,17.3647],[77.503,17.3572],[77.4765,17.3608],[77.476,17.3684],[77.4536,17.374],[77.4517,17.3527],[77.4572,17.3442],[77.456,17.331],[77.4477,17.3075],[77.4405,17.3013],[77.438,17.2919],[77.4544,17.2875],[77.4585,17.2813],[77.4509,17.2705],[77.4447,17.2708],[77.4352,17.2597],[77.4261,17.2561],[77.4205,17.2376],[77.405,17.2365],[77.3802,17.2225],[77.3964,17.2075],[77.3946,17.1959],[77.3761,17.197],[77.3721,17.1824],[77.3625,17.1638],[77.3669,17.1544],[77.3783,17.1526],[77.3778,17.1401],[77.3846,17.14],[77.4039,17.1329],[77.4067,17.1245],[77.436,17.115],[77.4458,17.118],[77.4647,17.1078],[77.4629,17.0941],[77.4665,17.0873],[77.482,17.0759],[77.4831,17.0597],[77.4967,17.0427],[77.495,17.0271],[77.5022,17.0094],[77.4866,17.0032],[77.4791,16.9945],[77.4829,16.9857],[77.4814,16.9704],[77.4722,16.9572],[77.466,16.9589],[77.4642,16.9299],[77.4695,16.9192],[77.4541,16.9139],[77.4604,16.8848],[77.4601,16.8747],[77.4641,16.8506],[77.4576,16.8282],[77.4633,16.8222],[77.466,16.8056],[77.4743,16.8023],[77.4745,16.7813],[77.4606,16.7813],[77.4411,16.7862],[77.4381,16.774],[77.4432,16.7625],[77.4333,16.7367],[77.427,16.7285],[77.4392,16.7117],[77.4472,16.7207],[77.4741,16.7166],[77.4695,16.7018],[77.47,16.6877],[77.4639,16.6763],[77.4478,16.6793],[77.4426,16.6699],[77.4189,16.6686],[77.419,16.6585],[77.4277,16.6562],[77.4442,16.6393],[77.4565,16.6468],[77.4624,16.6543],[77.4747,16.6521],[77.4642,16.6286],[77.4553,16.622],[77.4582,16.6107],[77.4678,16.6098],[77.4622,16.5972],[77.4611,16.5849],[77.4397,16.5872],[77.4238,16.5689],[77.4154,16.5675],[77.4036,16.5718],[77.3975,16.5648],[77.4038,16.5512],[77.4191,16.5489],[77.4169,16.5173],[77.4042,16.5214],[77.3815,16.5157],[77.3701,16.5046],[77.369,16.4887],[77.3546,16.4889],[77.3296,16.4859],[77.3207,16.4921],[77.2989,16.4961],[77.2941,16.4767],[77.2642,16.4726],[77.2397,16.476],[77.2444,16.4633],[77.2621,16.4519],[77.269,16.4305],[77.2882,16.4087],[77.3171,16.3974],[77.3366,16.3939],[77.3497,16.3837],[77.3787,16.3854],[77.401,16.3717],[77.4227,16.3664],[77.4391,16.3801],[77.4897,16.385],[77.5144,16.375],[77.5227,16.3762],[77.5311,16.3643],[77.5461,16.3569],[77.5538,16.3496],[77.5734,16.3408],[77.594,16.3439],[77.5882,16.3328],[77.5956,16.3168],[77.5922,16.3044],[77.5977,16.2928],[77.582,16.2914],[77.5688,16.3033],[77.5451,16.2917],[77.5384,16.2709],[77.5219,16.278],[77.5048,16.2758],[77.5013,16.2616],[77.4901,16.2553],[77.493,16.2441],[77.4924,16.2293],[77.5145,16.2305],[77.515,16.222],[77.5028,16.2237],[77.4998,16.2178],[77.4993,16.1978],[77.4921,16.1865],[77.4862,16.163],[77.4906,16.1603],[77.4916,16.135],[77.4898,16.1196],[77.4989,16.1208],[77.5088,16.1092],[77.501,16.1062],[77.4938,16.0872],[77.5069,16.079],[77.5026,16.0588],[77.494,16.037],[77.5044,16.0182],[77.5044,16.0114],[77.5141,16.0081],[77.5097,15.9803],[77.5198,15.9669],[77.5135,15.9268],[77.5339,15.9238],[77.549,15.9191],[77.5818,15.9183],[77.5985,15.9124],[77.6128,15.9175],[77.6251,15.9091],[77.6376,15.8954],[77.6575,15.8859],[77.6945,15.8837],[77.7128,15.8945],[77.7314,15.8937],[77.7477,15.8853],[77.7695,15.8854],[77.7824,15.8762],[77.8036,15.8742],[77.8273,15.8802],[77.8374,15.8848],[77.8513,15.882],[77.8606,15.8847],[77.8783,15.9052],[77.8904,15.9058],[77.9134,15.8934],[77.9388,15.8831],[77.9491,15.8848],[77.9754,15.8834],[77.997,15.8663],[78.0088,15.8648],[78.0151,15.876],[78.0255,15.9024],[78.0319,15.9074],[78.045,15.9042],[78.0469,15.8749],[78.0562,15.8747],[78.0559,15.8663],[78.0716,15.8618],[78.0714,15.8504],[78.0836,15.8409],[78.1016,15.8374],[78.1343,15.8366],[78.1356,15.8547],[78.1658,15.8544],[78.1754,15.8581],[78.1766,15.876],[78.1868,15.8852],[78.1896,15.8928],[78.1795,15.902],[78.1871,15.9117],[78.2029,15.9174],[78.2267,15.9222],[78.2503,15.9339],[78.2537,15.9426],[78.2526,15.9816],[78.2599,15.9988],[78.2555,16.0129],[78.2625,16.0267],[78.2813,16.0228],[78.2962,16.0128],[78.3069,16.0107],[78.322,16.0171],[78.3224,16.03],[78.3266,16.0368],[78.3478,16.0475],[78.3655,16.0468],[78.3851,16.065],[78.3967,16.0658],[78.4079,16.0748],[78.4358,16.0716],[78.4411,16.0745],[78.4791,16.0674],[78.4987,16.06],[78.5215,16.0542],[78.5421,16.0442],[78.5518,16.0428],[78.5703,16.0524],[78.5924,16.0691],[78.5963,16.078],[78.61,16.0872],[78.6273,16.0877],[78.6503,16.0788],[78.6505,16.072],[78.6682,16.0545],[78.6812,16.0348],[78.6994,16.0272],[78.7236,16.0201],[78.7355,16.0082],[78.751,16.0158],[78.7662,16.0165],[78.7855,16.0212],[78.7964,16.0289],[78.8004,16.0369],[78.8162,16.0456],[78.8371,16.0704],[78.8417,16.0826],[78.8415,16.1018],[78.8335,16.1347],[78.8347,16.1452],[78.8547,16.1488],[78.8693,16.1457],[78.8765,16.1356],[78.8794,16.1176],[78.8862,16.1012],[78.8895,16.0847],[78.918,16.1001],[78.9222,16.1059],[78.923,16.1393],[78.9165,16.1462],[78.9047,16.1746],[78.9111,16.1885],[78.9376,16.2012],[78.9603,16.2091],[78.9866,16.2112],[79.0091,16.24],[79.0292,16.2418],[79.0563,16.2363],[79.0721,16.2271],[79.082,16.2302],[79.1034,16.2234],[79.1143,16.231],[79.1238,16.2311],[79.1442,16.2152],[79.157,16.2093],[79.1699,16.2099],[79.2063,16.2209],[79.2154,16.2262],[79.2234,16.2467],[79.2257,16.2736],[79.2305,16.2831],[79.2312,16.3151],[79.2338,16.3358],[79.2144,16.3494],[79.2106,16.3562],[79.2124,16.3737],[79.2081,16.3802],[79.2116,16.4474],[79.2183,16.454],[79.2332,16.4598],[79.2171,16.4776],[79.2145,16.4847],[79.2192,16.5104],[79.2273,16.5238],[79.2448,16.5318],[79.2522,16.5593],[79.2617,16.567],[79.2774,16.5615],[79.2955,16.563],[79.3083,16.5742],[79.3265,16.5765],[79.3372,16.5821],[79.3561,16.5794],[79.3779,16.5828],[79.3968,16.5798],[79.4187,16.5803],[79.4331,16.5908],[79.4403,16.6149],[79.4596,16.6237],[79.4789,16.6224],[79.494,16.6331],[79.5104,16.6358],[79.5234,16.6315],[79.5421,16.6323],[79.5756,16.6498],[79.5922,16.6699],[79.604,16.6724],[79.6215,16.6632],[79.635,16.6611],[79.6483,16.6701],[79.6622,16.6867],[79.6855,16.6946],[79.7157,16.6892],[79.7293,16.6955],[79.7446,16.7191],[79.7728,16.7306],[79.7841,16.7306],[79.7939,16.7232],[79.7981,16.7119],[79.8124,16.6946],[79.8282,16.6938],[79.8445,16.7032],[79.8589,16.7047],[79.8775,16.6973],[79.8855,16.6874],[79.8918,16.6547],[79.9078,16.6353],[79.9324,16.6314],[79.9498,16.6359],[79.9648,16.645],[79.9794,16.6654],[79.9958,16.7001],[80.0082,16.709],[80.0244,16.711],[80.0306,16.7148],[80.0388,16.7302],[80.055,16.7447],[80.0535,16.7633],[80.0665,16.7865],[80.0727,16.8165],[80.0479,16.8337],[80.0469,16.8534],[80.029,16.8521],[80.0171,16.8543],[80.0038,16.862],[80.0043,16.8801],[80.0124,16.8927],[80.0174,16.915],[80.0396,16.9171],[80.052,16.9417],[80.0483,16.9475],[80.0555,16.9715],[80.0916,16.9684],[80.0952,16.9907],[80.1088,16.9874],[80.1305,16.9924],[80.1402,16.9906],[80.1533,17.0069],[80.1678,17.0057],[80.1702,17.0169],[80.1873,17.02],[80.1965,17.0441],[80.2041,17.0383],[80.1996,17.0266],[80.2021,17.0171],[80.2153,17.0089],[80.2288,17.0144],[80.2404,17.0022],[80.2561,17.0011],[80.2649,16.9973],[80.2705,17.004],[80.2837,17.0072],[80.2945,16.995],[80.2903,16.9811],[80.3066,16.9738],[80.305,16.9537],[80.3162,16.9482],[80.3132,16.9411],[80.3116,16.9167],[80.3238,16.9065],[80.3217,16.8797],[80.344,16.8744],[80.3409,16.8598],[80.3741,16.8524],[80.3738,16.8304],[80.3789,16.8188],[80.3997,16.8336],[80.4078,16.849],[80.3809,16.8508],[80.3788,16.8616],[80.3853,16.8633],[80.4152,16.8518],[80.4273,16.8499],[80.4286,16.8382],[80.4661,16.8164],[80.4645,16.7955],[80.4868,16.7909],[80.5044,16.7787],[80.5266,16.7746],[80.5516,16.7751],[80.5702,16.7681],[80.5769,16.7772],[80.5868,16.7823],[80.6053,16.798],[80.594,16.8032],[80.5774,16.8234],[80.5655,16.8269],[80.5629,16.8329],[80.5702,16.8492],[80.5683,16.8694],[80.5768,16.8784],[80.5956,16.8843],[80.5946,16.8994],[80.5877,16.9023],[80.6019,16.9186],[80.5841,16.9289],[80.58,16.9369],[80.5345,16.9614],[80.5261,16.9479],[80.5022,16.9574],[80.4985,16.9557],[80.4935,16.9275],[80.482,16.9322],[80.4674,16.9455],[80.4497,16.9548],[80.4194,16.9626],[80.4077,16.964],[80.3714,16.9759],[80.3666,16.9815],[80.3758,16.9887],[80.3879,17.0093],[80.407,17.0158],[80.4074,17.0257],[80.3958,17.0358],[80.3959,17.0464],[80.3873,17.0713],[80.4038,17.082],[80.4094,17.0918],[80.419,17.0923],[80.4172,17.0735],[80.432,17.055],[80.4386,17.0376],[80.4649,17.0301],[80.4714,17.0504],[80.4909,17.051],[80.4977,17.0627],[80.5054,17.0685],[80.5099,17.0877],[80.5039,17.0919],[80.5127,17.1089],[80.5141,17.1221],[80.5276,17.119],[80.5419,17.1244],[80.5495,17.1313],[80.564,17.1338],[80.58,17.1531],[80.6013,17.1418],[80.6066,17.135],[80.6369,17.1284],[80.6453,17.1236],[80.642,17.116],[80.6706,17.1012],[80.6681,17.095],[80.6571,17.0896],[80.6499,17.0714],[80.6664,17.0675],[80.695,17.0742],[80.6995,17.0838],[80.7368,17.0777],[80.765,17.0667],[80.7999,17.0608],[80.8104,17.0554],[80.8288,17.0528],[80.8395,17.0476],[80.8453,17.04],[80.8569,17.0478],[80.8715,17.0699],[80.8683,17.0837],[80.8752,17.0955],[80.8763,17.1049],[80.8683,17.1203],[80.8783,17.1352],[80.8794,17.1609],[80.8929,17.1593],[80.9047,17.1544],[80.9166,17.1537],[80.924,17.1579],[80.9265,17.1832],[80.9189,17.1902],[80.921,17.1987],[80.9168,17.2106],[80.9189,17.2198],[80.939,17.2199],[80.9608,17.204],[80.9763,17.2003],[80.9984,17.1905],[81.0135,17.1945],[81.0313,17.1904],[81.0377,17.1934],[81.0487,17.2069],[81.0556,17.2196],[81.0627,17.2224],[81.0796,17.2156],[81.1094,17.2235],[81.1276,17.2244],[81.1459,17.2288],[81.1712,17.231],[81.1861,17.2485],[81.1876,17.2549],[81.1778,17.2706],[81.1767,17.2877],[81.1805,17.3022],[81.1904,17.3249],[81.2112,17.3259],[81.2336,17.3204],[81.2457,17.3258],[81.274,17.3172],[81.2885,17.3281],[81.3054,17.3463],[81.3165,17.3691],[81.3226,17.3746],[81.3186,17.3985],[81.3134,17.4082],[81.2974,17.4134],[81.2685,17.4183],[81.2455,17.4331],[81.2118,17.4418],[81.2027,17.434],[81.183,17.4403],[81.1723,17.4491],[81.1755,17.4637],[81.1483,17.4637],[81.1596,17.4844],[81.1421,17.4886],[81.1449,17.4951],[81.1385,17.5163],[81.1245,17.5271],[81.0993,17.5045],[81.0913,17.5057],[81.0801,17.5151],[81.0472,17.5196],[81.0199,17.5201],[81.0148,17.5222],[81.0137,17.5367],[81.0028,17.5507],[80.9984,17.5647],[80.9888,17.5725],[80.9694,17.5981],[80.9434,17.602],[80.9184,17.6],[80.8931,17.6007],[80.8833,17.5964],[80.8554,17.6019],[80.8498,17.6228],[80.8657,17.6355],[80.885,17.6334],[80.9,17.6402],[80.9111,17.6381],[80.9124,17.6579],[80.8978,17.6698],[80.905,17.6774],[80.8858,17.6813],[80.8947,17.703],[80.8855,17.7357],[80.906,17.7471],[80.9171,17.748],[80.9201,17.7566],[80.9286,17.7616],[80.9463,17.7602],[80.9556,17.773],[80.9659,17.7798],[80.9761,17.7781],[80.9842,17.7557],[80.9913,17.75],[81.0159,17.7451],[81.0406,17.7477],[81.0505,17.7341],[81.0582,17.7331],[81.0698,17.7408],[81.0956,17.7623],[81.096,17.7745],[81.0856,17.7981],[81.0733,17.7865],[81.0466,17.7824],[81.0177,17.7914],[81.0082,17.7983],[81.0035,17.8196],[81.0032,17.8307],[80.9964,17.8491],[80.9942,17.8807],[80.9993,17.9027],[80.9984,17.9168],[80.9885,17.9416],[80.9858,17.9548],[80.9796,18.0067],[80.9733,18.027],[80.9643,18.0415],[80.9698,18.0472],[80.9637,18.064],[80.9534,18.082],[80.9518,18.0935],[80.9562,18.1336],[80.9787,18.1542],[80.979,18.1788],[80.9577,18.1769],[80.9516,18.167],[80.921,18.1477],[80.9001,18.1405],[80.8818,18.1389],[80.8667,18.1403],[80.8602,18.1512],[80.8573,18.1744],[80.8585,18.1898],[80.853,18.2027],[80.8719,18.2087],[80.8726,18.214],[80.8659,18.2335],[80.8434,18.2358],[80.8371,18.2422],[80.8236,18.2395],[80.8227,18.2291],[80.8241,18.1944],[80.7991,18.1715],[80.7754,18.1701],[80.7484,18.173],[80.7368,18.1772],[80.7372,18.2221],[80.7484,18.2309],[80.7768,18.2462],[80.7917,18.2509],[80.7941,18.2602],[80.78,18.2667],[80.7688,18.288],[80.7626,18.2882],[80.7586,18.2999],[80.7494,18.3076],[80.7477,18.3297],[80.7315,18.3548],[80.727,18.3685],[80.7292,18.3792],[80.7196,18.3911],[80.7329,18.403],[80.7348,18.4129],[80.7229,18.4152],[80.7183,18.4097],[80.6964,18.424],[80.7021,18.4443],[80.688,18.4474],[80.6861,18.4582],[80.6564,18.4748],[80.6514,18.4858],[80.6383,18.5024],[80.6409,18.5113],[80.6376,18.5226],[80.6184,18.5276],[80.6057,18.5483],[80.5909,18.558],[80.5709,18.5652],[80.5564,18.5798],[80.5353,18.5906],[80.5278,18.6031],[80.5191,18.609],[80.5147,18.6194],[80.5016,18.6216],[80.4892,18.6308],[80.4634,18.6249],[80.4566,18.6298],[80.4406,18.6241],[80.4264,18.6139],[80.4076,18.6107],[80.3944,18.6058],[80.3869,18.5976],[80.3768,18.6098],[80.3661,18.6091],[80.3541,18.5956],[80.3431,18.5981],[80.3327,18.6143],[80.3257,18.6366],[80.3174,18.6427],[80.3045,18.6834],[80.2793,18.7212],[80.2729,18.723],[80.2648,18.7215],[80.2485,18.7064],[80.2304,18.7018],[80.2185,18.7079],[80.211,18.7047],[80.1994,18.6909],[80.1966,18.6808],[80.1787,18.6833],[80.1705,18.6974],[80.1558,18.7006],[80.1485,18.6931],[80.14,18.693],[80.1251,18.6819],[80.1123,18.6829],[80.0878,18.7078],[80.074,18.711],[80.0693,18.7196],[80.0553,18.7236],[80.0414,18.743],[80.0361,18.7547],[80.0268,18.7543],[80.0188,18.7702],[80.001,18.7761],[79.9958,18.7708],[79.9732,18.7718],[79.9592,18.7773],[79.9507,18.788],[79.9214,18.8097],[79.914,18.8261],[79.9283,18.8409],[79.9425,18.8466],[79.9585,18.8594],[79.9616,18.8667],[79.9587,18.8886],[79.9537,18.9027],[79.9578,18.9363],[79.9416,18.9921],[79.9423,19.0125],[79.9383,19.0406],[79.9328,19.0474],[79.9206,19.0497],[79.9017,19.0409],[79.8744,19.0392],[79.8698,19.0423],[79.8636,19.0665],[79.863,19.0802],[79.8584,19.0959],[79.8593,19.1081],[79.8742,19.1243],[79.9175,19.1468],[79.9446,19.1671],[79.9424,19.1843],[79.9297,19.2024],[79.9242,19.2155],[79.9248,19.2278],[79.9364,19.2641],[79.954,19.2931],[79.9616,19.2969],[79.9659,19.3111],[79.9591,19.336],[79.9676,19.3603],[79.9772,19.3942],[79.9747,19.411],[79.9679,19.4232],[79.9525,19.441],[79.9476,19.4497],[79.9482,19.4606],[79.9439,19.4707],[79.9336,19.4756],[79.9172,19.4938],[79.9055,19.5],[79.8809,19.5036],[79.8638,19.5112],[79.8482,19.5266],[79.8441,19.5337],[79.8322,19.5391],[79.8249,19.5506],[79.8163,19.574],[79.7986,19.582],[79.7786,19.5997],[79.7535,19.6076],[79.7353,19.605],[79.7144,19.5869],[79.689,19.5839],[79.6753,19.5797],[79.6583,19.5797],[79.6322,19.5751],[79.6148,19.5608],[79.6005,19.5095],[79.5841,19.5091],[79.5508,19.5267],[79.5455,19.5504],[79.5399,19.5547],[79.5186,19.5431],[79.5208,19.5349],[79.5156,19.5198],[79.5138,19.5187],[79.5008,19.5074],[79.4826,19.5063],[79.4714,19.5002],[79.469,19.5096],[79.4422,19.528],[79.4333,19.5373],[79.4226,19.5381],[79.42,19.5299],[79.4055,19.5356],[79.386,19.558],[79.3728,19.561],[79.3657,19.5763],[79.3348,19.5748],[79.3184,19.5767],[79.3099,19.5715],[79.3069,19.5966],[79.2833,19.5956],[79.273,19.5989],[79.2511,19.6159],[79.2436,19.6167],[79.2387,19.6062],[79.2444,19.5949],[79.2531,19.5933],[79.251,19.5775],[79.2371,19.5572],[79.24,19.5353],[79.2337,19.52],[79.2212,19.521],[79.2075,19.5061],[79.2045,19.4905],[79.2108,19.4818],[79.2232,19.4724],[79.2224,19.4676],[79.1897,19.4591],[79.1801,19.4619],[79.1675,19.4728],[79.1618,19.4878],[79.1357,19.5062],[79.1233,19.5106],[79.1126,19.5208],[79.1054,19.5224],[79.096,19.5327],[79.0769,19.5324],[79.046,19.5483],[79.024,19.5418],[78.998,19.5401],[78.9976,19.5492],[78.9813,19.5608],[78.9724,19.5503],[78.9521,19.5489],[78.9405,19.5519],[78.9467,19.5617],[78.9663,19.5742],[78.9728,19.5824],[78.972,19.5896],[78.9558,19.5997],[78.9554,19.6191],[78.9619,19.6375],[78.9555,19.6559],[78.9448,19.6616],[78.9197,19.662],[78.9206,19.6663],[78.9023,19.67],[78.8877,19.6554],[78.8681,19.659],[78.8519,19.6586],[78.8599,19.6895],[78.8494,19.722],[78.8522,19.7275],[78.841,19.7619],[78.8259,19.7551],[78.8185,19.7616],[78.8069,19.7569],[78.7969,19.76],[78.7956,19.7673],[78.7863,19.7765],[78.7711,19.7794],[78.759,19.7727],[78.7379,19.7832],[78.7305,19.7806],[78.7252,19.7692],[78.7187,19.7668],[78.7061,19.7723],[78.699,19.7886],[78.6752,19.7949],[78.6664,19.7998],[78.6551,19.8002],[78.6428,19.8078],[78.6255,19.8082],[78.6131,19.8146],[78.6112,19.8163]]]},"properties":{"ST_NM":"Telangana"}},
{"type":"Feature","geometry":{"type":"Polygon","coordinates":[[[88.1054,26.5511],[88.0981,26.5475],[88.1067,26.5367],[88.0985,26.5131],[88.1076,26.5075],[88.1106,26.4976],[88.1049,26.4871],[88.1073,26.4786],[88.1016,26.4712],[88.0916,26.4709],[88.0992,26.4561],[88.0904,26.4411],[88.0812,26.437],[88.0788,26.4288],[88.0688,26.4221],[88.0685,26.415],[88.033,26.3903],[88.0296,26.368],[88.0192,26.3638],[87.9974,26.365],[87.9916,26.3706],[87.9918,26.3927],[87.9658,26.3975],[87.9321,26.4183],[87.9261,26.4271],[87.9173,26.4304],[87.9241,26.4468],[87.8997,26.449],[87.9097,26.4584],[87.8991,26.4786],[87.8863,26.4774],[87.8636,26.4685],[87.8586,26.4482],[87.8506,26.4459],[87.8483,26.4369],[87.8284,26.4401],[87.8293,26.4499],[87.8186,26.4578],[87.7927,26.469],[87.7773,26.4484],[87.7787,26.4356],[87.7748,26.4255],[87.7638,26.4101],[87.7542,26.4085],[87.7493,26.4179],[87.7391,26.4175],[87.7338,26.4076],[87.7227,26.4125],[87.7128,26.4274],[87.6983,26.4283],[87.6922,26.4356],[87.6771,26.4356],[87.6775,26.4157],[87.6495,26.4059],[87.6513,26.3934],[87.6269,26.3939],[87.6121,26.3902],[87.6053,26.3809],[87.5883,26.3817],[87.5843,26.3934],[87.5732,26.396],[87.5526,26.4055],[87.5471,26.4182],[87.5346,26.4211],[87.5159,26.4308],[87.4975,26.4355],[87.4637,26.4402],[87.4426,26.4325],[87.4271,26.4221],[87.388,26.4192],[87.3757,26.4071],[87.368,26.4081],[87.3556,26.3887],[87.3526,26.372],[87.3573,26.3613],[87.3402,26.3477],[87.3221,26.36],[87.3116,26.3718],[87.3007,26.3662],[87.2893,26.3734],[87.2655,26.3736],[87.2652,26.406],[87.2588,26.4099],[87.2353,26.4152],[87.2211,26.4062],[87.2113,26.4138],[87.1843,26.4144],[87.1882,26.406],[87.1622,26.4045],[87.1469,26.4108],[87.1303,26.4208],[87.0911,26.4508],[87.0813,26.5114],[87.0755,26.5362],[87.0718,26.5407],[87.0722,26.5778],[87.0707,26.5865],[87.0425,26.5875],[87.0409,26.5684],[87.0375,26.5612],[87.0165,26.5318],[86.9904,26.5227],[86.9764,26.5197],[86.962,26.5234],[86.9334,26.5154],[86.9294,26.4898],[86.8949,26.4883],[86.8896,26.482],[86.8935,26.4615],[86.8713,26.4543],[86.8612,26.4576],[86.8564,26.4494],[86.8459,26.4489],[86.8421,26.4405],[86.8335,26.4393],[86.8039,26.4463],[86.7677,26.4589],[86.7635,26.4517],[86.7528,26.4462],[86.7468,26.4295],[86.7304,26.4225],[86.72,26.4349],[86.7034,26.4364],[86.696,26.4486],[86.6769,26.4542],[86.6318,26.4647],[86.6247,26.4702],[86.6255,26.4806],[86.5925,26.4923],[86.5703,26.4966],[86.563,26.5019],[86.5517,26.5249],[86.542,26.5383],[86.5216,26.5436],[86.5151,26.5394],[86.4989,26.5422],[86.4559,26.5678],[86.4297,26.5733],[86.3952,26.5855],[86.3957,26.5939],[86.3561,26.6045],[86.3406,26.6063],[86.3431,26.6173],[86.3307,26.6198],[86.3075,26.6203],[86.2935,26.6134],[86.2762,26.6181],[86.2481,26.6122],[86.2319,26.5928],[86.2182,26.5886],[86.2121,26.5933],[86.1954,26.5955],[86.1951,26.6084],[86.1889,26.6152],[86.171,26.6168],[86.1555,26.61],[86.1361,26.6065],[86.1404,26.619],[86.1373,26.6295],[86.1183,26.6304],[86.101,26.6366],[86.0732,26.6498],[86.0694,26.6575],[86.0282,26.6662],[85.9997,26.6554],[85.9756,26.6576],[85.9536,26.6465],[85.9517,26.6244],[85.9458,26.6191],[85.9301,26.6161],[85.9261,26.6101],[85.9138,26.6085],[85.8913,26.5934],[85.8881,26.5842],[85.8798,26.5841],[85.8595,26.5701],[85.8494,26.5689],[85.8485,26.5773],[85.8577,26.5897],[85.8507,26.6085],[85.8308,26.6115],[85.8303,26.6015],[85.817,26.6028],[85.8031,26.615],[85.8016,26.6243],[85.7697,26.6296],[85.7486,26.6389],[85.7323,26.6536],[85.7367,26.6642],[85.7257,26.6704],[85.7232,26.686],[85.7299,26.7275],[85.7341,26.7374],[85.7287,26.7495],[85.7354,26.7781],[85.7347,26.7959],[85.7216,26.8203],[85.7045,26.8322],[85.6794,26.8437],[85.6427,26.8534],[85.6352,26.8724],[85.6241,26.8737],[85.6071,26.8577],[85.5857,26.8469],[85.586,26.8547],[85.5752,26.8606],[85.566,26.8409],[85.5582,26.8442],[85.5534,26.8345],[85.5436,26.8381],[85.522,26.8165],[85.508,26.8166],[85.4976,26.8129],[85.4953,26.7972],[85.4797,26.8025],[85.4778,26.7933],[85.451,26.782],[85.4325,26.7904],[85.4272,26.7863],[85.4077,26.7917],[85.4013,26.7817],[85.3849,26.7749],[85.3707,26.7588],[85.3547,26.7603],[85.3343,26.7417],[85.3078,26.7521],[85.2569,26.7562],[85.2325,26.7622],[85.2119,26.7579],[85.1971,26.7709],[85.1944,26.7858],[85.1767,26.8097],[85.1769,26.8152],[85.1914,26.8315],[85.1926,26.8671],[85.1897,26.8703],[85.1646,26.8686],[85.1398,26.871],[85.099,26.8712],[85.0894,26.8679],[85.0892,26.8606],[85.0576,26.8494],[85.0231,26.8552],[85.0291,26.8591],[85.03,26.8748],[85.0562,26.8814],[85.0524,26.8895],[85.0222,26.8918],[85.0007,26.898],[85.0003,26.9115],[84.9702,26.918],[84.9703,26.9299],[84.9768,26.942],[84.9607,26.9611],[84.9534,26.9599],[84.9294,26.9688],[84.9108,26.968],[84.8913,26.9728],[84.884,26.9788],[84.8577,26.9887],[84.8555,27.0083],[84.8219,27.0212],[84.8141,27.0181],[84.8068,27.007],[84.7947,26.9978],[84.7865,26.9987],[84.7818,27.0144],[84.7739,27.0176],[84.7648,27.0133],[84.7571,27.0028],[84.7286,27.0156],[84.7137,27.0179],[84.7017,27.027],[84.6866,27.0303],[84.6448,27.0457],[84.6432,27.0602],[84.6461,27.0758],[84.6551,27.0793],[84.6748,27.1034],[84.6697,27.1095],[84.6752,27.1167],[84.6771,27.1334],[84.6836,27.144],[84.6792,27.1726],[84.6819,27.2014],[84.6899,27.2216],[84.6658,27.2668],[84.6437,27.3058],[84.6202,27.3393],[84.6065,27.3358],[84.566,27.3473],[84.548,27.3486],[84.495,27.3568],[84.4853,27.36],[84.4702,27.3548],[84.4581,27.3632],[84.4396,27.3688],[84.4222,27.3715],[84.3911,27.3695],[84.3808,27.375],[84.354,27.3716],[84.3247,27.3786],[84.3055,27.3883],[84.2941,27.3824],[84.288,27.3925],[84.2792,27.3962],[84.2811,27.414],[84.2766,27.4261],[84.2611,27.439],[84.2585,27.451],[84.2409,27.4511],[84.2325,27.4557],[84.2136,27.4414],[84.2083,27.4459],[84.2113,27.4651],[84.1968,27.4728],[84.1918,27.4704],[84.1629,27.4841],[84.149,27.4862],[84.146,27.492],[84.1518,27.5168],[84.1402,27.5178],[84.129,27.5119],[84.1171,27.5191],[84.1056,27.5212],[84.0977,27.5167],[84.099,27.5036],[84.0929,27.4904],[84.0645,27.4781],[84.0572,27.4677],[84.0575,27.4558],[84.0465,27.4459],[84.0253,27.4451],[84.0175,27.4385],[83.9979,27.4463],[83.9857,27.4431],[83.9701,27.4466],[83.951,27.441],[83.9342,27.4499],[83.9159,27.4402],[83.8915,27.4401],[83.8698,27.4374],[83.8545,27.4495],[83.8481,27.4488],[83.8324,27.4309],[83.8395,27.4142],[83.852,27.4087],[83.857,27.3939],[83.875,27.384],[83.8837,27.3738],[83.8819,27.3651],[83.8635,27.3441],[83.8586,27.3331],[83.8368,27.3223],[83.8456,27.3152],[83.8531,27.3172],[83.8602,27.3079],[83.8715,27.3073],[83.9043,27.3266],[83.9169,27.3266],[83.9258,27.3215],[83.9345,27.3072],[83.9292,27.2916],[83.9047,27.2724],[83.9053,27.2574],[83.9118,27.246],[83.9233,27.2418],[83.9557,27.2353],[83.9702,27.224],[83.9676,27.2131],[83.987,27.1976],[83.9933,27.1732],[83.9788,27.1649],[83.9754,27.1559],[83.9588,27.1363],[83.9628,27.1282],[83.9474,27.1118],[83.9465,27.0918],[83.9502,27.0862],[83.9647,27.0843],[83.9784,27.0908],[83.9873,27.0902],[84.0032,27.1019],[84.0165,27.1055],[84.0304,27.0977],[84.0288,27.0873],[84.0162,27.0716],[84,27.0696],[84.0056,27.0603],[84.018,27.0561],[84.0314,27.0457],[84.0458,27.0459],[84.0495,27.0345],[84.0433,27.0149],[84.0459,27.005],[84.0564,26.9902],[84.0469,26.9805],[84.0544,26.9729],[84.0535,26.9557],[84.046,26.9525],[84.0443,26.9315],[84.0534,26.9297],[84.0597,26.9175],[84.0524,26.9064],[84.067,26.8886],[84.0798,26.8779],[84.0871,26.8816],[84.1001,26.8769],[84.1068,26.8878],[84.1298,26.893],[84.1313,26.8845],[84.1438,26.8804],[84.1469,26.8719],[84.1402,26.8669],[84.1406,26.8527],[84.1492,26.8426],[84.1661,26.8338],[84.1822,26.834],[84.1832,26.847],[84.1902,26.8585],[84.2107,26.8642],[84.2188,26.8714],[84.2341,26.8684],[84.2541,26.8566],[84.2618,26.8428],[84.2607,26.8293],[84.2503,26.8193],[84.26,26.807],[84.2573,26.7895],[84.2485,26.7709],[84.2326,26.7537],[84.2403,26.7394],[84.2549,26.7267],[84.2663,26.7398],[84.2759,26.742],[84.286,26.7502],[84.3061,26.7496],[84.3145,26.7389],[84.326,26.7142],[84.3303,26.684],[84.3503,26.678],[84.3764,26.6775],[84.4106,26.6702],[84.4099,26.6469],[84.4195,26.6261],[84.3863,26.6217],[84.3795,26.6145],[84.3528,26.6199],[84.3188,26.6115],[84.3074,26.6163],[84.3004,26.6038],[84.2859,26.6058],[84.2847,26.5996],[84.2677,26.6054],[84.2449,26.6092],[84.228,26.6175],[84.2012,26.6248],[84.1693,26.6227],[84.1569,26.626],[84.1593,26.6361],[84.1363,26.6361],[84.1306,26.6335],[84.0882,26.6362],[84.0869,26.6128],[84.09,26.607],[84.0831,26.5923],[84.0661,26.577],[84.0551,26.5584],[84.0564,26.5446],[84.0478,26.5363],[84.0321,26.5342],[84.0069,26.5256],[83.9925,26.5331],[83.9769,26.5316],[83.9722,26.5108],[83.9512,26.5089],[83.9402,26.5253],[83.9313,26.5202],[83.9061,26.5124],[83.9152,26.5029],[83.9096,26.4755],[83.9108,26.4497],[83.9463,26.4386],[83.9915,26.4323],[83.997,26.4455],[84.0186,26.4471],[84.0226,26.4311],[84.0413,26.4123],[84.0552,26.4027],[84.0637,26.4009],[84.0683,26.3884],[84.0843,26.3819],[84.0889,26.3869],[84.1204,26.3853],[84.1377,26.3779],[84.1755,26.3732],[84.1728,26.3335],[84.1861,26.3137],[84.1782,26.3038],[84.1746,26.291],[84.1769,26.265],[84.1617,26.2569],[84.1476,26.2551],[84.1323,26.2591],[84.1201,26.2582],[84.1173,26.2401],[84.0912,26.2338],[84.0803,26.2223],[84.0599,26.2236],[84.0375,26.2323],[84.0269,26.2398],[84.0123,26.232],[84.0154,26.2228],[84.028,26.2148],[84.0262,26.1966],[84.0163,26.196],[84.009,26.1897],[84.01,26.1744],[84.0338,26.1604],[84.0341,26.1506],[84.0276,26.1424],[84.0509,26.1286],[84.0489,26.1106],[84.056,26.1001],[84.0887,26.1003],[84.1039,26.0927],[84.1212,26.0766],[84.1377,26.0521],[84.1725,26.0246],[84.1761,25.9966],[84.1963,25.9879],[84.2066,25.9989],[84.2375,25.986],[84.2449,25.9758],[84.2823,25.9588],[84.2969,25.9452],[84.3119,25.9438],[84.354,25.9588],[84.3874,25.9374],[84.4119,25.9308],[84.425,25.9017],[84.4276,25.8913],[84.4544,25.8878],[84.4602,25.8896],[84.4724,25.8818],[84.4902,25.8865],[84.5109,25.8714],[84.534,25.8763],[84.5307,25.8535],[84.5305,25.8317],[84.5484,25.8285],[84.5508,25.8407],[84.5814,25.8252],[84.6248,25.7919],[84.6236,25.771],[84.6135,25.7759],[84.6074,25.7717],[84.61,25.7552],[84.6243,25.7486],[84.6303,25.7422],[84.6347,25.728],[84.6112,25.7312],[84.6004,25.7384],[84.5603,25.7369],[84.5645,25.7173],[84.5611,25.6839],[84.5354,25.6905],[84.5397,25.7268],[84.5346,25.7243],[84.5291,25.6827],[84.5202,25.675],[84.5076,25.6818],[84.4992,25.6749],[84.4918,25.6761],[84.4934,25.6907],[84.4706,25.687],[84.4621,25.7089],[84.4297,25.7111],[84.4278,25.694],[84.4066,25.6979],[84.401,25.7079],[84.4065,25.7156],[84.4,25.7288],[84.3843,25.7321],[84.3938,25.7436],[84.385,25.7469],[84.377,25.741],[84.3366,25.7436],[84.3285,25.7311],[84.3294,25.7088],[84.324,25.6704],[84.2987,25.6709],[84.2941,25.6602],[84.2739,25.6617],[84.2232,25.6625],[84.2058,25.6698],[84.1989,25.7022],[84.1744,25.7177],[84.1699,25.7229],[84.1544,25.7274],[84.1503,25.7192],[84.1389,25.7159],[84.1352,25.7241],[84.1051,25.7212],[84.0892,25.7134],[84.075,25.6953],[84.0852,25.652],[84.0813,25.6365],[84.0436,25.6261],[84.0174,25.6148],[83.9574,25.5702],[83.9284,25.5566],[83.9142,25.5452],[83.9046,25.5266],[83.8942,25.5199],[83.8762,25.5181],[83.8777,25.503],[83.8694,25.4865],[83.863,25.4834],[83.8568,25.4686],[83.8342,25.4579],[83.8235,25.466],[83.8151,25.4604],[83.8123,25.4488],[83.8434,25.4459],[83.8464,25.4344],[83.8337,25.4311],[83.8257,25.4357],[83.8022,25.425],[83.8144,25.4212],[83.8079,25.4091],[83.7912,25.3976],[83.7712,25.3969],[83.7678,25.3863],[83.7578,25.3895],[83.7569,25.4043],[83.7466,25.4005],[83.7423,25.4099],[83.7341,25.4062],[83.7301,25.3976],[83.7175,25.3975],[83.7101,25.3861],[83.7017,25.3962],[83.6945,25.3859],[83.6843,25.3811],[83.6946,25.3712],[83.6879,25.367],[83.6671,25.3627],[83.6599,25.3638],[83.6492,25.354],[83.6522,25.3468],[83.6427,25.3398],[83.6354,25.3429],[83.6298,25.3301],[83.6081,25.3315],[83.5878,25.3221],[83.5865,25.3161],[83.5617,25.3136],[83.5372,25.3036],[83.5343,25.2974],[83.5166,25.2853],[83.4849,25.2788],[83.4768,25.2718],[83.4762,25.2606],[83.4635,25.2505],[83.4501,25.2611],[83.4272,25.2537],[83.4093,25.2456],[83.4094,25.2301],[83.3836,25.2033],[83.3663,25.1954],[83.3573,25.1997],[83.3536,25.1886],[83.3564,25.1777],[83.3513,25.157],[83.3634,25.1535],[83.3628,25.1418],[83.3661,25.1252],[83.3633,25.1112],[83.3503,25.1136],[83.3473,25.0868],[83.3413,25.0816],[83.3405,25.0687],[83.3434,25.0509],[83.3358,25.0512],[83.3244,25.0374],[83.3202,25.0173],[83.3506,25.0088],[83.3526,24.9966],[83.3434,24.9808],[83.3436,24.9663],[83.3617,24.9537],[83.365,24.938],[83.3628,24.9093],[83.3547,24.9055],[83.366,24.8931],[83.3581,24.8889],[83.3696,24.8801],[83.3577,24.8714],[83.377,24.86],[83.3807,24.8477],[83.3927,24.8407],[83.3952,24.8263],[83.4014,24.8194],[83.394,24.8051],[83.3997,24.7967],[83.3912,24.7891],[83.397,24.7788],[83.4127,24.775],[83.4281,24.7682],[83.4281,24.763],[83.4414,24.7568],[83.4475,24.741],[83.4583,24.7316],[83.4866,24.7368],[83.4898,24.7336],[83.4849,24.704],[83.4985,24.7034],[83.5018,24.6934],[83.5204,24.6775],[83.504,24.6663],[83.5019,24.6486],[83.5099,24.6483],[83.5207,24.641],[83.5299,24.6419],[83.5266,24.6296],[83.5437,24.6283],[83.548,24.6233],[83.5415,24.6126],[83.5301,24.612],[83.5227,24.5986],[83.5302,24.5821],[83.5283,24.5616],[83.5223,24.5477],[83.4982,24.5377],[83.5033,24.5254],[83.552,24.5233],[83.576,24.516],[83.596,24.5126],[83.6294,24.5126],[83.6506,24.5148],[83.6878,24.5138],[83.7145,24.504],[83.7275,24.5042],[83.7452,24.5098],[83.7546,24.5094],[83.7891,24.5229],[83.8015,24.5299],[83.8169,24.5292],[83.8625,24.537],[83.8727,24.5322],[83.899,24.5406],[83.933,24.5473],[83.9511,24.5642],[83.9748,24.5914],[83.998,24.6383],[84.0084,24.6428],[84.0211,24.6385],[84.034,24.6298],[84.0424,24.6189],[84.0472,24.6049],[84.0619,24.5868],[84.0601,24.5712],[84.0731,24.5674],[84.0728,24.555],[84.0785,24.5406],[84.0893,24.5365],[84.0851,24.5136],[84.0887,24.5005],[84.1039,24.4809],[84.1111,24.4768],[84.1248,24.4809],[84.1251,24.4909],[84.1407,24.5005],[84.1346,24.5242],[84.1456,24.5375],[84.1634,24.5329],[84.1526,24.5158],[84.1564,24.5109],[84.1786,24.5052],[84.1854,24.5185],[84.1778,24.5263],[84.1728,24.5451],[84.1841,24.5451],[84.1883,24.5533],[84.199,24.5529],[84.2016,24.5437],[84.217,24.5327],[84.2203,24.547],[84.2361,24.5495],[84.2496,24.5357],[84.259,24.5342],[84.2771,24.5438],[84.2705,24.5601],[84.2981,24.5593],[84.3,24.5454],[84.3107,24.5355],[84.3122,24.523],[84.3221,24.5166],[84.3275,24.5003],[84.3274,24.4873],[84.317,24.4868],[84.3028,24.48],[84.2913,24.4662],[84.2972,24.4497],[84.3216,24.4461],[84.3364,24.4274],[84.3291,24.4188],[84.3331,24.4044],[84.3416,24.3936],[84.3627,24.3886],[84.3735,24.3835],[84.3879,24.3887],[84.3893,24.3801],[84.4034,24.3632],[84.4261,24.3572],[84.4244,24.3298],[84.4516,24.333],[84.4605,24.3371],[84.4659,24.3316],[84.4649,24.321],[84.4722,24.3149],[84.487,24.3136],[84.5004,24.3296],[84.5032,24.3205],[84.4888,24.3147],[84.4848,24.3023],[84.4896,24.2916],[84.5009,24.2876],[84.5099,24.3048],[84.5093,24.3148],[84.5163,24.3173],[84.5224,24.3319],[84.5313,24.3379],[84.5247,24.3506],[84.5347,24.3647],[84.5268,24.3745],[84.5323,24.3781],[84.5589,24.376],[84.5743,24.3854],[84.565,24.3926],[84.5675,24.4092],[84.583,24.4129],[84.5945,24.4047],[84.6146,24.3987],[84.6307,24.405],[84.6413,24.399],[84.6475,24.4017],[84.6653,24.3916],[84.6856,24.4556],[84.703,24.4632],[84.7103,24.4709],[84.7272,24.4692],[84.7463,24.4871],[84.7556,24.5001],[84.7894,24.5074],[84.79,24.519],[84.8022,24.5306],[84.8115,24.5216],[84.8257,24.5253],[84.8388,24.5127],[84.838,24.4975],[84.8329,24.4699],[84.8369,24.4589],[84.8488,24.4544],[84.8536,24.4665],[84.8709,24.4582],[84.8727,24.4663],[84.8874,24.4632],[84.8846,24.441],[84.8875,24.4334],[84.882,24.4246],[84.8914,24.4145],[84.8925,24.4052],[84.9042,24.3954],[84.9082,24.3815],[84.9166,24.3733],[84.9374,24.3798],[84.9552,24.3715],[84.9747,24.3747],[84.984,24.3875],[84.9978,24.3951],[85.0174,24.4097],[85.0315,24.4158],[85.0454,24.4092],[85.0618,24.4074],[85.0673,24.4228],[85.0806,24.4282],[85.0788,24.4152],[85.0817,24.3985],[85.0738,24.3774],[85.089,24.3724],[85.0988,24.3735],[85.1027,24.3845],[85.1161,24.3908],[85.1232,24.402],[85.1611,24.4123],[85.1739,24.4206],[85.1642,24.4437],[85.154,24.4466],[85.1526,24.4552],[85.1615,24.4607],[85.1722,24.4588],[85.1808,24.4622],[85.2011,24.4606],[85.2099,24.4666],[85.2247,24.4642],[85.2496,24.4908],[85.2825,24.4915],[85.2852,24.4952],[85.2811,24.5149],[85.2921,24.5237],[85.3216,24.5198],[85.3363,24.5232],[85.3732,24.5248],[85.3924,24.5312],[85.3975,24.5448],[85.4151,24.5396],[85.432,24.5315],[85.4485,24.5366],[85.4606,24.5365],[85.471,24.5444],[85.491,24.5481],[85.5086,24.5383],[85.5085,24.5249],[85.5182,24.5262],[85.5238,24.521],[85.5417,24.5319],[85.5457,24.5488],[85.5449,24.5631],[85.5564,24.5581],[85.5721,24.5623],[85.5712,24.5755],[85.5662,24.5792],[85.568,24.5914],[85.5806,24.6008],[85.6018,24.5957],[85.6152,24.5808],[85.653,24.5759],[85.6691,24.5798],[85.6776,24.5912],[85.674,24.5975],[85.6755,24.618],[85.6628,24.6509],[85.6667,24.6611],[85.6545,24.6739],[85.649,24.6846],[85.6814,24.6916],[85.6889,24.6982],[85.7086,24.7268],[85.7053,24.7364],[85.7089,24.7453],[85.704,24.7521],[85.7045,24.7663],[85.7122,24.7811],[85.7217,24.7853],[85.7284,24.7977],[85.7306,24.8126],[85.7416,24.8198],[85.7686,24.8076],[85.7781,24.7965],[85.8095,24.7942],[85.8201,24.808],[85.8412,24.8092],[85.8673,24.8047],[85.8897,24.7927],[85.8866,24.7839],[85.8977,24.7746],[85.9076,24.7586],[85.9204,24.7441],[85.9383,24.7347],[85.9601,24.7313],[85.9702,24.733],[85.9804,24.7487],[85.9965,24.7532],[86.0034,24.7609],[86.0247,24.7667],[86.0374,24.7765],[86.0553,24.7797],[86.0587,24.7713],[86.0538,24.7559],[86.0651,24.7515],[86.0942,24.7449],[86.1071,24.735],[86.108,24.7263],[86.1285,24.6987],[86.1313,24.6756],[86.1244,24.6546],[86.1154,24.6437],[86.1214,24.6354],[86.1184,24.6243],[86.1246,24.6113],[86.1501,24.6017],[86.1506,24.5925],[86.1583,24.5867],[86.1751,24.5828],[86.1888,24.5835],[86.2136,24.5943],[86.215,24.6139],[86.2243,24.6102],[86.2424,24.5967],[86.243,24.5877],[86.2547,24.5871],[86.2592,24.5782],[86.2755,24.5866],[86.2924,24.5879],[86.3025,24.5833],[86.3085,24.5885],[86.3188,24.586],[86.3177,24.5775],[86.306,24.5713],[86.3006,24.5609],[86.3078,24.5476],[86.2972,24.5333],[86.3052,24.5279],[86.3092,24.5112],[86.3028,24.5057],[86.2894,24.4788],[86.2829,24.4798],[86.2761,24.4659],[86.2988,24.4608],[86.2943,24.4514],[86.3115,24.4478],[86.3159,24.4422],[86.3341,24.4424],[86.3491,24.4466],[86.3579,24.4294],[86.3651,24.4255],[86.3797,24.4255],[86.3955,24.4153],[86.4104,24.3926],[86.413,24.3803],[86.4272,24.3774],[86.4327,24.3802],[86.4453,24.3679],[86.456,24.372],[86.467,24.3809],[86.472,24.3935],[86.4676,24.4249],[86.4771,24.4246],[86.4837,24.435],[86.4912,24.428],[86.4967,24.4444],[86.4954,24.4561],[86.485,24.47],[86.4934,24.4872],[86.5003,24.4894],[86.5041,24.5118],[86.5153,24.5253],[86.5167,24.5354],[86.5285,24.5445],[86.5343,24.5407],[86.5526,24.5444],[86.5631,24.5554],[86.559,24.5648],[86.5805,24.5667],[86.5893,24.5796],[86.5889,24.589],[86.6032,24.602],[86.6242,24.6],[86.6249,24.5901],[86.6478,24.5792],[86.6529,24.57],[86.6694,24.5662],[86.6921,24.5769],[86.6971,24.5735],[86.7244,24.5833],[86.7333,24.5791],[86.7502,24.5972],[86.7484,24.6042],[86.7534,24.618],[86.787,24.6165],[86.8066,24.599],[86.8098,24.5817],[86.8021,24.5703],[86.8113,24.5689],[86.8219,24.5747],[86.8439,24.5746],[86.8408,24.5628],[86.86,24.5561],[86.8678,24.567],[86.877,24.571],[86.8974,24.5608],[86.9048,24.5505],[86.9156,24.5461],[86.918,24.5579],[86.9085,24.585],[86.9087,24.5957],[86.92,24.6024],[86.9281,24.6152],[86.9298,24.6268],[86.9455,24.6358],[86.9387,24.6518],[86.9573,24.6495],[86.9538,24.6319],[86.9784,24.6401],[86.9954,24.6204],[87.0069,24.623],[87.0107,24.6312],[87.0239,24.6254],[87.023,24.6157],[87.0511,24.6086],[87.0463,24.63],[87.0524,24.6411],[87.0508,24.6519],[87.0543,24.6697],[87.0597,24.6764],[87.0619,24.6888],[87.0703,24.6971],[87.068,24.7034],[87.0805,24.7261],[87.078,24.7369],[87.0704,24.7434],[87.084,24.7574],[87.0787,24.7776],[87.0934,24.7928],[87.095,24.8017],[87.0772,24.8077],[87.0769,24.8238],[87.0895,24.8223],[87.1094,24.8517],[87.1181,24.8516],[87.1304,24.8601],[87.1391,24.8599],[87.1571,24.883],[87.1545,24.9028],[87.1463,24.9104],[87.145,24.9192],[87.1544,24.9324],[87.1462,24.9417],[87.15,24.948],[87.1499,24.9634],[87.1542,24.9754],[87.1531,24.9906],[87.1461,25.009],[87.1503,25.0261],[87.1581,25.028],[87.1713,25.0472],[87.1811,25.0658],[87.192,25.066],[87.2004,25.0782],[87.2112,25.0807],[87.2127,25.0912],[87.2268,25.0879],[87.2371,25.0892],[87.2441,25.1006],[87.235,25.107],[87.2415,25.1148],[87.2497,25.1055],[87.2608,25.1045],[87.2699,25.094],[87.2955,25.0886],[87.2982,25.0998],[87.2965,25.1137],[87.3081,25.1474],[87.3127,25.1502],[87.3183,25.1948],[87.3275,25.2236],[87.3345,25.2162],[87.349,25.2146],[87.3709,25.2072],[87.3821,25.2232],[87.3918,25.2279],[87.4272,25.2109],[87.4462,25.2042],[87.463,25.1951],[87.4781,25.1944],[87.4739,25.2402],[87.4814,25.2505],[87.5009,25.2667],[87.4987,25.2764],[87.4906,25.2799],[87.4873,25.2965],[87.4935,25.3036],[87.5045,25.2932],[87.5197,25.2917],[87.5321,25.2804],[87.543,25.2811],[87.5432,25.2972],[87.5519,25.3327],[87.5844,25.3336],[87.5923,25.3224],[87.612,25.3128],[87.6257,25.3129],[87.6305,25.3197],[87.6549,25.3076],[87.6729,25.3081],[87.6737,25.3129],[87.692,25.3116],[87.6963,25.2938],[87.6933,25.2847],[87.7113,25.2747],[87.7114,25.2577],[87.7429,25.2641],[87.7636,25.2648],[87.7885,25.2584],[87.7988,25.2514],[87.819,25.2425],[87.8295,25.2492],[87.8314,25.2555],[87.8452,25.2634],[87.8464,25.2765],[87.8513,25.2801],[87.8524,25.2952],[87.8462,25.3051],[87.8276,25.3117],[87.8084,25.3276],[87.7928,25.3296],[87.7842,25.3401],[87.7874,25.3519],[87.7895,25.3769],[87.7761,25.3769],[87.7643,25.386],[87.7676,25.4018],[87.7791,25.4117],[87.7769,25.4242],[87.7852,25.4372],[87.787,25.4493],[87.8027,25.4441],[87.8143,25.435],[87.824,25.4365],[87.8303,25.4489],[87.8306,25.4619],[87.8392,25.468],[87.8535,25.4672],[87.8641,25.4764],[87.8661,25.497],[87.8856,25.5102],[87.8889,25.5186],[87.9027,25.5048],[87.9089,25.5193],[87.926,25.5387],[87.9399,25.5351],[87.9525,25.5378],[87.9662,25.5363],[87.9697,25.5289],[87.9832,25.5254],[87.9941,25.5142],[87.9971,25.5003],[88.0076,25.4964],[88.0018,25.5131],[88.0135,25.5141],[88.0182,25.5033],[88.0306,25.4907],[88.046,25.488],[88.0653,25.4894],[88.0732,25.4837],[88.0715,25.5158],[88.0654,25.5232],[88.0624,25.5365],[88.0542,25.5412],[88.0522,25.5492],[88.0314,25.5541],[88.0312,25.5761],[88.0245,25.5826],[88.0216,25.5962],[88.0309,25.6073],[88.0423,25.6087],[88.0409,25.621],[88.0351,25.6257],[88.05,25.6673],[88.0493,25.6834],[88.0553,25.6915],[88.0497,25.7022],[88.0323,25.7043],[88.021,25.6964],[88.0215,25.7103],[88.0022,25.7161],[88.001,25.7221],[87.9864,25.7255],[87.9839,25.7206],[87.9679,25.7261],[87.9683,25.7343],[87.95,25.7489],[87.9451,25.7699],[87.9352,25.769],[87.9243,25.7772],[87.9099,25.7809],[87.9054,25.8028],[87.9001,25.8071],[87.907,25.8202],[87.8904,25.8286],[87.8927,25.8359],[87.9085,25.8451],[87.9137,25.8518],[87.8923,25.8658],[87.8859,25.8599],[87.8758,25.8605],[87.8644,25.8675],[87.8307,25.8709],[87.8223,25.8997],[87.8154,25.9091],[87.8108,25.928],[87.8209,25.9362],[87.8344,25.9303],[87.8407,25.9406],[87.8345,25.9463],[87.8452,25.9624],[87.8486,25.9768],[87.8457,25.9822],[87.8511,25.9981],[87.8568,26.0247],[87.8554,26.0351],[87.8647,26.0344],[87.8733,26.0414],[87.8797,26.0393],[87.8929,26.0527],[87.8905,26.0606],[87.9012,26.0649],[87.9064,26.0744],[87.931,26.0823],[87.9299,26.0715],[87.9351,26.0642],[87.9498,26.0602],[87.9581,26.0733],[87.973,26.0756],[87.9807,26.0851],[87.9645,26.096],[87.9844,26.1018],[87.9881,26.1126],[87.9756,26.1181],[87.9795,26.1306],[87.9797,26.1442],[87.9938,26.1488],[87.9983,26.1397],[88.0138,26.1492],[88.0186,26.16],[88.0322,26.1705],[88.0348,26.1792],[88.0492,26.177],[88.0599,26.1711],[88.0732,26.1752],[88.0785,26.187],[88.0895,26.1915],[88.092,26.2023],[88.1051,26.2088],[88.1227,26.2263],[88.1417,26.2263],[88.1385,26.2406],[88.146,26.2502],[88.157,26.2557],[88.1674,26.2531],[88.18,26.2567],[88.1854,26.2705],[88.201,26.2706],[88.2051,26.2776],[88.2277,26.2849],[88.2308,26.3007],[88.241,26.3006],[88.2503,26.3114],[88.2565,26.3325],[88.2575,26.3319],[88.2808,26.327],[88.2864,26.3318],[88.2878,26.3576],[88.2819,26.3749],[88.2663,26.3805],[88.2521,26.374],[88.2396,26.3802],[88.2341,26.3918],[88.2442,26.3985],[88.2609,26.4196],[88.2631,26.4293],[88.2506,26.4335],[88.242,26.4567],[88.2347,26.4599],[88.2257,26.4801],[88.1983,26.4848],[88.1885,26.4953],[88.1824,26.5083],[88.1965,26.5214],[88.2083,26.5243],[88.2127,26.5327],[88.2354,26.5448],[88.2328,26.571],[88.2169,26.5744],[88.2145,26.5672],[88.2211,26.5611],[88.2164,26.5533],[88.1892,26.5596],[88.1816,26.554],[88.1714,26.5536],[88.1658,26.5449],[88.1665,26.5356],[88.1483,26.5243],[88.1349,26.5235],[88.1134,26.5484],[88.1054,26.5511]]]},"properties":{"ST_NM":"Bihar"}},
{"type":"Feature","geometry":{"type":"Polygon","coordinates":[[[76.4313,11.6665],[76.4167,11.6718],[76.4085,11.6896],[76.412,11.6948],[76.408,11.7149],[76.4247,11.721],[76.4274,11.7261],[76.4221,11.7384],[76.4133,11.7402],[76.4111,11.7582],[76.3976,11.751],[76.3934,11.7551],[76.377,11.7446],[76.3624,11.7482],[76.3525,11.7384],[76.3397,11.7391],[76.3291,11.7484],[76.3189,11.7509],[76.3111,11.768],[76.3077,11.7849],[76.2883,11.7952],[76.2802,11.8124],[76.2584,11.8088],[76.249,11.8036],[76.227,11.8062],[76.2185,11.8139],[76.2097,11.8282],[76.2129,11.8421],[76.2069,11.862],[76.1904,11.8713],[76.1735,11.8713],[76.1648,11.8676],[76.1575,11.8706],[76.1461,11.8671],[76.1309,11.8533],[76.12,11.8504],[76.1128,11.8585],[76.1149,11.8667],[76.1117,11.8877],[76.1134,11.895],[76.1125,11.9788],[76.0897,11.9675],[76.0701,11.9672],[76.0519,11.9515],[76.0446,11.9505],[76.0335,11.9403],[76.0222,11.9441],[76.0075,11.9393],[76.0032,11.9315],[75.9904,11.9348],[75.9764,11.9338],[75.9564,11.942],[75.9307,11.9391],[75.9135,11.9462],[75.8968,11.9448],[75.8866,11.9505],[75.8798,11.949],[75.8585,11.9589],[75.8469,11.9821],[75.83,11.9841],[75.8256,11.992],[75.8228,12.0129],[75.8108,12.0288],[75.8011,12.037],[75.7978,12.0515],[75.8027,12.0795],[75.786,12.0849],[75.7504,12.0843],[75.7361,12.079],[75.7277,12.0726],[75.7147,12.0705],[75.7174,12.0864],[75.7021,12.0927],[75.7033,12.1083],[75.6872,12.1103],[75.6768,12.0974],[75.6673,12.0966],[75.6489,12.1086],[75.6442,12.1244],[75.6432,12.138],[75.6359,12.1485],[75.6209,12.1552],[75.5906,12.1512],[75.577,12.1569],[75.5699,12.1718],[75.5594,12.1762],[75.5408,12.2005],[75.5322,12.2012],[75.5398,12.2157],[75.5268,12.225],[75.5196,12.2458],[75.5116,12.2531],[75.5054,12.2708],[75.4939,12.2729],[75.4849,12.29],[75.4749,12.2961],[75.4653,12.2894],[75.4507,12.2932],[75.4327,12.2934],[75.4263,12.2872],[75.4154,12.2882],[75.4312,12.308],[75.4236,12.3139],[75.4109,12.346],[75.4196,12.357],[75.4219,12.3727],[75.4135,12.3801],[75.3983,12.3816],[75.3868,12.3923],[75.3797,12.3921],[75.3659,12.412],[75.3713,12.439],[75.3705,12.4566],[75.375,12.4597],[75.3927,12.4547],[75.4133,12.4586],[75.4233,12.4668],[75.4179,12.4976],[75.4114,12.5019],[75.4027,12.4981],[75.3819,12.5021],[75.3684,12.4923],[75.3722,12.477],[75.3586,12.4643],[75.3363,12.4642],[75.3407,12.4704],[75.3353,12.4783],[75.3366,12.4891],[75.3322,12.4996],[75.3145,12.4975],[75.3042,12.5033],[75.303,12.5227],[75.2912,12.5257],[75.2801,12.5242],[75.2739,12.5345],[75.2697,12.5496],[75.2721,12.5702],[75.2839,12.5708],[75.2897,12.5839],[75.3109,12.5779],[75.3256,12.5827],[75.3272,12.5923],[75.3134,12.5923],[75.2982,12.6072],[75.2755,12.6198],[75.2643,12.6124],[75.2613,12.5977],[75.2492,12.5835],[75.2373,12.576],[75.2375,12.5684],[75.2203,12.5682],[75.2118,12.5794],[75.2072,12.5923],[75.2092,12.6015],[75.198,12.6157],[75.2019,12.6286],[75.1822,12.6317],[75.1724,12.6229],[75.1541,12.6239],[75.1436,12.6418],[75.161,12.673],[75.1432,12.6772],[75.1331,12.6746],[75.1107,12.6831],[75.1051,12.6984],[75.0915,12.7011],[75.0843,12.6967],[75.0864,12.6753],[75.0732,12.6709],[75.0662,12.6634],[75.0591,12.6707],[75.0476,12.6676],[75.0424,12.6721],[75.0397,12.6862],[75.0426,12.6935],[75.0548,12.6947],[75.0496,12.7047],[75.0503,12.7195],[75.0339,12.7226],[75.0153,12.7134],[75.001,12.7155],[75.0112,12.728],[74.9992,12.7318],[74.9924,12.7387],[74.9825,12.7385],[74.9976,12.7576],[75.005,12.7616],[75.0062,12.7709],[75.0022,12.7919],[74.9921,12.7883],[74.982,12.7797],[74.9684,12.7764],[74.9582,12.7847],[74.9418,12.7801],[74.9275,12.7787],[74.8995,12.763],[74.8931,12.7625],[74.8823,12.7541],[74.8696,12.7607],[74.868,12.753],[74.8847,12.7104],[74.8916,12.7136],[74.8967,12.7043],[74.8927,12.6963],[74.9162,12.6438],[74.9281,12.6118],[74.9372,12.6047],[74.9474,12.6086],[74.9391,12.5886],[74.9543,12.5497],[74.9625,12.5368],[74.9644,12.5252],[74.974,12.5014],[74.9897,12.4719],[74.9984,12.4511],[75.0055,12.4409],[75.015,12.4181],[75.0218,12.4139],[75.0317,12.3918],[75.042,12.3882],[75.0585,12.3524],[75.0747,12.3134],[75.0849,12.2917],[75.1015,12.2481],[75.1198,12.2044],[75.1259,12.2033],[75.1309,12.1858],[75.1407,12.1668],[75.1427,12.1551],[75.149,12.1451],[75.1479,12.1364],[75.156,12.119],[75.1566,12.11],[75.1694,12.082],[75.1798,12.0556],[75.2042,12.0056],[75.2097,12.0117],[75.2212,12.0126],[75.2297,12.0234],[75.2516,12.0087],[75.2917,11.9544],[75.2983,11.9503],[75.3203,11.9162],[75.3196,11.9049],[75.3309,11.8983],[75.3539,11.8702],[75.3563,11.8605],[75.3658,11.8535],[75.379,11.8598],[75.3863,11.8564],[75.3971,11.8431],[75.4039,11.8395],[75.4244,11.8138],[75.4379,11.8056],[75.4476,11.7898],[75.4478,11.7828],[75.4569,11.7794],[75.4537,11.772],[75.4605,11.7661],[75.4729,11.7646],[75.483,11.7548],[75.4977,11.7352],[75.508,11.7326],[75.5246,11.7083],[75.5306,11.704],[75.5344,11.7093],[75.5444,11.7048],[75.5366,11.6939],[75.5609,11.6438],[75.578,11.5996],[75.6026,11.5292],[75.6186,11.4875],[75.618,11.4774],[75.6373,11.4656],[75.6454,11.4685],[75.6639,11.4627],[75.6807,11.4509],[75.6978,11.4251],[75.7128,11.3942],[75.7156,11.3933],[75.7357,11.3454],[75.7373,11.3241],[75.7464,11.3215],[75.7596,11.2888],[75.7708,11.2516],[75.7812,11.2215],[75.8045,11.1596],[75.8147,11.1493],[75.8302,11.1167],[75.8483,11.0573],[75.8547,11.0287],[75.8876,10.898],[75.9072,10.804],[75.9225,10.7613],[75.9406,10.7239],[75.9448,10.7124],[75.9838,10.627],[75.9992,10.5949],[76.0234,10.5361],[76.0319,10.5175],[76.0411,10.5041],[76.0671,10.456],[76.0885,10.4075],[76.1167,10.3339],[76.139,10.2537],[76.1438,10.2422],[76.1535,10.2091],[76.1728,10.1587],[76.1867,10.1169],[76.1896,10.1002],[76.2026,10.0528],[76.2061,10.0464],[76.2206,10.0006],[76.2257,9.9904],[76.2406,9.9823],[76.241,9.9679],[76.237,9.9621],[76.2393,9.9513],[76.252,9.917],[76.2603,9.8832],[76.2695,9.8343],[76.2841,9.7489],[76.2963,9.6281],[76.3012,9.5873],[76.3079,9.5423],[76.3155,9.5031],[76.3293,9.4486],[76.3403,9.4096],[76.353,9.3767],[76.3664,9.3498],[76.3735,9.3319],[76.3982,9.2796],[76.4109,9.2501],[76.461,9.141],[76.4857,9.0888],[76.5167,9.0177],[76.5296,8.9624],[76.5401,8.9326],[76.5424,8.9134],[76.5478,8.9028],[76.5601,8.8897],[76.5655,8.8804],[76.5795,8.8815],[76.5947,8.873],[76.6102,8.8597],[76.6413,8.8247],[76.6607,8.7963],[76.6717,8.7841],[76.7019,8.7369],[76.7564,8.6718],[76.8309,8.5784],[76.8417,8.5658],[76.8919,8.5018],[76.9311,8.4572],[76.9676,8.4097],[76.9728,8.3982],[76.9713,8.3923],[76.9848,8.3798],[76.9977,8.3749],[77.0118,8.3565],[77.0289,8.348],[77.0779,8.3072],[77.0978,8.2925],[77.1026,8.3059],[77.1134,8.3041],[77.1186,8.3203],[77.1291,8.3215],[77.1394,8.3284],[77.1585,8.3277],[77.1685,8.3326],[77.1666,8.343],[77.1751,8.35],[77.1691,8.3633],[77.1597,8.368],[77.1606,8.3894],[77.167,8.3839],[77.1817,8.3961],[77.1826,8.4049],[77.1969,8.4196],[77.196,8.4289],[77.2065,8.4443],[77.227,8.4467],[77.2252,8.4596],[77.213,8.4704],[77.2104,8.4919],[77.2011,8.4977],[77.2135,8.512],[77.231,8.5069],[77.2387,8.496],[77.2512,8.5055],[77.2621,8.5067],[77.2751,8.5386],[77.2838,8.5469],[77.2742,8.5598],[77.2669,8.584],[77.2569,8.591],[77.252,8.6084],[77.2514,8.6203],[77.2346,8.627],[77.2321,8.6357],[77.2142,8.6493],[77.2082,8.6638],[77.2009,8.669],[77.2072,8.6809],[77.1949,8.7079],[77.1848,8.7135],[77.1777,8.724],[77.179,8.7307],[77.17,8.7419],[77.191,8.7416],[77.1969,8.7496],[77.2001,8.7628],[77.2184,8.7689],[77.2144,8.775],[77.2297,8.7847],[77.232,8.8072],[77.2423,8.8094],[77.2471,8.8237],[77.264,8.8421],[77.2567,8.8782],[77.2449,8.8802],[77.2376,8.8858],[77.2385,8.8979],[77.2211,8.9041],[77.2182,8.9167],[77.2238,8.9243],[77.2104,8.932],[77.201,8.9247],[77.1924,8.9285],[77.197,8.9366],[77.1969,8.9518],[77.1855,8.9703],[77.1781,8.9692],[77.1733,8.9916],[77.1616,8.9952],[77.1493,9.0097],[77.1537,9.0221],[77.1609,9.0292],[77.167,9.0449],[77.1828,9.0468],[77.1925,9.0436],[77.1967,9.0566],[77.2053,9.0658],[77.209,9.0752],[77.2056,9.0839],[77.2121,9.0999],[77.2187,9.1009],[77.231,9.1168],[77.2469,9.1239],[77.2534,9.1396],[77.2678,9.1534],[77.2658,9.1649],[77.2682,9.1753],[77.2643,9.1862],[77.2525,9.1895],[77.2567,9.1967],[77.2707,9.2009],[77.281,9.2165],[77.2753,9.2348],[77.2825,9.2561],[77.2833,9.2729],[77.2878,9.282],[77.2831,9.2925],[77.2888,9.302],[77.2995,9.311],[77.3026,9.3191],[77.3,9.3368],[77.3155,9.335],[77.3252,9.3372],[77.3252,9.3446],[77.338,9.3687],[77.3346,9.3789],[77.3436,9.401],[77.3364,9.4124],[77.3438,9.4233],[77.3495,9.4414],[77.3659,9.4602],[77.3771,9.4529],[77.3925,9.4595],[77.3915,9.4689],[77.3981,9.4714],[77.3991,9.4962],[77.4123,9.5091],[77.4003,9.518],[77.3972,9.5242],[77.3851,9.5193],[77.3655,9.5351],[77.3657,9.551],[77.3615,9.5579],[77.3528,9.5597],[77.3502,9.5672],[77.3599,9.5786],[77.3559,9.5883],[77.3545,9.6042],[77.3394,9.5734],[77.3253,9.5801],[77.3223,9.5984],[77.3037,9.5988],[77.2903,9.5849],[77.2696,9.5729],[77.253,9.5831],[77.2427,9.5853],[77.2342,9.5816],[77.2225,9.5929],[77.2221,9.5978],[77.2098,9.6051],[77.2036,9.6145],[77.1886,9.6062],[77.1677,9.6151],[77.1682,9.6221],[77.1762,9.6296],[77.174,9.6374],[77.1792,9.6449],[77.1797,9.6563],[77.1945,9.6742],[77.2066,9.6945],[77.2019,9.704],[77.2049,9.724],[77.2234,9.7301],[77.2202,9.7451],[77.2318,9.77],[77.2242,9.779],[77.2228,9.7884],[77.2361,9.7906],[77.2468,9.7985],[77.2469,9.8086],[77.2403,9.8171],[77.2269,9.822],[77.2239,9.8293],[77.2276,9.8387],[77.223,9.8455],[77.2373,9.852],[77.2364,9.8602],[77.2197,9.8653],[77.2154,9.878],[77.2208,9.8851],[77.2183,9.9049],[77.2299,9.9127],[77.2318,9.9247],[77.2382,9.9376],[77.2529,9.9536],[77.2606,9.9525],[77.2728,9.9643],[77.2726,9.9764],[77.2607,9.9959],[77.2649,10.0043],[77.2554,10.0112],[77.2638,10.0255],[77.2616,10.0336],[77.2509,10.0458],[77.2358,10.0585],[77.2316,10.0669],[77.223,10.0707],[77.2185,10.0794],[77.204,10.0885],[77.2012,10.1072],[77.2075,10.1191],[77.2177,10.1186],[77.2443,10.1317],[77.2525,10.1254],[77.2657,10.1223],[77.2749,10.1313],[77.2721,10.166],[77.2778,10.1934],[77.2835,10.1977],[77.2846,10.2088],[77.2953,10.2185],[77.2882,10.2323],[77.2804,10.2355],[77.2646,10.2351],[77.2591,10.2305],[77.2573,10.2595],[77.2636,10.2639],[77.2391,10.2957],[77.2348,10.309],[77.2278,10.3154],[77.2288,10.3311],[77.2354,10.3391],[77.2353,10.3529],[77.1954,10.3547],[77.176,10.3586],[77.1613,10.3486],[77.1512,10.3382],[77.1284,10.3263],[77.1202,10.318],[77.092,10.3131],[77.0785,10.3029],[77.066,10.2982],[77.056,10.2873],[77.0436,10.2841],[77.0528,10.2723],[77.0516,10.2638],[77.0396,10.2529],[77.0266,10.2506],[77.0054,10.239],[76.9985,10.2296],[76.9841,10.2223],[76.9707,10.229],[76.9396,10.2382],[76.9219,10.2316],[76.9104,10.2351],[76.9044,10.2429],[76.8967,10.2621],[76.873,10.2763],[76.8744,10.293],[76.8701,10.2981],[76.8475,10.287],[76.8382,10.3008],[76.8299,10.3032],[76.8374,10.3365],[76.836,10.3454],[76.8459,10.3568],[76.8486,10.3674],[76.8441,10.3745],[76.8233,10.3946],[76.8337,10.4028],[76.8302,10.4108],[76.816,10.423],[76.828,10.4497],[76.8303,10.4973],[76.8418,10.5347],[76.8353,10.5446],[76.8356,10.5574],[76.8395,10.5646],[76.834,10.574],[76.838,10.5815],[76.8387,10.5959],[76.8269,10.5961],[76.8175,10.6027],[76.8185,10.6106],[76.8117,10.6196],[76.8143,10.635],[76.8309,10.6369],[76.8394,10.6336],[76.8676,10.6327],[76.8821,10.639],[76.8841,10.648],[76.8778,10.6679],[76.8661,10.6841],[76.8715,10.6988],[76.8822,10.7168],[76.8912,10.7165],[76.8896,10.736],[76.896,10.7448],[76.8966,10.7532],[76.9039,10.7627],[76.9073,10.7834],[76.901,10.8079],[76.8891,10.8103],[76.8701,10.809],[76.864,10.818],[76.8482,10.8195],[76.8451,10.8261],[76.854,10.8353],[76.8485,10.8501],[76.832,10.8609],[76.8308,10.8707],[76.8115,10.8786],[76.7919,10.8818],[76.7798,10.8913],[76.768,10.8878],[76.7606,10.8944],[76.7392,10.8946],[76.708,10.9102],[76.6952,10.9103],[76.6767,10.9181],[76.6591,10.9306],[76.6558,10.9391],[76.6647,10.9436],[76.6667,10.9682],[76.6859,10.9892],[76.6891,11.0086],[76.6997,11.0267],[76.7158,11.0405],[76.7418,11.0382],[76.7666,11.0292],[76.7818,11.0424],[76.7689,11.0435],[76.761,11.0521],[76.7465,11.0568],[76.7438,11.0731],[76.7546,11.0791],[76.7511,11.0937],[76.7434,11.1026],[76.7486,11.1129],[76.7481,11.1348],[76.7253,11.1369],[76.7189,11.1495],[76.712,11.1509],[76.7057,11.1418],[76.695,11.1668],[76.698,11.1742],[76.7143,11.1877],[76.7228,11.1872],[76.7302,11.1937],[76.7269,11.2075],[76.7355,11.2157],[76.707,11.2383],[76.6982,11.2396],[76.684,11.2336],[76.6783,11.2218],[76.6524,11.2098],[76.6289,11.1943],[76.6155,11.1924],[76.6008,11.1976],[76.5338,11.1857],[76.5157,11.1946],[76.5094,11.2083],[76.499,11.2114],[76.4723,11.2088],[76.4734,11.195],[76.4584,11.1878],[76.4489,11.2056],[76.4531,11.2395],[76.4663,11.2452],[76.4871,11.2584],[76.5217,11.2707],[76.5268,11.2886],[76.5422,11.2967],[76.5373,11.3141],[76.5499,11.3311],[76.5478,11.359],[76.5082,11.3542],[76.5151,11.3598],[76.5177,11.3716],[76.4752,11.3836],[76.4604,11.3889],[76.4156,11.4233],[76.4187,11.4419],[76.3979,11.4364],[76.3687,11.4563],[76.3422,11.4677],[76.326,11.4541],[76.3051,11.4679],[76.2948,11.4658],[76.2946,11.4742],[76.2844,11.483],[76.2735,11.4771],[76.2647,11.4813],[76.2472,11.468],[76.2514,11.5024],[76.2407,11.526],[76.2502,11.527],[76.2501,11.5358],[76.2334,11.5679],[76.279,11.6009],[76.2861,11.5903],[76.296,11.5902],[76.3024,11.5713],[76.3159,11.5767],[76.3223,11.5872],[76.3359,11.5958],[76.3404,11.5873],[76.3546,11.5894],[76.3671,11.5984],[76.378,11.602],[76.3839,11.6121],[76.3833,11.6241],[76.3881,11.6297],[76.4066,11.6343],[76.4271,11.6335],[76.4434,11.6437],[76.4313,11.6665]],[[75.5377,11.7626],[75.5463,11.7561],[75.5424,11.737],[75.5558,11.7277],[75.5472,11.7159],[75.5272,11.7207],[75.5319,11.7345],[75.5403,11.7347],[75.5406,11.7486],[75.5322,11.7595],[75.5377,11.7626]]]},"properties":{"ST_NM":"Kerala"}},
{"type":"Feature","geometry":{"type":"Polygon","coordinates":[[[82.8103,23.9629],[82.8023,23.9799],[82.8062,23.9888],[82.8038,24.0036],[82.7677,24.006],[82.7513,24.0119],[82.7482,24.0282],[82.7587,24.0362],[82.7702,24.0557],[82.7742,24.0748],[82.7536,24.0769],[82.7472,24.0709],[82.7339,24.0783],[82.7136,24.0754],[82.7123,24.0886],[82.7034,24.0987],[82.6958,24.1003],[82.6705,24.12],[82.6646,24.1298],[82.6742,24.1408],[82.6724,24.1463],[82.683,24.1547],[82.6917,24.1501],[82.6969,24.1412],[82.7108,24.1363],[82.7281,24.1356],[82.7293,24.1481],[82.7443,24.1656],[82.7396,24.1999],[82.7347,24.2173],[82.7364,24.2229],[82.7513,24.2275],[82.7588,24.2368],[82.7558,24.2619],[82.762,24.2697],[82.771,24.2951],[82.7728,24.3076],[82.7657,24.3137],[82.7666,24.3304],[82.7705,24.3453],[82.7647,24.3543],[82.7689,24.3666],[82.765,24.3755],[82.7408,24.3677],[82.7264,24.3681],[82.7134,24.3813],[82.7255,24.4192],[82.738,24.4255],[82.7394,24.4321],[82.7311,24.4381],[82.7363,24.4598],[82.7309,24.4738],[82.7405,24.4828],[82.7434,24.4987],[82.7207,24.5138],[82.7215,24.5296],[82.7298,24.5313],[82.7215,24.5448],[82.7199,24.5541],[82.7387,24.5477],[82.7481,24.5498],[82.7482,24.5613],[82.7681,24.5624],[82.78,24.5721],[82.8008,24.5801],[82.8026,24.5982],[82.7777,24.5945],[82.7672,24.5954],[82.7698,24.6045],[82.7776,24.6113],[82.7719,24.6216],[82.7738,24.6418],[82.7427,24.641],[82.7323,24.6444],[82.7287,24.6357],[82.7173,24.6424],[82.7073,24.6361],[82.6982,24.647],[82.7021,24.672],[82.6984,24.6784],[82.676,24.6908],[82.671,24.697],[82.6566,24.6946],[82.6411,24.6845],[82.6074,24.6757],[82.5797,24.6588],[82.5391,24.6478],[82.5308,24.6513],[82.5239,24.6726],[82.5098,24.675],[82.4896,24.6714],[82.4796,24.6785],[82.4569,24.6733],[82.4498,24.6747],[82.4537,24.6876],[82.4407,24.6997],[82.4277,24.7022],[82.4073,24.6829],[82.4141,24.67],[82.4121,24.6601],[82.4185,24.6514],[82.418,24.6415],[82.4097,24.6354],[82.4119,24.6119],[82.4223,24.5994],[82.4161,24.5912],[82.4019,24.5914],[82.361,24.5991],[82.3498,24.615],[82.3388,24.6203],[82.3299,24.6185],[82.3161,24.6076],[82.3011,24.6077],[82.3038,24.6254],[82.2998,24.647],[82.303,24.6556],[82.273,24.6752],[82.2636,24.6661],[82.2545,24.6704],[82.2351,24.6709],[82.2353,24.6902],[82.2469,24.6923],[82.2456,24.7023],[82.251,24.7113],[82.245,24.7289],[82.2556,24.7494],[82.2359,24.7594],[82.2292,24.7451],[82.2149,24.7543],[82.2065,24.7437],[82.2138,24.7343],[82.187,24.7389],[82.1975,24.7468],[82.2032,24.7581],[82.1965,24.7781],[82.2098,24.7774],[82.215,24.7902],[82.1868,24.7941],[82.1888,24.8058],[82.1781,24.8107],[82.1753,24.8011],[82.1787,24.7931],[82.1671,24.7855],[82.1387,24.7995],[82.1319,24.7916],[82.1159,24.7845],[82.1129,24.7991],[82.0977,24.8162],[82.0746,24.8219],[82.0716,24.8192],[82.0513,24.8306],[82.0453,24.8286],[82.0313,24.8402],[82.0107,24.8469],[82.0031,24.8415],[81.9598,24.8372],[81.9442,24.8413],[81.9327,24.8588],[81.9343,24.8699],[81.9079,24.8814],[81.9036,24.8897],[81.9067,24.9042],[81.9145,24.9136],[81.9196,24.9278],[81.9092,24.9414],[81.9079,24.9801],[81.8909,24.9958],[81.8545,25.0033],[81.8488,25.012],[81.8352,25.0173],[81.8107,25.0129],[81.8041,25.0019],[81.7927,25.0045],[81.7798,25.0199],[81.7588,25.0269],[81.755,25.0348],[81.7458,25.0335],[81.7402,25.045],[81.7237,25.05],[81.7221,25.0397],[81.7084,25.0353],[81.6887,25.0396],[81.6928,25.0479],[81.6794,25.0621],[81.6672,25.0614],[81.6686,25.0715],[81.6547,25.0715],[81.6422,25.0571],[81.6335,25.0594],[81.6275,25.0525],[81.6117,25.0563],[81.6054,25.0787],[81.6158,25.0805],[81.6213,25.09],[81.6378,25.0987],[81.6324,25.1065],[81.633,25.1171],[81.6244,25.12],[81.6148,25.1002],[81.6063,25.1167],[81.5971,25.119],[81.6027,25.1364],[81.6145,25.1444],[81.6257,25.1449],[81.6262,25.1608],[81.612,25.1641],[81.5885,25.1658],[81.5955,25.1819],[81.5787,25.1908],[81.5635,25.1868],[81.5407,25.1853],[81.5399,25.1807],[81.5186,25.1861],[81.5125,25.1774],[81.5213,25.1672],[81.5366,25.1606],[81.5299,25.1509],[81.5273,25.1381],[81.5088,25.1478],[81.4996,25.1487],[81.4958,25.1311],[81.4842,25.116],[81.4903,25.1097],[81.5093,25.1057],[81.4992,25.077],[81.4912,25.0723],[81.4722,25.078],[81.4648,25.0901],[81.4545,25.0904],[81.4225,25.099],[81.4313,25.106],[81.4475,25.1078],[81.4452,25.1161],[81.4283,25.1308],[81.4069,25.1272],[81.3995,25.1194],[81.3928,25.1311],[81.3692,25.1435],[81.3565,25.1634],[81.3433,25.1625],[81.3346,25.1693],[81.3224,25.1619],[81.3187,25.144],[81.3252,25.1366],[81.324,25.1276],[81.3159,25.1269],[81.3125,25.14],[81.3135,25.1637],[81.292,25.1619],[81.2776,25.166],[81.2818,25.1529],[81.2662,25.1396],[81.2683,25.1281],[81.2613,25.1101],[81.2533,25.1076],[81.2604,25.0904],[81.267,25.0845],[81.2596,25.0752],[81.2689,25.0675],[81.263,25.0519],[81.2337,25.011],[81.2237,24.9988],[81.209,24.9926],[81.2193,24.9821],[81.2207,24.9743],[81.2072,24.9645],[81.2145,24.958],[81.2153,24.9329],[81.2096,24.9226],[81.1994,24.9311],[81.201,24.938],[81.1852,24.952],[81.1722,24.9573],[81.1647,24.9468],[81.1638,24.9283],[81.1585,24.9222],[81.1602,24.9136],[81.1455,24.9103],[81.1396,24.8875],[81.1125,24.9073],[81.1034,24.9186],[81.0967,24.9209],[81.0872,24.933],[81.0897,24.9463],[81.0339,24.9526],[81.0231,24.9436],[81.0243,24.9324],[81.0128,24.9283],[81.0018,24.9368],[80.9964,24.9281],[80.9741,24.9342],[80.9567,24.9298],[80.9582,24.9396],[80.9477,24.941],[80.9543,24.9535],[80.95,24.9645],[80.929,24.9612],[80.8919,24.9452],[80.8753,24.9358],[80.8376,24.9284],[80.8296,24.918],[80.8122,24.9225],[80.8185,24.9331],[80.8083,24.9385],[80.8059,24.9531],[80.7924,24.9641],[80.8113,24.9702],[80.824,24.9678],[80.8336,24.9823],[80.8522,24.9887],[80.8552,25.004],[80.8423,25.02],[80.8355,25.0241],[80.8478,25.0453],[80.8567,25.0482],[80.8638,25.0565],[80.8781,25.0655],[80.8754,25.0738],[80.8672,25.0795],[80.8792,25.1016],[80.8688,25.1165],[80.8887,25.1325],[80.9129,25.1591],[80.9043,25.1589],[80.8823,25.1831],[80.8682,25.175],[80.8425,25.186],[80.8486,25.163],[80.8401,25.1562],[80.8365,25.1306],[80.8429,25.1124],[80.8382,25.1042],[80.8299,25.1032],[80.8254,25.1215],[80.8153,25.1317],[80.8038,25.1376],[80.7869,25.1294],[80.7782,25.1387],[80.7718,25.1324],[80.7605,25.1347],[80.7481,25.1308],[80.742,25.1235],[80.7349,25.1372],[80.7279,25.1377],[80.7184,25.1305],[80.7067,25.1304],[80.7043,25.1217],[80.7241,25.1216],[80.7306,25.1129],[80.7233,25.1051],[80.7232,25.0946],[80.7312,25.0891],[80.7396,25.0932],[80.7528,25.0919],[80.7567,25.0825],[80.7834,25.0759],[80.7873,25.0625],[80.775,25.0546],[80.7378,25.0547],[80.7291,25.0672],[80.7123,25.0587],[80.6812,25.053],[80.6741,25.0605],[80.6838,25.0672],[80.6853,25.0758],[80.6763,25.0786],[80.6617,25.0676],[80.6586,25.0826],[80.6427,25.0888],[80.6233,25.0886],[80.6148,25.0928],[80.6213,25.1097],[80.6325,25.1226],[80.6325,25.1311],[80.6201,25.134],[80.6019,25.1505],[80.5978,25.1427],[80.5968,25.1279],[80.6072,25.1179],[80.5976,25.114],[80.5924,25.0902],[80.6095,25.0796],[80.6043,25.0691],[80.5954,25.0794],[80.5684,25.0825],[80.5677,25.0734],[80.5523,25.0628],[80.5215,25.0762],[80.5204,25.0928],[80.4998,25.1003],[80.4831,25.1002],[80.4826,25.0929],[80.5067,25.084],[80.5019,25.0707],[80.5091,25.0588],[80.5012,25.0519],[80.5032,25.0453],[80.5338,25.0372],[80.5465,25.0321],[80.5414,25.0167],[80.5482,25.0053],[80.5309,25.0013],[80.5008,25.0045],[80.4922,24.9892],[80.4804,24.986],[80.4796,24.9759],[80.4653,24.9758],[80.4569,24.981],[80.4563,25.0039],[80.4364,25.0284],[80.4491,25.0406],[80.4632,25.0398],[80.4744,25.0305],[80.4836,25.0335],[80.4945,25.0296],[80.5014,25.0379],[80.4893,25.0434],[80.4765,25.0378],[80.4702,25.0441],[80.4665,25.0649],[80.4542,25.062],[80.449,25.0787],[80.439,25.0745],[80.4335,25.0659],[80.4208,25.071],[80.416,25.0612],[80.3934,25.0645],[80.388,25.0509],[80.3738,25.0559],[80.3714,25.0437],[80.3833,25.0353],[80.3943,25.0088],[80.3873,25.0043],[80.3774,25.0069],[80.3759,25.0153],[80.363,25.0236],[80.3574,25.0116],[80.3477,25.0177],[80.331,24.9922],[80.32,25.0028],[80.3074,25.0065],[80.2998,25.0156],[80.2737,25.026],[80.2879,25.0381],[80.2849,25.054],[80.2906,25.0595],[80.3114,25.0442],[80.3211,25.0499],[80.3304,25.0475],[80.3459,25.0648],[80.3516,25.0812],[80.3506,25.0904],[80.3705,25.0997],[80.376,25.1152],[80.3527,25.1303],[80.3575,25.1421],[80.3747,25.1457],[80.3853,25.1558],[80.3965,25.1604],[80.4194,25.163],[80.4317,25.1776],[80.4215,25.1983],[80.408,25.2177],[80.4108,25.2241],[80.4039,25.2435],[80.3947,25.2453],[80.3836,25.2373],[80.3664,25.2504],[80.3564,25.2626],[80.3482,25.2785],[80.3285,25.278],[80.3108,25.2864],[80.3112,25.2982],[80.3193,25.3062],[80.3189,25.3222],[80.3221,25.3346],[80.3116,25.3456],[80.3113,25.3606],[80.3202,25.3656],[80.3163,25.3858],[80.2996,25.4065],[80.28,25.4208],[80.2639,25.4241],[80.2535,25.4008],[80.2362,25.4079],[80.2275,25.3995],[80.2179,25.3986],[80.2062,25.4045],[80.1959,25.4019],[80.1966,25.3812],[80.1821,25.3768],[80.169,25.3769],[80.1672,25.3639],[80.1496,25.3577],[80.1418,25.3507],[80.1311,25.3342],[80.089,25.3558],[80.0819,25.3444],[80.0727,25.3368],[80.0557,25.34],[80.0422,25.3381],[80.0343,25.3421],[80.0196,25.3246],[80.0243,25.3118],[80.0221,25.2976],[80.0119,25.2954],[79.999,25.2862],[80.0033,25.2671],[79.9867,25.2674],[79.9808,25.2618],[79.9712,25.266],[79.9547,25.2648],[79.9483,25.2687],[79.9396,25.2594],[79.9366,25.2475],[79.9276,25.2496],[79.9165,25.2446],[79.9075,25.2509],[79.9021,25.2408],[79.8929,25.2415],[79.8772,25.2509],[79.8645,25.2364],[79.8514,25.2356],[79.8513,25.2275],[79.8677,25.2171],[79.8568,25.1974],[79.8651,25.188],[79.8631,25.1771],[79.8701,25.1723],[79.8658,25.1621],[79.8661,25.1411],[79.8516,25.1286],[79.848,25.1105],[79.8576,25.0963],[79.8438,25.0944],[79.8287,25.0993],[79.8258,25.1071],[79.8057,25.1126],[79.7726,25.1251],[79.762,25.1343],[79.747,25.1393],[79.7356,25.1313],[79.7117,25.1288],[79.6843,25.1353],[79.6758,25.1237],[79.6597,25.125],[79.649,25.1298],[79.6415,25.1269],[79.6243,25.1388],[79.6083,25.1281],[79.5909,25.1482],[79.5815,25.1511],[79.5692,25.1718],[79.5613,25.1704],[79.5516,25.1609],[79.546,25.1482],[79.5354,25.1423],[79.5187,25.1199],[79.525,25.0974],[79.5035,25.0937],[79.5001,25.0835],[79.4827,25.0797],[79.472,25.0878],[79.4651,25.088],[79.4738,25.1196],[79.4597,25.1198],[79.4523,25.1088],[79.4413,25.103],[79.4263,25.1191],[79.4196,25.1111],[79.4053,25.1062],[79.3933,25.1172],[79.3962,25.1284],[79.3909,25.1391],[79.3842,25.1427],[79.3903,25.1701],[79.4118,25.1826],[79.4125,25.1982],[79.4212,25.2004],[79.4382,25.1968],[79.449,25.2149],[79.4328,25.2206],[79.447,25.2445],[79.4562,25.2475],[79.4622,25.2564],[79.4819,25.2686],[79.4793,25.2784],[79.4684,25.2831],[79.4587,25.28],[79.4629,25.2716],[79.4367,25.2547],[79.4087,25.2561],[79.4082,25.2733],[79.3946,25.2828],[79.3686,25.2924],[79.3673,25.2811],[79.3739,25.2725],[79.3699,25.26],[79.3583,25.2635],[79.357,25.2819],[79.3361,25.2881],[79.3463,25.3046],[79.3397,25.3112],[79.3421,25.329],[79.3261,25.3349],[79.3083,25.3341],[79.2998,25.3377],[79.295,25.323],[79.2783,25.3202],[79.269,25.3051],[79.268,25.2874],[79.2628,25.2734],[79.2695,25.2633],[79.2807,25.2617],[79.2987,25.2799],[79.3104,25.2601],[79.3165,25.256],[79.3296,25.2577],[79.3344,25.2686],[79.3497,25.2641],[79.345,25.2508],[79.3447,25.2173],[79.3493,25.2065],[79.3389,25.1992],[79.3283,25.2098],[79.3247,25.2184],[79.307,25.2249],[79.3081,25.232],[79.2995,25.2398],[79.2822,25.2411],[79.2862,25.2264],[79.2818,25.2053],[79.2847,25.1911],[79.2922,25.1842],[79.3085,25.1982],[79.3087,25.1791],[79.314,25.1615],[79.3232,25.1498],[79.3153,25.1471],[79.3136,25.1361],[79.307,25.1293],[79.2959,25.132],[79.2881,25.1281],[79.2824,25.1173],[79.267,25.1215],[79.2642,25.1283],[79.2647,25.1522],[79.2466,25.1352],[79.2404,25.1131],[79.2274,25.1218],[79.2171,25.1107],[79.2136,25.1207],[79.2038,25.1259],[79.2043,25.1399],[79.1863,25.1441],[79.1793,25.1408],[79.1746,25.1284],[79.1873,25.1264],[79.186,25.1149],[79.1658,25.1075],[79.1435,25.1151],[79.1402,25.1089],[79.124,25.111],[79.1243,25.1191],[79.1312,25.1283],[79.116,25.1399],[79.1259,25.1613],[79.1131,25.1658],[79.0948,25.176],[79.0903,25.1908],[79.0708,25.1688],[79.0681,25.1502],[79.0511,25.1345],[79.031,25.1384],[79.0346,25.1741],[79.0309,25.1849],[79.0445,25.202],[79.052,25.1877],[79.062,25.1934],[79.0603,25.2013],[79.0636,25.222],[79.0412,25.23],[79.0399,25.2429],[79.0222,25.2413],[79.0179,25.2493],[79.0254,25.2592],[79.0225,25.2686],[79.0132,25.274],[78.9944,25.2732],[78.9802,25.2549],[78.9747,25.2373],[78.9992,25.2315],[79.0058,25.2111],[79.0059,25.195],[78.9932,25.1967],[78.9703,25.2164],[78.9572,25.2176],[78.9343,25.2119],[78.921,25.2007],[78.9094,25.1777],[78.8819,25.1569],[78.8746,25.1721],[78.8717,25.188],[78.883,25.1982],[78.8906,25.2144],[78.8704,25.2264],[78.8727,25.241],[78.881,25.2541],[78.8998,25.2431],[78.9084,25.2565],[78.9123,25.2692],[78.9201,25.2736],[78.9302,25.2688],[78.9376,25.2597],[78.9546,25.2614],[78.9487,25.2742],[78.9555,25.2828],[78.9775,25.2767],[78.9756,25.2881],[78.9639,25.2994],[78.9573,25.3249],[78.9615,25.3435],[78.931,25.3246],[78.9321,25.3362],[78.9209,25.3436],[78.9118,25.3326],[78.8841,25.3441],[78.8808,25.341],[78.8813,25.3249],[78.8676,25.3255],[78.8641,25.3102],[78.8746,25.3083],[78.8718,25.2995],[78.8799,25.2858],[78.8664,25.2799],[78.865,25.2647],[78.8565,25.257],[78.8568,25.2431],[78.8519,25.2302],[78.8428,25.2277],[78.834,25.2502],[78.824,25.2557],[78.8095,25.2705],[78.8237,25.3064],[78.8172,25.3067],[78.8039,25.2922],[78.7977,25.2892],[78.7885,25.3001],[78.7982,25.3139],[78.8193,25.3069],[78.8225,25.3167],[78.8317,25.3211],[78.8426,25.3365],[78.841,25.345],[78.8709,25.3798],[78.8802,25.3859],[78.9138,25.3843],[78.9198,25.397],[78.9487,25.4005],[78.9581,25.3946],[78.9421,25.3829],[78.9383,25.3748],[78.9159,25.3814],[78.9126,25.3771],[78.8991,25.3772],[78.9013,25.3616],[78.9238,25.3578],[78.9284,25.3513],[78.9438,25.3491],[78.9592,25.3715],[78.9734,25.3668],[78.9893,25.374],[78.9875,25.3813],[78.9699,25.3901],[78.9733,25.3942],[78.9709,25.4077],[78.9763,25.42],[78.9697,25.4317],[78.958,25.4403],[78.9468,25.4359],[78.9383,25.4222],[78.933,25.4297],[78.9217,25.4324],[78.9089,25.4424],[78.9252,25.4571],[78.9361,25.4616],[78.9439,25.4829],[78.933,25.4994],[78.935,25.5053],[78.9205,25.5138],[78.9271,25.5248],[78.9364,25.5198],[78.9528,25.5375],[78.9518,25.5488],[78.9394,25.5572],[78.9165,25.5455],[78.8969,25.5551],[78.8841,25.5544],[78.8743,25.5409],[78.8864,25.5324],[78.8844,25.5156],[78.8711,25.5132],[78.8415,25.5125],[78.8328,25.4995],[78.8401,25.4933],[78.8546,25.4897],[78.8662,25.4657],[78.8639,25.4512],[78.8489,25.4373],[78.8481,25.4297],[78.828,25.4282],[78.8215,25.4406],[78.8405,25.4417],[78.8498,25.4491],[78.8354,25.4558],[78.8183,25.4717],[78.8051,25.4753],[78.7967,25.4828],[78.7728,25.4763],[78.7679,25.4694],[78.7476,25.4843],[78.7476,25.4944],[78.738,25.4948],[78.7328,25.4842],[78.7318,25.46],[78.7391,25.4491],[78.7502,25.4485],[78.759,25.4307],[78.7707,25.4228],[78.7851,25.4358],[78.803,25.4371],[78.8214,25.4225],[78.7991,25.4229],[78.7937,25.4168],[78.7825,25.4157],[78.7752,25.4198],[78.7581,25.4154],[78.7483,25.4098],[78.7456,25.3962],[78.7652,25.3909],[78.7585,25.3826],[78.7737,25.3761],[78.7659,25.3692],[78.7746,25.353],[78.7528,25.3459],[78.7267,25.3434],[78.7095,25.3513],[78.7086,25.3621],[78.7153,25.3717],[78.6947,25.3737],[78.6778,25.3806],[78.6627,25.3822],[78.6648,25.3933],[78.6592,25.4089],[78.6679,25.4087],[78.6745,25.3998],[78.7057,25.4204],[78.7115,25.4281],[78.7022,25.4327],[78.6995,25.4399],[78.6891,25.4457],[78.6821,25.4335],[78.6582,25.441],[78.6433,25.4354],[78.6411,25.4298],[78.6448,25.4146],[78.6312,25.3993],[78.6253,25.4017],[78.6231,25.4134],[78.6078,25.4149],[78.602,25.4089],[78.5995,25.3924],[78.5807,25.3864],[78.5672,25.3916],[78.5623,25.3787],[78.5778,25.3817],[78.5872,25.3726],[78.5881,25.3548],[78.585,25.3468],[78.5671,25.3406],[78.56,25.3422],[78.5532,25.353],[78.538,25.3595],[78.5296,25.3534],[78.5379,25.3406],[78.5399,25.3279],[78.5524,25.32],[78.5339,25.3095],[78.533,25.3009],[78.5104,25.2953],[78.5041,25.3001],[78.5024,25.3142],[78.4948,25.3131],[78.4773,25.2891],[78.466,25.2915],[78.4547,25.3012],[78.4403,25.2955],[78.4355,25.2852],[78.4383,25.2746],[78.4498,25.2625],[78.4653,25.2669],[78.5034,25.2896],[78.5125,25.2767],[78.5311,25.2841],[78.5346,25.2681],[78.5608,25.2646],[78.578,25.2527],[78.5681,25.2408],[78.5705,25.2052],[78.5833,25.1873],[78.5967,25.1643],[78.6031,25.1469],[78.6057,25.1089],[78.6019,25.0978],[78.6071,25.0904],[78.6273,25.0869],[78.6323,25.0823],[78.6527,25.0499],[78.6524,25.0286],[78.6457,25.0186],[78.644,24.9843],[78.64,24.972],[78.632,24.9621],[78.6522,24.948],[78.6502,24.9411],[78.6634,24.9384],[78.6672,24.9138],[78.6766,24.8986],[78.6941,24.8942],[78.7103,24.8799],[78.7282,24.8794],[78.7468,24.8652],[78.7533,24.869],[78.7713,24.8574],[78.7735,24.8418],[78.781,24.8197],[78.7899,24.8104],[78.787,24.8013],[78.7743,24.7946],[78.7703,24.7734],[78.7701,24.7577],[78.7764,24.7526],[78.7725,24.744],[78.7742,24.7253],[78.7812,24.7069],[78.7705,24.6911],[78.7641,24.6907],[78.7647,24.6781],[78.7611,24.6702],[78.7465,24.662],[78.7521,24.6279],[78.7511,24.6172],[78.757,24.5989],[78.7838,24.5886],[78.799,24.5944],[78.8034,24.6036],[78.8145,24.601],[78.8348,24.6048],[78.8431,24.6231],[78.8577,24.6176],[78.8662,24.6274],[78.868,24.64],[78.8831,24.6414],[78.8948,24.6259],[78.8993,24.6093],[78.9126,24.6002],[78.9144,24.5847],[78.9248,24.5751],[78.935,24.5608],[78.9464,24.5571],[78.9486,24.5445],[78.9437,24.5345],[78.9514,24.5187],[78.948,24.515],[78.9501,24.5007],[78.9656,24.4979],[78.971,24.49],[78.9635,24.4835],[78.9409,24.4787],[78.9285,24.4814],[78.9342,24.489],[78.9185,24.4951],[78.9123,24.4738],[78.9151,24.4582],[78.9283,24.4602],[78.9412,24.452],[78.9474,24.4366],[78.9858,24.4417],[78.9936,24.4227],[78.984,24.4103],[78.9844,24.4048],[78.9698,24.3691],[78.9715,24.3476],[78.963,24.3442],[78.9412,24.3153],[78.9096,24.2961],[78.9183,24.2838],[78.9167,24.269],[78.9043,24.2638],[78.8846,24.2505],[78.888,24.227],[78.8802,24.2157],[78.8604,24.2092],[78.8471,24.2139],[78.8291,24.1969],[78.8216,24.2043],[78.8129,24.2032],[78.8123,24.1807],[78.7894,24.1771],[78.7829,24.1891],[78.7811,24.206],[78.7674,24.2202],[78.7645,24.2321],[78.7682,24.2519],[78.7486,24.233],[78.739,24.2381],[78.7413,24.2473],[78.7279,24.2482],[78.7256,24.2364],[78.7087,24.2343],[78.7031,24.2269],[78.683,24.238],[78.6686,24.24],[78.6602,24.2674],[78.6489,24.272],[78.639,24.2837],[78.6242,24.2871],[78.62,24.2929],[78.6289,24.3015],[78.6193,24.3103],[78.6096,24.3085],[78.6032,24.3154],[78.5961,24.3351],[78.5843,24.3463],[78.5861,24.3537],[78.5717,24.3526],[78.5595,24.3567],[78.5384,24.3679],[78.5299,24.3681],[78.5268,24.3819],[78.5186,24.3878],[78.502,24.3903],[78.4777,24.3613],[78.4742,24.3478],[78.478,24.339],[78.4558,24.3244],[78.444,24.3195],[78.4385,24.3123],[78.4402,24.2966],[78.4311,24.284],[78.4182,24.2847],[78.414,24.273],[78.395,24.269],[78.3819,24.2731],[78.3763,24.2848],[78.3582,24.2923],[78.3479,24.2995],[78.3459,24.3135],[78.3297,24.3257],[78.3313,24.3343],[78.3433,24.3446],[78.3574,24.3667],[78.3699,24.3768],[78.3658,24.386],[78.3489,24.3874],[78.3386,24.4036],[78.3238,24.4077],[78.3006,24.4275],[78.2707,24.4462],[78.2642,24.4557],[78.2752,24.4699],[78.2711,24.4774],[78.2496,24.4836],[78.2448,24.4874],[78.2475,24.4995],[78.2444,24.5114],[78.226,24.5198],[78.2266,24.5339],[78.2446,24.5446],[78.2645,24.5522],[78.2648,24.5669],[78.2725,24.5785],[78.2733,24.5957],[78.2773,24.6176],[78.2667,24.6289],[78.2625,24.6427],[78.2638,24.6507],[78.2768,24.6619],[78.2662,24.6775],[78.258,24.7032],[78.2324,24.736],[78.2256,24.753],[78.2357,24.7717],[78.2167,24.8086],[78.204,24.8244],[78.1993,24.8378],[78.1935,24.8425],[78.1733,24.8467],[78.1689,24.8678],[78.1723,24.8778],[78.1902,24.8875],[78.2106,24.8948],[78.2224,24.914],[78.2506,24.9306],[78.2667,24.9419],[78.28,24.9565],[78.2984,24.9665],[78.3186,24.9908],[78.334,24.9949],[78.345,25.0114],[78.3472,25.0245],[78.3402,25.0403],[78.3354,25.0676],[78.3395,25.0872],[78.3861,25.1038],[78.3997,25.1241],[78.4112,25.1295],[78.4344,25.1201],[78.4468,25.1218],[78.4427,25.1304],[78.4267,25.1468],[78.4321,25.1552],[78.4483,25.153],[78.4534,25.1684],[78.4434,25.1655],[78.4234,25.1693],[78.4166,25.1835],[78.3953,25.1879],[78.3941,25.198],[78.3983,25.2075],[78.4109,25.2127],[78.3821,25.2226],[78.3773,25.2274],[78.3785,25.2387],[78.3677,25.2368],[78.3598,25.2422],[78.3725,25.2599],[78.3619,25.2715],[78.3501,25.2773],[78.3549,25.291],[78.3386,25.2919],[78.3117,25.3033],[78.3158,25.3096],[78.3337,25.3226],[78.3373,25.3364],[78.3279,25.3523],[78.301,25.362],[78.3083,25.3809],[78.3168,25.3787],[78.3224,25.3874],[78.3306,25.3903],[78.3411,25.4008],[78.3388,25.407],[78.3429,25.4206],[78.3394,25.4264],[78.347,25.4353],[78.3544,25.4518],[78.3595,25.452],[78.3691,25.4386],[78.395,25.4442],[78.3983,25.4598],[78.404,25.4671],[78.4196,25.476],[78.4313,25.4736],[78.4287,25.4879],[78.417,25.5015],[78.4201,25.5167],[78.4195,25.5335],[78.4283,25.5504],[78.4443,25.5634],[78.4539,25.5493],[78.4647,25.5455],[78.4666,25.5588],[78.4938,25.5786],[78.5245,25.5669],[78.532,25.5716],[78.5447,25.5616],[78.561,25.5593],[78.5692,25.5646],[78.5868,25.5569],[78.5979,25.5705],[78.6117,25.5699],[78.616,25.5835],[78.6308,25.5789],[78.6242,25.5674],[78.6463,25.5607],[78.6583,25.5599],[78.6676,25.5748],[78.6789,25.5853],[78.6951,25.5878],[78.7002,25.5951],[78.7162,25.6045],[78.7325,25.6058],[78.7407,25.597],[78.7493,25.5989],[78.7561,25.6067],[78.774,25.612],[78.7904,25.6118],[78.8105,25.6194],[78.8115,25.6309],[78.8168,25.6372],[78.8197,25.6519],[78.8158,25.6641],[78.8167,25.6763],[78.8069,25.6844],[78.8,25.7029],[78.7836,25.7087],[78.7721,25.7179],[78.7633,25.7199],[78.7561,25.7294],[78.7528,25.7503],[78.7588,25.7545],[78.7713,25.7497],[78.7758,25.7598],[78.786,25.7692],[78.8083,25.8009],[78.8287,25.7956],[78.8328,25.8096],[78.8197,25.816],[78.8141,25.8071],[78.8055,25.8136],[78.8182,25.8291],[78.8454,25.8215],[78.8514,25.8384],[78.8506,25.8522],[78.8646,25.8716],[78.8774,25.8748],[78.8873,25.8686],[78.8919,25.8803],[78.8881,25.8859],[78.8917,25.897],[78.8842,25.913],[78.8986,25.9179],[78.9082,25.9345],[78.9333,25.9485],[78.9378,25.9738],[78.9525,25.988],[78.9552,25.9983],[78.9447,26.0068],[78.9534,26.015],[78.9479,26.0263],[78.9605,26.0349],[78.9697,26.0458],[78.9862,26.0537],[78.9895,26.0671],[79.0027,26.0667],[79.0126,26.0899],[79.0013,26.0906],[78.9756,26.1052],[78.9769,26.116],[78.9521,26.1293],[78.9629,26.1365],[78.9644,26.1485],[78.98,26.1511],[78.9943,26.1462],[79.0082,26.1561],[79.0051,26.168],[78.9954,26.1727],[78.983,26.1843],[78.9974,26.1985],[79.0066,26.1917],[79.0198,26.1921],[79.0248,26.2084],[79.0252,26.2207],[79.0136,26.2255],[78.9966,26.228],[78.9894,26.235],[79.0037,26.2444],[79.0182,26.2477],[79.0307,26.2393],[79.0352,26.2257],[79.0446,26.2242],[79.0653,26.2298],[79.0644,26.2493],[79.0524,26.2515],[79.0515,26.2584],[79.0621,26.2736],[79.0836,26.2799],[79.0965,26.2938],[79.1019,26.3069],[79.1174,26.3048],[79.1249,26.3116],[79.1155,26.3205],[79.135,26.3248],[79.1322,26.3372],[79.1205,26.3483],[79.1048,26.3495],[79.0979,26.3555],[79.0845,26.3581],[79.0873,26.3685],[79.0964,26.3724],[79.0968,26.381],[79.0891,26.3963],[79.0914,26.4046],[79.1144,26.4077],[79.1237,26.4116],[79.1295,26.4404],[79.1214,26.4471],[79.1079,26.4481],[79.0997,26.4526],[79.0907,26.4442],[79.0696,26.4419],[79.0627,26.4532],[79.0526,26.4537],[79.0717,26.4789],[79.0679,26.4969],[79.0563,26.4951],[79.0534,26.503],[79.0383,26.5185],[79.0402,26.5287],[79.0189,26.541],[79.0069,26.5583],[79.0072,26.5655],[79.0002,26.5784],[78.9911,26.5774],[78.9876,26.5931],[79.0165,26.6007],[79.0084,26.6238],[78.9938,26.6405],[79.0091,26.6678],[78.9933,26.6773],[78.9723,26.6721],[78.9503,26.6541],[78.9425,26.6582],[78.9478,26.6736],[78.9575,26.6828],[78.9556,26.6918],[78.937,26.697],[78.9151,26.7062],[78.9062,26.7061],[78.8932,26.6975],[78.8694,26.6994],[78.8591,26.7087],[78.8291,26.7429],[78.8159,26.7624],[78.8033,26.7659],[78.7864,26.7646],[78.7719,26.7701],[78.7516,26.7869],[78.7454,26.7855],[78.7365,26.7745],[78.7258,26.7795],[78.7294,26.7922],[78.7215,26.7964],[78.6987,26.7926],[78.6806,26.7859],[78.6745,26.7657],[78.6615,26.7638],[78.63,26.7732],[78.6203,26.7668],[78.613,26.752],[78.5932,26.7522],[78.5775,26.7485],[78.5646,26.7616],[78.5445,26.7639],[78.5191,26.7809],[78.4916,26.7822],[78.4808,26.7865],[78.4596,26.7883],[78.4492,26.8022],[78.4406,26.8188],[78.4269,26.8256],[78.3952,26.8171],[78.3783,26.8444],[78.3748,26.8597],[78.3615,26.8691],[78.3501,26.8681],[78.3317,26.8614],[78.307,26.8626],[78.2835,26.8545],[78.273,26.8405],[78.2749,26.8235],[78.2711,26.8142],[78.2519,26.8171],[78.2357,26.8278],[78.223,26.8306],[78.2009,26.8217],[78.1763,26.8258],[78.1692,26.8215],[78.1689,26.8126],[78.179,26.8056],[78.1868,26.7951],[78.1836,26.7838],[78.1551,26.7841],[78.1353,26.7945],[78.1165,26.7966],[78.1061,26.79],[78.101,26.7744],[78.1047,26.7608],[78.1172,26.757],[78.1238,26.7503],[78.1173,26.7416],[78.1008,26.7365],[78.0928,26.7201],[78.0956,26.6952],[78.0952,26.6793],[78.0897,26.6745],[78.0744,26.6706],[78.06,26.6817],[78.0318,26.6864],[78.018,26.6926],[77.9975,26.694],[77.9846,26.6748],[77.9536,26.6592],[77.9149,26.6612],[77.8984,26.6555],[77.8967,26.6175],[77.8902,26.6131],[77.8555,26.6136],[77.8358,26.6063],[77.8273,26.596],[77.8357,26.5779],[77.8325,26.5615],[77.8255,26.5522],[77.8129,26.5472],[77.7834,26.5521],[77.7679,26.5475],[77.758,26.5401],[77.7471,26.5393],[77.7388,26.5295],[77.7352,26.514],[77.7225,26.5],[77.7127,26.4982],[77.6755,26.503],[77.6599,26.4911],[77.6361,26.4807],[77.6149,26.4536],[77.5886,26.4464],[77.5704,26.4361],[77.5621,26.4368],[77.5476,26.4178],[77.5384,26.4113],[77.5235,26.4073],[77.4879,26.4109],[77.4643,26.4046],[77.4395,26.4039],[77.4353,26.3934],[77.4485,26.3678],[77.4443,26.3616],[77.4178,26.3638],[77.3978,26.361],[77.3898,26.3567],[77.3765,26.3653],[77.3674,26.3638],[77.3556,26.355],[77.3425,26.3522],[77.3209,26.3334],[77.3167,26.3118],[77.2981,26.2908],[77.2706,26.2673],[77.2518,26.2598],[77.2039,26.23],[77.1784,26.2386],[77.1697,26.2332],[77.1351,26.2334],[77.1163,26.2203],[77.1119,26.202],[77.1004,26.1859],[77.0821,26.1792],[77.0555,26.1798],[77.0324,26.1729],[77.0084,26.1532],[77.0015,26.1416],[76.999,26.1301],[76.9777,26.125],[76.9481,26.1028],[76.916,26.0985],[76.9018,26.0935],[76.8978,26.0744],[76.8897,26.0629],[76.8861,26.0492],[76.8674,26.0333],[76.8571,26.0349],[76.84,26.0261],[76.8255,26.0062],[76.8134,25.9977],[76.8023,25.9773],[76.8082,25.9718],[76.8051,25.9609],[76.791,25.9431],[76.7795,25.9386],[76.7509,25.9413],[76.748,25.9322],[76.7572,25.9268],[76.751,25.9164],[76.7308,25.9054],[76.7064,25.9001],[76.6873,25.9074],[76.6711,25.9102],[76.6431,25.9083],[76.6318,25.9],[76.6239,25.8713],[76.6152,25.868],[76.5914,25.8755],[76.5781,25.8655],[76.5548,25.8325],[76.5305,25.8119],[76.5207,25.7925],[76.5156,25.7773],[76.5172,25.754],[76.5234,25.7392],[76.5205,25.7273],[76.5012,25.7283],[76.4752,25.7128],[76.4719,25.7038],[76.4816,25.6823],[76.5032,25.6729],[76.5033,25.6627],[76.4977,25.6513],[76.4989,25.6375],[76.5106,25.629],[76.5139,25.6042],[76.5056,25.5803],[76.5202,25.5459],[76.5163,25.5282],[76.5279,25.5152],[76.5371,25.5112],[76.5402,25.5019],[76.5546,25.4838],[76.5582,25.4725],[76.5553,25.4534],[76.5683,25.44],[76.5826,25.4367],[76.5884,25.4305],[76.5988,25.4027],[76.5981,25.3939],[76.6108,25.3892],[76.6177,25.38],[76.6293,25.3779],[76.6363,25.3838],[76.6495,25.3721],[76.6495,25.3669],[76.6672,25.3557],[76.6726,25.348],[76.6891,25.3522],[76.7007,25.3514],[76.7111,25.346],[76.7289,25.3288],[76.7406,25.3276],[76.7805,25.3158],[76.8001,25.3197],[76.8202,25.3261],[76.8387,25.3262],[76.8572,25.3327],[76.8812,25.3242],[76.902,25.3235],[76.9295,25.3029],[76.93,25.2828],[76.9578,25.2843],[76.9598,25.2967],[76.9736,25.3003],[76.98,25.298],[77.0246,25.2966],[77.0314,25.2945],[77.04,25.306],[77.0457,25.3194],[77.0573,25.316],[77.07,25.3187],[77.0835,25.3367],[77.1085,25.3309],[77.1252,25.3305],[77.1351,25.3208],[77.1439,25.3207],[77.1635,25.3086],[77.1804,25.3115],[77.2092,25.3062],[77.2065,25.3271],[77.2344,25.3337],[77.2256,25.3423],[77.2299,25.3625],[77.2279,25.3685],[77.2342,25.3789],[77.245,25.3788],[77.2508,25.3877],[77.2657,25.3947],[77.2788,25.4101],[77.2943,25.4244],[77.3124,25.4314],[77.3311,25.4274],[77.3492,25.4162],[77.3615,25.4185],[77.3709,25.4084],[77.3578,25.3988],[77.3502,25.3822],[77.3509,25.3716],[77.3599,25.3691],[77.3618,25.3572],[77.3497,25.3289],[77.3533,25.3205],[77.3674,25.3286],[77.378,25.3155],[77.3814,25.3057],[77.3806,25.2917],[77.3741,25.2745],[77.3622,25.2788],[77.3548,25.2736],[77.3554,25.2633],[77.3694,25.2555],[77.3704,25.2464],[77.3823,25.2456],[77.3996,25.226],[77.4145,25.2204],[77.4184,25.1983],[77.4265,25.188],[77.4094,25.1829],[77.4003,25.1839],[77.4001,25.1661],[77.3951,25.1625],[77.3962,25.1378],[77.3909,25.1226],[77.376,25.1105],[77.3758,25.1048],[77.3576,25.0937],[77.3385,25.0924],[77.31,25.0807],[77.2983,25.0864],[77.2887,25.1064],[77.2727,25.112],[77.2411,25.1071],[77.2166,25.1088],[77.2037,25.1139],[77.1851,25.108],[77.1746,25.1117],[77.1669,25.0849],[77.1416,25.089],[77.1353,25.0868],[77.1228,25.0669],[77.0955,25.0655],[77.0821,25.0582],[77.064,25.0632],[77.0293,25.0655],[77.0108,25.0734],[76.9885,25.0724],[76.9714,25.0618],[76.9659,25.0515],[76.9532,25.0524],[76.9462,25.0469],[76.9251,25.047],[76.9109,25.0429],[76.8874,25.0439],[76.8768,25.0414],[76.8783,25.026],[76.8752,25.0078],[76.8624,25.0025],[76.8678,24.9794],[76.8619,24.9614],[76.8773,24.942],[76.8895,24.9338],[76.8902,24.9195],[76.9097,24.921],[76.923,24.9136],[76.9146,24.8988],[76.9125,24.8882],[76.9336,24.8743],[76.944,24.8735],[76.9418,24.8587],[76.9261,24.847],[76.9179,24.8471],[76.8977,24.8386],[76.8818,24.837],[76.8321,24.8378],[76.8227,24.8354],[76.8121,24.8271],[76.8,24.8247],[76.8026,24.8093],[76.8257,24.7919],[76.8484,24.7661],[76.8502,24.7465],[76.8561,24.7425],[76.8909,24.7468],[76.9014,24.7342],[76.9326,24.7448],[76.9467,24.7588],[76.9635,24.7565],[76.9709,24.739],[76.9762,24.7349],[76.9964,24.7321],[76.9983,24.7182],[77.0135,24.7122],[77.0307,24.7122],[77.0414,24.7001],[77.0418,24.6839],[77.0571,24.6545],[77.0651,24.6438],[77.0683,24.6264],[77.0686,24.6062],[77.0657,24.592],[77.0713,24.5724],[77.0687,24.5573],[77.0597,24.5458],[77.0547,24.5264],[77.0422,24.525],[77.0293,24.5168],[77.029,24.4961],[77.0132,24.4925],[77.0072,24.4763],[76.9986,24.4729],[76.9835,24.4728],[76.9778,24.4612],[76.9431,24.4651],[76.9386,24.4723],[76.926,24.4742],[76.9169,24.4832],[76.9158,24.5042],[76.9207,24.528],[76.9176,24.5434],[76.9017,24.5458],[76.8941,24.5382],[76.8898,24.525],[76.8841,24.5215],[76.8727,24.5277],[76.8767,24.539],[76.8621,24.5484],[76.8383,24.5458],[76.8164,24.5336],[76.8157,24.526],[76.8283,24.5131],[76.8281,24.5037],[76.8465,24.4864],[76.8489,24.4717],[76.8533,24.4669],[76.8521,24.451],[76.8439,24.4502],[76.8413,24.4405],[76.8504,24.4234],[76.8396,24.4131],[76.851,24.383],[76.8518,24.3707],[76.8365,24.3591],[76.8381,24.334],[76.8415,24.3225],[76.852,24.3127],[76.8601,24.2963],[76.8631,24.2731],[76.88,24.2608],[76.8889,24.2448],[76.9118,24.2381],[76.9228,24.2253],[76.9224,24.2116],[76.946,24.206],[76.9471,24.1985],[76.9315,24.1835],[76.9161,24.1877],[76.9144,24.1694],[76.9053,24.1451],[76.9008,24.1272],[76.879,24.1305],[76.88,24.1351],[76.8546,24.1357],[76.8366,24.1268],[76.8334,24.1222],[76.8122,24.1229],[76.802,24.1165],[76.792,24.1221],[76.7884,24.1323],[76.7743,24.1497],[76.7688,24.1604],[76.76,24.1603],[76.7564,24.1691],[76.7261,24.1683],[76.7193,24.1589],[76.7006,24.1677],[76.6865,24.1858],[76.676,24.1909],[76.6779,24.2041],[76.6924,24.2341],[76.7022,24.2414],[76.6974,24.2598],[76.6954,24.2843],[76.6774,24.2695],[76.6648,24.2622],[76.6402,24.2684],[76.629,24.2603],[76.6164,24.2578],[76.6112,24.2383],[76.5957,24.2441],[76.5835,24.2427],[76.595,24.2275],[76.5897,24.217],[76.5704,24.2092],[76.5641,24.1912],[76.5744,24.1868],[76.5742,24.1753],[76.5618,24.1734],[76.5506,24.163],[76.5276,24.157],[76.5151,24.163],[76.5123,24.1687],[76.5087,24.1942],[76.5048,24.2031],[76.4806,24.2079],[76.4705,24.2259],[76.4632,24.2236],[76.4507,24.2092],[76.4304,24.2213],[76.4161,24.2205],[76.4149,24.2005],[76.4101,24.2009],[76.4019,24.2155],[76.3925,24.217],[76.3603,24.2354],[76.3576,24.2397],[76.3398,24.244],[76.3189,24.2449],[76.311,24.2377],[76.2867,24.2283],[76.2856,24.2096],[76.2689,24.2101],[76.2375,24.2186],[76.2248,24.2165],[76.2175,24.2112],[76.2045,24.2172],[76.2064,24.228],[76.2032,24.2416],[76.2019,24.2695],[76.1946,24.2731],[76.2038,24.3038],[76.1966,24.3094],[76.1861,24.3286],[76.1587,24.2828],[76.1422,24.2816],[76.1367,24.2709],[76.1413,24.2673],[76.1483,24.235],[76.146,24.2244],[76.1177,24.1947],[76.1141,24.1626],[76.1244,24.1591],[76.1224,24.1378],[76.1267,24.1325],[76.1311,24.1154],[76.1205,24.1082],[76.1271,24.088],[76.122,24.0845],[76.1005,24.087],[76.076,24.0709],[76.0559,24.0656],[76.0429,24.0661],[76.0305,24.0524],[76.023,24.0487],[76.0214,24.0353],[76.0112,24.0256],[75.9987,24.0207],[75.9783,24.0265],[75.9622,24.0146],[75.967,23.9924],[75.9849,23.9737],[75.9867,23.9605],[75.984,23.95],[75.9871,23.9403],[75.9686,23.9245],[75.9558,23.9211],[75.9375,23.8966],[75.9282,23.899],[75.902,23.8887],[75.8949,23.8893],[75.8877,23.8794],[75.8768,23.88],[75.8706,23.8904],[75.8447,23.8839],[75.8212,23.8736],[75.8189,23.8684],[75.8036,23.8656],[75.7938,23.867],[75.792,23.8586],[75.7833,23.8491],[75.7656,23.8506],[75.7618,23.8659],[75.7646,23.8753],[75.7527,23.8873],[75.7401,23.8894],[75.7353,23.8985],[75.7267,23.8936],[75.7143,23.8936],[75.7059,23.899],[75.7017,23.8728],[75.7102,23.8634],[75.7313,23.8532],[75.7221,23.8359],[75.7241,23.8239],[75.7207,23.8133],[75.6901,23.8129],[75.7018,23.7864],[75.6931,23.7762],[75.6869,23.7553],[75.6794,23.7672],[75.6755,23.7819],[75.6598,23.7842],[75.653,23.797],[75.6273,23.7955],[75.6212,23.8006],[75.607,23.7969],[75.5835,23.7947],[75.5891,23.8096],[75.5809,23.8122],[75.5664,23.8095],[75.5592,23.8186],[75.5624,23.8327],[75.5768,23.8297],[75.5794,23.8388],[75.5657,23.845],[75.5659,23.8534],[75.5529,23.8616],[75.5435,23.8717],[75.5316,23.876],[75.5207,23.8852],[75.504,23.8898],[75.4929,23.9061],[75.4794,23.9111],[75.4655,23.9122],[75.4594,23.9205],[75.4602,23.9323],[75.4655,23.9481],[75.4689,23.9744],[75.5036,24.0048],[75.5211,24.0246],[75.5376,24.0101],[75.549,24.0067],[75.568,24.0064],[75.5729,23.9985],[75.5846,23.9906],[75.5948,23.9943],[75.6324,23.9956],[75.6547,24.0073],[75.6709,24.018],[75.6782,24.0073],[75.6877,24.0053],[75.687,23.9887],[75.6962,23.987],[75.7018,23.9665],[75.729,23.9699],[75.7307,23.9767],[75.7413,23.977],[75.7423,23.9927],[75.7655,23.9927],[75.7749,24.015],[75.7831,24.0218],[75.7821,24.0426],[75.8108,24.0486],[75.8368,24.057],[75.835,24.0917],[75.8166,24.0854],[75.8056,24.0996],[75.7929,24.0918],[75.7829,24.1089],[75.7815,24.1172],[75.7643,24.1212],[75.7613,24.1321],[75.752,24.148],[75.7593,24.1561],[75.7639,24.1745],[75.774,24.1807],[75.7723,24.2001],[75.7784,24.2102],[75.7919,24.2099],[75.8071,24.2173],[75.8099,24.2255],[75.8303,24.2334],[75.8181,24.2387],[75.8116,24.2577],[75.8133,24.2851],[75.8105,24.2961],[75.8019,24.3024],[75.7724,24.2967],[75.7664,24.2981],[75.7609,24.3148],[75.7382,24.3348],[75.7432,24.34],[75.7382,24.354],[75.7401,24.3769],[75.7295,24.3777],[75.7279,24.3964],[75.7497,24.401],[75.7549,24.4077],[75.7558,24.4206],[75.7519,24.4276],[75.7691,24.4369],[75.7845,24.4563],[75.7894,24.4716],[75.8023,24.4687],[75.814,24.4613],[75.8144,24.4505],[75.8098,24.4339],[75.8254,24.4268],[75.8388,24.4141],[75.8512,24.4167],[75.8753,24.4265],[75.8905,24.4394],[75.9004,24.4422],[75.9026,24.4539],[75.9092,24.455],[75.9054,24.4725],[75.9117,24.4909],[75.9031,24.5044],[75.8882,24.5069],[75.8907,24.5186],[75.9016,24.5185],[75.9116,24.5136],[75.9206,24.5214],[75.9235,24.5342],[75.9162,24.5426],[75.9044,24.5463],[75.9061,24.5627],[75.915,24.569],[75.9066,24.5758],[75.8786,24.5834],[75.8724,24.5899],[75.8715,24.6065],[75.8492,24.6108],[75.8417,24.607],[75.8384,24.5976],[75.8252,24.613],[75.8284,24.6203],[75.8422,24.6238],[75.8467,24.6309],[75.8413,24.638],[75.8484,24.6492],[75.8482,24.6632],[75.8388,24.6687],[75.8252,24.6675],[75.8337,24.6881],[75.8376,24.7253],[75.8026,24.7562],[75.7847,24.7617],[75.7707,24.7585],[75.7572,24.7615],[75.7402,24.7549],[75.7155,24.7407],[75.6832,24.7241],[75.6577,24.6934],[75.646,24.6851],[75.6087,24.6818],[75.6007,24.6957],[75.5831,24.7133],[75.5757,24.708],[75.5644,24.708],[75.5496,24.703],[75.5339,24.7123],[75.5059,24.6993],[75.4916,24.6878],[75.4554,24.6806],[75.4294,24.683],[75.3919,24.6905],[75.371,24.6923],[75.3492,24.7008],[75.2846,24.7089],[75.2674,24.7154],[75.2419,24.7135],[75.2284,24.7176],[75.2199,24.7029],[75.2092,24.7176],[75.1975,24.7433],[75.1879,24.7435],[75.1928,24.7737],[75.2017,24.7713],[75.211,24.7977],[75.2201,24.8036],[75.234,24.8026],[75.2504,24.8095],[75.2541,24.8242],[75.2459,24.831],[75.2253,24.8341],[75.2247,24.8437],[75.2405,24.8458],[75.273,24.8427],[75.2899,24.8339],[75.2958,24.8204],[75.2978,24.8071],[75.3064,24.8013],[75.3165,24.8032],[75.3265,24.8176],[75.3446,24.8215],[75.3803,24.8376],[75.3976,24.8418],[75.4197,24.856],[75.4255,24.8682],[75.4259,24.884],[75.4073,24.8847],[75.3736,24.8677],[75.3505,24.8736],[75.3266,24.8748],[75.3182,24.8604],[75.308,24.856],[75.2946,24.8576],[75.2902,24.8662],[75.2744,24.8747],[75.2634,24.8748],[75.2642,24.8954],[75.2729,24.9041],[75.2941,24.9075],[75.2859,24.9243],[75.2773,24.9249],[75.2667,24.9487],[75.2578,24.9532],[75.2611,24.9634],[75.2852,24.9657],[75.2819,24.953],[75.2901,24.9376],[75.305,24.9284],[75.3152,24.896],[75.3203,24.9016],[75.3289,24.9336],[75.3355,24.9437],[75.3371,24.9553],[75.3296,24.9612],[75.327,24.9712],[75.3135,24.9801],[75.3113,24.9922],[75.3178,25.0079],[75.3383,25.0186],[75.3512,25.0189],[75.35,25.0335],[75.3343,25.0411],[75.3254,25.0395],[75.3002,25.0419],[75.2769,25.0385],[75.2676,25.0425],[75.2503,25.0355],[75.2301,25.037],[75.2152,25.0349],[75.2052,25.0388],[75.1925,25.0335],[75.17,25.0489],[75.1654,25.0399],[75.1535,25.0324],[75.1523,25.0207],[75.1614,25.0184],[75.1665,25.0028],[75.1592,25.0015],[75.1515,24.9892],[75.1419,24.9899],[75.1384,24.9798],[75.1268,24.9674],[75.1136,24.9668],[75.1141,24.9364],[75.1182,24.9262],[75.1135,24.9006],[75.1192,24.8824],[75.0984,24.8724],[75.0884,24.8788],[75.0765,24.8806],[75.0483,24.8499],[75.0331,24.8445],[75.0087,24.8564],[74.9855,24.8534],[74.9815,24.8584],[74.9682,24.856],[74.9482,24.8645],[74.9532,24.8805],[74.9325,24.8812],[74.924,24.8779],[74.9106,24.8939],[74.9134,24.9161],[74.9028,24.9299],[74.8921,24.9297],[74.8884,24.9374],[74.8698,24.9249],[74.8597,24.9617],[74.8431,24.969],[74.8336,24.9596],[74.8341,24.9437],[74.8266,24.9338],[74.8259,24.8993],[74.8314,24.8862],[74.8407,24.8852],[74.8447,24.8669],[74.8514,24.8494],[74.8591,24.8384],[74.861,24.8045],[74.838,24.7973],[74.8398,24.7893],[74.8493,24.7759],[74.861,24.779],[74.8609,24.7985],[74.8798,24.7973],[74.8801,24.7901],[74.895,24.7827],[74.907,24.7816],[74.9105,24.7701],[74.9228,24.7714],[74.9305,24.7786],[74.9488,24.7717],[74.9549,24.7729],[74.9725,24.7635],[74.9815,24.7636],[75.0018,24.7744],[75.007,24.7715],[75.0154,24.7401],[75.0153,24.7316],[74.9924,24.7317],[74.9927,24.6927],[74.9989,24.6844],[74.9601,24.6787],[74.9641,24.6711],[74.943,24.6404],[74.9291,24.6356],[74.902,24.6389],[74.89,24.634],[74.8739,24.6491],[74.873,24.6561],[74.8596,24.6777],[74.8362,24.7064],[74.8266,24.7297],[74.8176,24.7454],[74.809,24.7807],[74.7999,24.7791],[74.799,24.7704],[74.8041,24.7352],[74.7802,24.7297],[74.7834,24.7129],[74.7837,24.6916],[74.7777,24.6818],[74.7739,24.6657],[74.7836,24.6575],[74.7976,24.6642],[74.8142,24.6659],[74.8137,24.6516],[74.8062,24.6484],[74.803,24.634],[74.7914,24.6313],[74.7901,24.62],[74.7796,24.6153],[74.7865,24.5858],[74.7784,24.5814],[74.7436,24.5716],[74.7537,24.5538],[74.7558,24.5346],[74.7442,24.5322],[74.7447,24.5134],[74.732,24.5136],[74.7183,24.5084],[74.7122,24.5004],[74.7087,24.4864],[74.7275,24.4888],[74.7317,24.4807],[74.7437,24.4741],[74.7444,24.4685],[74.7649,24.4667],[74.7775,24.4606],[74.7869,24.4722],[74.8063,24.4673],[74.8151,24.4686],[74.8208,24.4567],[74.8137,24.4367],[74.8301,24.4351],[74.8344,24.4431],[74.8555,24.4403],[74.8552,24.4243],[74.8497,24.4222],[74.841,24.409],[74.8253,24.4001],[74.8215,24.3795],[74.8084,24.3769],[74.791,24.3456],[74.7809,24.3385],[74.7789,24.3238],[74.7836,24.3143],[74.7805,24.3059],[74.7817,24.2902],[74.7471,24.2534],[74.7615,24.2413],[74.7775,24.2387],[74.7939,24.2429],[74.8113,24.2442],[74.8236,24.2398],[74.8503,24.2364],[74.8678,24.243],[74.8879,24.2292],[74.8968,24.2271],[74.898,24.2142],[74.9099,24.2099],[74.8985,24.19],[74.8906,24.1879],[74.88,24.1733],[74.8952,24.1592],[74.9019,24.1388],[74.9011,24.1257],[74.9081,24.121],[74.9033,24.1092],[74.918,24.0978],[74.9209,24.0775],[74.9402,24.07],[74.939,24.0544],[74.9602,24.046],[74.9616,24.039],[74.9785,24.0365],[74.9824,24.0257],[74.9654,24.0067],[74.9621,23.9774],[74.9481,23.9631],[74.9288,23.9541],[74.9269,23.9377],[74.9159,23.9303],[74.9187,23.916],[74.9101,23.9045],[74.9078,23.8807],[74.9025,23.8732],[74.9058,23.8481],[74.9137,23.8412],[74.9088,23.8356],[74.9037,23.7942],[74.9243,23.7966],[74.9404,23.7647],[74.9297,23.7504],[74.9318,23.7344],[74.9184,23.7073],[74.9216,23.6948],[74.9088,23.6877],[74.9039,23.6748],[74.9218,23.6664],[74.9239,23.6512],[74.9286,23.6415],[74.9361,23.6397],[74.9365,23.6286],[74.9243,23.62],[74.9149,23.6181],[74.9041,23.6254],[74.8937,23.6093],[74.8822,23.6061],[74.8801,23.5953],[74.87,23.5918],[74.8734,23.5772],[74.857,23.5741],[74.8509,23.559],[74.84,23.5499],[74.8293,23.5507],[74.8224,23.5409],[74.8107,23.5411],[74.8029,23.5325],[74.7941,23.5509],[74.7729,23.544],[74.762,23.5216],[74.7333,23.5205],[74.736,23.511],[74.7319,23.5004],[74.7,23.5039],[74.6867,23.4947],[74.6775,23.4828],[74.6666,23.4785],[74.6519,23.4624],[74.6388,23.4638],[74.6162,23.4599],[74.5997,23.4377],[74.5992,23.4288],[74.575,23.4233],[74.5701,23.414],[74.5731,23.3964],[74.5665,23.386],[74.5689,23.3763],[74.5546,23.3612],[74.5424,23.3647],[74.5382,23.3456],[74.5404,23.3379],[74.5351,23.3308],[74.5142,23.3282],[74.5232,23.3211],[74.5343,23.3006],[74.5394,23.2998],[74.5438,23.2804],[74.5566,23.2784],[74.569,23.2953],[74.5852,23.2795],[74.5987,23.2769],[74.6074,23.2825],[74.6201,23.2768],[74.6269,23.2588],[74.6489,23.256],[74.667,23.269],[74.6781,23.2715],[74.7011,23.2648],[74.6982,23.258],[74.713,23.2504],[74.7151,23.2367],[74.6978,23.2262],[74.6922,23.2189],[74.7021,23.2145],[74.7155,23.2192],[74.7264,23.215],[74.7404,23.2176],[74.7443,23.2114],[74.7249,23.2007],[74.7153,23.1908],[74.6818,23.1939],[74.6714,23.2001],[74.6642,23.1951],[74.6493,23.1752],[74.632,23.1637],[74.6249,23.1617],[74.6184,23.1505],[74.5965,23.1379],[74.5849,23.1396],[74.5767,23.1342],[74.5432,23.1305],[74.5464,23.114],[74.5394,23.1034],[74.5237,23.0962],[74.5132,23.0959],[74.5058,23.0851],[74.4894,23.0875],[74.4641,23.0817],[74.4407,23.0951],[74.4322,23.105],[74.423,23.1041],[74.405,23.1123],[74.3845,23.1111],[74.3564,23.0887],[74.356,23.0799],[74.3415,23.0679],[74.3244,23.0614],[74.3189,23.0588],[74.3221,23.041],[74.3399,23.0327],[74.3465,23.0246],[74.3492,23.0073],[74.3643,22.9814],[74.3507,22.9743],[74.3385,22.9636],[74.3395,22.9528],[74.3556,22.9396],[74.3624,22.9262],[74.3706,22.922],[74.3782,22.9069],[74.3932,22.8968],[74.4037,22.8987],[74.4106,22.912],[74.4184,22.9173],[74.4469,22.9213],[74.4606,22.9079],[74.4635,22.8884],[74.4704,22.8779],[74.4691,22.8685],[74.4766,22.8555],[74.4708,22.8419],[74.4648,22.8164],[74.4501,22.8083],[74.4338,22.808],[74.4378,22.7915],[74.4352,22.7823],[74.4141,22.7437],[74.4018,22.7315],[74.3945,22.7001],[74.395,22.6857],[74.3821,22.6676],[74.3842,22.6474],[74.375,22.6362],[74.3609,22.6338],[74.3391,22.6403],[74.3154,22.6339],[74.2925,22.6381],[74.2769,22.6459],[74.2719,22.6391],[74.2533,22.6341],[74.2538,22.6219],[74.2436,22.6207],[74.2405,22.6118],[74.232,22.6123],[74.2216,22.5832],[74.2112,22.5748],[74.2104,22.565],[74.1905,22.5688],[74.1891,22.5533],[74.1708,22.5473],[74.1504,22.5289],[74.1507,22.5212],[74.1345,22.5197],[74.1089,22.5398],[74.0993,22.5383],[74.0747,22.5513],[74.0542,22.5492],[74.0432,22.5436],[74.0384,22.5347],[74.038,22.5139],[74.0297,22.5077],[74.0335,22.4901],[74.0409,22.489],[74.0533,22.5086],[74.0829,22.5066],[74.0825,22.4846],[74.0742,22.4782],[74.0757,22.4641],[74.0863,22.4699],[74.1044,22.4646],[74.0976,22.4504],[74.1016,22.4354],[74.1194,22.4188],[74.128,22.4222],[74.1282,22.4343],[74.1361,22.4473],[74.1553,22.454],[74.1527,22.4425],[74.1605,22.4311],[74.1696,22.4392],[74.1851,22.4434],[74.1797,22.4619],[74.1878,22.4756],[74.2026,22.4691],[74.2037,22.4461],[74.2008,22.4355],[74.2128,22.4311],[74.2152,22.4413],[74.244,22.4338],[74.2378,22.422],[74.2461,22.4149],[74.2544,22.4216],[74.2704,22.413],[74.2591,22.398],[74.2542,22.3857],[74.2429,22.3824],[74.2433,22.3759],[74.2237,22.3799],[74.2246,22.357],[74.203,22.3641],[74.2027,22.3486],[74.1926,22.3326],[74.1902,22.3202],[74.1423,22.3274],[74.1281,22.333],[74.1255,22.3562],[74.1137,22.3575],[74.1124,22.3668],[74.0959,22.371],[74.0921,22.3608],[74.0718,22.3614],[74.0649,22.3545],[74.0723,22.3432],[74.0715,22.3359],[74.0631,22.327],[74.0631,22.307],[74.0538,22.3037],[74.0524,22.2943],[74.0588,22.2745],[74.0679,22.2652],[74.0745,22.2656],[74.0741,22.238],[74.0693,22.2326],[74.0723,22.219],[74.1062,22.2202],[74.1165,22.2162],[74.1217,22.1941],[74.1183,22.1869],[74.1248,22.1642],[74.1318,22.163],[74.1307,22.1445],[74.1228,22.1356],[74.1285,22.1244],[74.1245,22.098],[74.1285,22.0946],[74.1526,22.1059],[74.1537,22.1004],[74.1692,22.1006],[74.1703,22.0916],[74.1584,22.0699],[74.16,22.0589],[74.1356,22.0528],[74.124,22.0363],[74.1088,22.0221],[74.0948,22.0189],[74.0951,22.0114],[74.1045,21.9984],[74.1187,21.9988],[74.1505,21.9867],[74.1495,21.9747],[74.1404,21.9726],[74.1467,21.9528],[74.1572,21.9507],[74.172,21.9404],[74.1817,21.9293],[74.2052,21.926],[74.2462,21.9307],[74.2623,21.9339],[74.281,21.933],[74.291,21.9428],[74.2938,21.9574],[74.3089,21.9724],[74.3411,21.974],[74.3505,21.978],[74.3631,21.9922],[74.3756,22.0004],[74.3833,22.016],[74.3901,22.0215],[74.4152,22.0249],[74.4317,22.0302],[74.4375,22.0268],[74.4433,22.0122],[74.4384,21.9822],[74.4394,21.9767],[74.4534,21.9619],[74.4642,21.9662],[74.4891,21.9558],[74.5005,21.9392],[74.5127,21.9319],[74.5093,21.9207],[74.524,21.9116],[74.5229,21.8991],[74.5138,21.89],[74.514,21.8627],[74.5101,21.8292],[74.5067,21.8163],[74.5003,21.8068],[74.4992,21.7914],[74.5018,21.7815],[74.5141,21.7659],[74.5088,21.7497],[74.5119,21.7451],[74.5078,21.7273],[74.513,21.7185],[74.5367,21.7173],[74.5478,21.7187],[74.5561,21.7042],[74.5549,21.6907],[74.5627,21.6835],[74.5806,21.6832],[74.5821,21.6649],[74.6167,21.6607],[74.6234,21.6567],[74.6642,21.6523],[74.6749,21.6464],[74.6871,21.6317],[74.7005,21.6274],[74.749,21.6179],[74.775,21.6153],[74.7837,21.6108],[74.8074,21.6141],[74.8154,21.6094],[74.8289,21.6097],[74.8307,21.6173],[74.8402,21.6227],[74.8689,21.6314],[74.9019,21.629],[74.9104,21.6145],[74.9354,21.6059],[74.9793,21.5952],[75.0214,21.5736],[75.02,21.5686],[75.0517,21.5665],[75.0899,21.5153],[75.0887,21.5007],[75.099,21.4849],[75.1077,21.4622],[75.1259,21.4492],[75.1437,21.4416],[75.18,21.4305],[75.2071,21.4128],[75.2215,21.4085],[75.2272,21.4134],[75.239,21.4129],[75.2491,21.4034],[75.2638,21.4073],[75.2826,21.4078],[75.2945,21.4135],[75.3009,21.4104],[75.2984,21.3998],[75.3161,21.3878],[75.3266,21.3908],[75.3516,21.3906],[75.3572,21.4008],[75.366,21.3964],[75.3824,21.3793],[75.3984,21.3798],[75.4082,21.3873],[75.4265,21.3907],[75.4401,21.3842],[75.4466,21.3895],[75.4575,21.3872],[75.4679,21.3902],[75.4757,21.3863],[75.4964,21.3873],[75.5256,21.38],[75.5415,21.3691],[75.5527,21.3753],[75.5668,21.3742],[75.5715,21.3817],[75.6012,21.3872],[75.607,21.3918],[75.6164,21.388],[75.6244,21.3751],[75.6434,21.3757],[75.6578,21.3787],[75.6701,21.3745],[75.6877,21.384],[75.7033,21.388],[75.7157,21.388],[75.716,21.3878],[75.7276,21.3885],[75.7512,21.3846],[75.7543,21.3797],[75.7819,21.3837],[75.8025,21.3845],[75.8131,21.3789],[75.8332,21.3766],[75.8414,21.3845],[75.8617,21.3798],[75.874,21.3925],[75.8903,21.3945],[75.9025,21.3918],[75.9105,21.3824],[75.9287,21.3864],[75.9416,21.3857],[75.9629,21.3896],[75.9866,21.3687],[76.0144,21.3673],[76.0293,21.3649],[76.0478,21.349],[76.0956,21.3711],[76.1159,21.3338],[76.1203,21.3228],[76.1284,21.2866],[76.1428,21.2857],[76.1464,21.2682],[76.1592,21.2535],[76.1514,21.2435],[76.1393,21.2373],[76.1461,21.2276],[76.1653,21.2212],[76.1633,21.2065],[76.1653,21.1903],[76.173,21.1884],[76.1717,21.1665],[76.1652,21.1694],[76.1326,21.1694],[76.1189,21.1716],[76.1102,21.1612],[76.1296,21.1356],[76.1354,21.1207],[76.1523,21.1081],[76.1703,21.1022],[76.1666,21.0789],[76.1798,21.0807],[76.1917,21.0866],[76.2104,21.0872],[76.2212,21.0849],[76.2439,21.0905],[76.2719,21.0888],[76.2789,21.0701],[76.2937,21.0733],[76.3378,21.0712],[76.3485,21.0756],[76.3804,21.0751],[76.3895,21.0857],[76.4124,21.0883],[76.4103,21.1022],[76.4373,21.1001],[76.4404,21.1061],[76.4556,21.1076],[76.4512,21.1203],[76.4572,21.1327],[76.4689,21.1335],[76.4674,21.1436],[76.4782,21.1472],[76.4801,21.182],[76.4931,21.1938],[76.5016,21.1874],[76.509,21.1905],[76.5298,21.1818],[76.5505,21.1915],[76.5608,21.1987],[76.5992,21.1906],[76.6136,21.1931],[76.6232,21.1849],[76.6363,21.2011],[76.634,21.2136],[76.6416,21.237],[76.6494,21.2446],[76.6614,21.2406],[76.6626,21.2804],[76.6215,21.3322],[76.6827,21.3784],[76.7402,21.4113],[76.7378,21.4224],[76.7443,21.4398],[76.7532,21.443],[76.7637,21.4529],[76.7768,21.4574],[76.7858,21.465],[76.788,21.4781],[76.7956,21.4894],[76.7809,21.5055],[76.7728,21.5058],[76.7635,21.5205],[76.779,21.5283],[76.7894,21.5398],[76.7826,21.5486],[76.7811,21.561],[76.7839,21.5741],[76.7994,21.595],[76.8273,21.5883],[76.8401,21.5946],[76.8434,21.606],[76.8549,21.6133],[76.8975,21.5961],[76.909,21.6028],[76.9133,21.6118],[76.9291,21.6245],[76.9429,21.6321],[76.9539,21.6421],[76.9752,21.6533],[77.0084,21.6801],[77.0435,21.6997],[77.0624,21.7071],[77.0698,21.7173],[77.0783,21.7201],[77.0861,21.7144],[77.1296,21.7222],[77.1398,21.7195],[77.1477,21.7125],[77.1651,21.7107],[77.1695,21.7221],[77.1761,21.7257],[77.1915,21.7207],[77.1885,21.7014],[77.2104,21.6896],[77.2277,21.6994],[77.2268,21.7167],[77.26,21.714],[77.2696,21.7274],[77.2869,21.7218],[77.2911,21.7328],[77.2872,21.7447],[77.2799,21.7491],[77.2805,21.7587],[77.2898,21.7602],[77.3014,21.7555],[77.316,21.7564],[77.324,21.7527],[77.3449,21.7576],[77.3589,21.7541],[77.4058,21.7525],[77.4268,21.757],[77.456,21.7601],[77.4787,21.77],[77.4795,21.7541],[77.5007,21.7468],[77.5118,21.7323],[77.5231,21.7238],[77.5248,21.7131],[77.5421,21.7061],[77.5514,21.6808],[77.5618,21.6657],[77.5634,21.6442],[77.5756,21.6208],[77.5726,21.6169],[77.5762,21.5771],[77.5741,21.564],[77.5829,21.5538],[77.5954,21.5594],[77.6086,21.5482],[77.6118,21.5385],[77.595,21.5266],[77.5751,21.5264],[77.5473,21.5367],[77.5372,21.5365],[77.5204,21.5414],[77.5082,21.5509],[77.4719,21.5496],[77.4546,21.5537],[77.4564,21.5462],[77.4493,21.5413],[77.4403,21.5447],[77.4256,21.5378],[77.4224,21.5169],[77.4432,21.4872],[77.4387,21.4786],[77.4417,21.4714],[77.4609,21.4656],[77.4735,21.4542],[77.4717,21.4359],[77.4874,21.406],[77.4874,21.383],[77.4917,21.3741],[77.5021,21.3771],[77.5144,21.3759],[77.5232,21.3889],[77.5314,21.419],[77.5633,21.3932],[77.5564,21.3838],[77.5633,21.3692],[77.5746,21.3699],[77.5872,21.3628],[77.608,21.3653],[77.6033,21.3897],[77.6172,21.3874],[77.6311,21.3887],[77.6545,21.3873],[77.6666,21.3835],[77.6642,21.3745],[77.6773,21.3753],[77.6918,21.3975],[77.697,21.3926],[77.6952,21.3786],[77.7046,21.3768],[77.7099,21.3573],[77.7254,21.3619],[77.7371,21.3622],[77.7467,21.3796],[77.7613,21.385],[77.7703,21.3836],[77.7966,21.389],[77.801,21.4094],[77.8225,21.4072],[77.8568,21.3885],[77.8839,21.3842],[77.8876,21.3779],[77.9019,21.3773],[77.9268,21.3858],[77.9411,21.3857],[77.9425,21.3965],[77.9622,21.4017],[77.981,21.4024],[77.9989,21.4125],[78.0298,21.4214],[78.046,21.4334],[78.0661,21.4374],[78.0843,21.4462],[78.0988,21.4581],[78.1134,21.4629],[78.1361,21.4772],[78.1763,21.4991],[78.1746,21.5074],[78.1827,21.5112],[78.1713,21.525],[78.1756,21.5275],[78.1743,21.5466],[78.182,21.5566],[78.2056,21.5523],[78.2234,21.5526],[78.2397,21.5625],[78.2466,21.5617],[78.2741,21.5696],[78.2603,21.5791],[78.2644,21.5913],[78.2752,21.5918],[78.2812,21.5852],[78.303,21.5837],[78.3041,21.57],[78.3208,21.5718],[78.343,21.5886],[78.3459,21.581],[78.3557,21.573],[78.378,21.5834],[78.3819,21.5917],[78.3727,21.6134],[78.3922,21.614],[78.4166,21.6011],[78.4218,21.5905],[78.4199,21.5733],[78.4282,21.5593],[78.4253,21.5428],[78.4339,21.5356],[78.4324,21.5146],[78.4396,21.5023],[78.4571,21.4959],[78.4609,21.5033],[78.4754,21.5008],[78.487,21.5055],[78.5049,21.5266],[78.5118,21.5285],[78.5303,21.5232],[78.5408,21.5235],[78.56,21.5133],[78.5854,21.4867],[78.6092,21.4887],[78.6202,21.4778],[78.6287,21.4755],[78.6418,21.4849],[78.6707,21.4799],[78.6881,21.4819],[78.7278,21.4623],[78.7334,21.4693],[78.7456,21.4701],[78.7446,21.4785],[78.7509,21.4928],[78.7661,21.4893],[78.7667,21.4827],[78.7759,21.4654],[78.7802,21.4787],[78.7867,21.4792],[78.805,21.4904],[78.8198,21.4871],[78.8298,21.4901],[78.8411,21.4869],[78.8564,21.493],[78.8909,21.4852],[78.8993,21.5005],[78.9248,21.4869],[78.9367,21.4857],[78.9411,21.5112],[78.9367,21.522],[78.9272,21.5222],[78.9253,21.5408],[78.9123,21.5488],[78.9176,21.561],[78.9137,21.5709],[78.9165,21.5909],[78.9333,21.5925],[78.9358,21.5925],[78.9448,21.5928],[78.9649,21.6049],[78.9753,21.6176],[78.9869,21.616],[78.9984,21.619],[79.0028,21.6063],[79.0123,21.5994],[79.0419,21.6046],[79.0634,21.6017],[79.0726,21.605],[79.1028,21.6014],[79.1002,21.6174],[79.112,21.6238],[79.1302,21.6257],[79.1515,21.6403],[79.1631,21.6585],[79.2123,21.6494],[79.2239,21.6486],[79.2312,21.6568],[79.2311,21.6702],[79.2227,21.6758],[79.2212,21.6939],[79.2266,21.7034],[79.2367,21.7118],[79.2312,21.7223],[79.2681,21.7154],[79.2779,21.7094],[79.2805,21.7017],[79.2909,21.6925],[79.3124,21.6881],[79.3463,21.6836],[79.3524,21.6788],[79.3774,21.6779],[79.3911,21.674],[79.4007,21.677],[79.4152,21.6908],[79.428,21.6895],[79.4347,21.6828],[79.4495,21.6818],[79.4607,21.6873],[79.4807,21.6776],[79.4962,21.674],[79.4972,21.6635],[79.5076,21.634],[79.5159,21.631],[79.5165,21.6207],[79.5053,21.6197],[79.5104,21.6064],[79.512,21.584],[79.5291,21.579],[79.5433,21.5668],[79.5384,21.5514],[79.5402,21.5427],[79.5672,21.5474],[79.578,21.5413],[79.6168,21.5568],[79.6395,21.5527],[79.6527,21.556],[79.6589,21.5649],[79.6606,21.5766],[79.6752,21.5822],[79.6915,21.5821],[79.7003,21.5931],[79.7135,21.592],[79.725,21.5958],[79.7334,21.6033],[79.7419,21.603],[79.7543,21.5955],[79.7899,21.5874],[79.8215,21.5615],[79.8312,21.5467],[79.8519,21.5401],[79.8631,21.5308],[79.8822,21.5261],[79.8899,21.5183],[79.897,21.5242],[79.9184,21.5244],[79.9222,21.5417],[79.9298,21.5525],[79.9376,21.5563],[79.9482,21.5541],[79.9715,21.5577],[79.9887,21.5368],[80.0005,21.5336],[80.0314,21.5556],[80.0549,21.5534],[80.0723,21.5567],[80.0902,21.5745],[80.1011,21.5899],[80.1165,21.5938],[80.1186,21.6089],[80.1287,21.6114],[80.1457,21.6055],[80.1546,21.6065],[80.1691,21.6221],[80.185,21.6271],[80.1928,21.6355],[80.212,21.6332],[80.2202,21.6216],[80.2459,21.6204],[80.254,21.6245],[80.2723,21.6135],[80.2796,21.5976],[80.2932,21.594],[80.2952,21.5819],[80.3031,21.5747],[80.3161,21.5773],[80.328,21.5711],[80.3359,21.5563],[80.3308,21.5479],[80.3441,21.5387],[80.356,21.5361],[80.3765,21.5233],[80.3847,21.4976],[80.3848,21.4894],[80.3973,21.4715],[80.4081,21.468],[80.4181,21.4484],[80.417,21.4368],[80.405,21.4252],[80.4086,21.4183],[80.3982,21.4122],[80.3959,21.405],[80.4077,21.3802],[80.4129,21.3763],[80.4461,21.3711],[80.4517,21.3781],[80.4497,21.3873],[80.4611,21.403],[80.4714,21.3957],[80.4838,21.3981],[80.4985,21.3969],[80.5071,21.3913],[80.5191,21.3929],[80.5392,21.3827],[80.5475,21.3712],[80.5704,21.3569],[80.565,21.3499],[80.5895,21.3436],[80.5894,21.3335],[80.5985,21.3277],[80.6107,21.3277],[80.6214,21.3203],[80.6449,21.3279],[80.6519,21.327],[80.66,21.3341],[80.6711,21.3383],[80.6778,21.3494],[80.6802,21.3649],[80.6903,21.3721],[80.7005,21.3966],[80.7002,21.4047],[80.7072,21.4156],[80.7068,21.4331],[80.7244,21.4452],[80.7353,21.4609],[80.7372,21.481],[80.7276,21.4962],[80.7332,21.5007],[80.7307,21.5149],[80.7408,21.5392],[80.7199,21.5565],[80.7287,21.57],[80.7255,21.5801],[80.7171,21.5911],[80.7171,21.6025],[80.7316,21.6261],[80.7283,21.64],[80.7189,21.646],[80.7168,21.6606],[80.7214,21.677],[80.7351,21.7039],[80.7321,21.7137],[80.7338,21.7286],[80.7475,21.7556],[80.7594,21.7592],[80.7723,21.7585],[80.7857,21.7472],[80.7854,21.7403],[80.8039,21.7448],[80.8154,21.7555],[80.8274,21.7802],[80.8255,21.7834],[80.8386,21.8003],[80.8397,21.8187],[80.8446,21.8316],[80.8383,21.8372],[80.8392,21.8482],[80.851,21.8548],[80.8425,21.8642],[80.8439,21.8807],[80.8345,21.8853],[80.8324,21.9086],[80.8466,21.9275],[80.8461,21.9391],[80.8347,21.9547],[80.8517,21.9579],[80.86,21.9715],[80.8632,21.9898],[80.8759,22.0135],[80.8758,22.0386],[80.8968,22.0644],[80.9079,22.1096],[80.9219,22.12],[80.9496,22.1172],[80.957,22.1104],[80.9711,22.0867],[80.9691,22.0588],[80.9809,22.0543],[80.9835,22.0486],[80.9949,22.0508],[81.0086,22.0684],[81.0015,22.0831],[81.0113,22.0955],[80.9916,22.1116],[80.9796,22.1126],[80.9804,22.1266],[80.9938,22.1352],[80.9984,22.1317],[81.0219,22.1328],[81.0222,22.1578],[81.0267,22.1664],[81.0172,22.1796],[81.0168,22.186],[81.0291,22.1917],[81.0304,22.2032],[81.0217,22.2121],[81.0194,22.221],[81.0235,22.2292],[81.0379,22.2339],[81.0484,22.2439],[81.0726,22.2484],[81.0771,22.2402],[81.0895,22.2471],[81.1018,22.2783],[81.1184,22.2905],[81.1186,22.3108],[81.1135,22.3242],[81.1211,22.3412],[81.1131,22.3533],[81.1058,22.3871],[81.1102,22.4164],[81.11,22.4356],[81.1205,22.4458],[81.141,22.4543],[81.1564,22.4564],[81.1607,22.4701],[81.1718,22.4872],[81.1935,22.491],[81.1999,22.4843],[81.2002,22.4628],[81.2077,22.4566],[81.2322,22.4522],[81.2483,22.4588],[81.2619,22.4722],[81.2621,22.4933],[81.2733,22.4932],[81.2813,22.503],[81.2992,22.4907],[81.3073,22.4819],[81.3225,22.4881],[81.3182,22.5019],[81.3185,22.5167],[81.3265,22.5262],[81.3382,22.5204],[81.3613,22.515],[81.3724,22.5148],[81.382,22.5098],[81.3862,22.4986],[81.3841,22.4898],[81.3915,22.4777],[81.3881,22.4592],[81.3964,22.4401],[81.4067,22.441],[81.4229,22.4477],[81.4287,22.4569],[81.4227,22.4715],[81.4278,22.4798],[81.4388,22.4823],[81.463,22.4931],[81.4728,22.4938],[81.4826,22.4885],[81.4894,22.5032],[81.4974,22.5117],[81.4965,22.5193],[81.5093,22.5261],[81.5182,22.5198],[81.5234,22.5322],[81.5327,22.5386],[81.5472,22.5275],[81.563,22.534],[81.5628,22.5475],[81.5675,22.5505],[81.5862,22.5439],[81.605,22.5346],[81.6219,22.538],[81.6287,22.5444],[81.624,22.5559],[81.6534,22.563],[81.66,22.57],[81.6493,22.5847],[81.6465,22.5934],[81.6472,22.6133],[81.6609,22.6193],[81.6624,22.6268],[81.672,22.6326],[81.6833,22.6469],[81.7011,22.6451],[81.7131,22.6481],[81.7227,22.6571],[81.7286,22.6765],[81.743,22.6726],[81.7546,22.6464],[81.7685,22.6643],[81.7716,22.6764],[81.7569,22.7083],[81.7523,22.7267],[81.7548,22.7334],[81.7681,22.7355],[81.7696,22.747],[81.7793,22.7509],[81.7944,22.7665],[81.7836,22.7792],[81.781,22.79],[81.7841,22.7987],[81.7818,22.811],[81.767,22.8344],[81.7772,22.8545],[81.7757,22.8745],[81.8176,22.8823],[81.8334,22.8809],[81.8421,22.8878],[81.8616,22.8893],[81.8695,22.8945],[81.8691,22.9174],[81.8776,22.9102],[81.8904,22.9227],[81.8981,22.926],[81.9189,22.9466],[81.9463,22.9568],[81.9462,22.974],[81.9505,22.983],[81.9391,23.0046],[81.9365,23.0165],[81.9298,23.0206],[81.9215,23.0408],[81.929,23.0508],[81.9295,23.0617],[81.9374,23.0619],[81.9468,23.0691],[81.9695,23.081],[81.9967,23.0846],[82.0082,23.0793],[82.036,23.0811],[82.0553,23.1076],[82.0673,23.1161],[82.1111,23.1094],[82.123,23.1036],[82.1374,23.1123],[82.1371,23.1288],[82.1557,23.1377],[82.1613,23.1432],[82.1603,23.1615],[82.1451,23.1634],[82.1489,23.1758],[82.143,23.1869],[82.1486,23.191],[82.1534,23.2115],[82.1455,23.2266],[82.1534,23.231],[82.1605,23.2471],[82.1664,23.247],[82.1743,23.2687],[82.1929,23.2772],[82.1923,23.2874],[82.1988,23.3122],[82.1917,23.3269],[82.1681,23.3325],[82.1621,23.3429],[82.1464,23.3608],[82.1409,23.3618],[82.1194,23.354],[82.1101,23.3632],[82.1126,23.3864],[82.1015,23.3981],[82.0915,23.3983],[82.0701,23.391],[82.064,23.393],[82.0569,23.377],[82.0334,23.3833],[82.0209,23.3893],[82.0291,23.4002],[82.0324,23.4111],[82.0255,23.4249],[82.0086,23.4122],[81.9992,23.4216],[81.9849,23.4149],[81.9768,23.4247],[81.9817,23.4308],[81.9764,23.4523],[81.9647,23.4657],[81.9545,23.4724],[81.9577,23.5004],[81.9478,23.5011],[81.9233,23.5327],[81.9079,23.5354],[81.9044,23.5296],[81.8812,23.5151],[81.8691,23.513],[81.8637,23.5176],[81.837,23.5109],[81.8211,23.515],[81.8167,23.5414],[81.8095,23.549],[81.7582,23.5499],[81.7528,23.5679],[81.7358,23.5661],[81.7251,23.5567],[81.7216,23.5424],[81.7168,23.5416],[81.6994,23.522],[81.6903,23.5284],[81.6681,23.533],[81.6589,23.529],[81.6624,23.5142],[81.6495,23.4964],[81.6485,23.4897],[81.6394,23.4784],[81.627,23.4821],[81.621,23.5019],[81.612,23.5107],[81.6141,23.5457],[81.61,23.5557],[81.584,23.5536],[81.5767,23.5854],[81.592,23.5965],[81.6031,23.5933],[81.6115,23.6017],[81.6077,23.6127],[81.6142,23.6225],[81.6203,23.6515],[81.6181,23.6624],[81.6425,23.6579],[81.6552,23.6632],[81.6568,23.6834],[81.6841,23.691],[81.685,23.7002],[81.6959,23.7214],[81.6782,23.7403],[81.6865,23.7469],[81.6757,23.7573],[81.652,23.7654],[81.644,23.7731],[81.6497,23.7847],[81.6514,23.7991],[81.6344,23.8357],[81.6159,23.8335],[81.6032,23.8537],[81.6065,23.8623],[81.6166,23.8632],[81.6214,23.8716],[81.6042,23.8818],[81.6116,23.8923],[81.6102,23.9041],[81.6311,23.9058],[81.6385,23.9109],[81.6592,23.9176],[81.6671,23.9254],[81.6731,23.9129],[81.6875,23.9065],[81.6904,23.8848],[81.7017,23.8862],[81.7095,23.8722],[81.707,23.8621],[81.7202,23.8622],[81.732,23.8567],[81.725,23.8447],[81.7516,23.8324],[81.7731,23.8164],[81.7911,23.8094],[81.7959,23.8149],[81.8092,23.8132],[81.815,23.8065],[81.8234,23.8079],[81.8374,23.8208],[81.8631,23.8245],[81.8677,23.8342],[81.8881,23.8356],[81.9045,23.8448],[81.9215,23.8709],[81.9401,23.8674],[81.939,23.8621],[81.9561,23.853],[81.9814,23.8607],[81.9997,23.8629],[82.0092,23.8608],[82.0199,23.8494],[82.0333,23.8472],[82.0447,23.841],[82.04,23.826],[82.0554,23.8202],[82.0817,23.8164],[82.1049,23.8196],[82.1148,23.8179],[82.1215,23.823],[82.144,23.8164],[82.1618,23.8216],[82.1781,23.8212],[82.1808,23.8363],[82.1986,23.849],[82.2082,23.8519],[82.2153,23.8411],[82.2081,23.835],[82.2069,23.8266],[82.2249,23.8205],[82.2277,23.8073],[82.238,23.8057],[82.2517,23.8168],[82.2622,23.8211],[82.2826,23.8166],[82.2961,23.808],[82.3031,23.8127],[82.3161,23.8115],[82.3352,23.8028],[82.3386,23.8084],[82.3497,23.8045],[82.3739,23.812],[82.3906,23.8052],[82.3935,23.7999],[82.4162,23.804],[82.4435,23.8056],[82.4535,23.8129],[82.4708,23.8106],[82.4827,23.802],[82.4891,23.7897],[82.4974,23.7849],[82.5253,23.7841],[82.5381,23.7943],[82.5507,23.7935],[82.5484,23.8086],[82.5388,23.8164],[82.5393,23.8231],[82.5542,23.8262],[82.5647,23.8208],[82.5732,23.8241],[82.5908,23.8221],[82.6044,23.8322],[82.6305,23.8389],[82.6516,23.8555],[82.6597,23.8547],[82.6684,23.8718],[82.6512,23.8868],[82.6616,23.9077],[82.6731,23.9061],[82.6836,23.9102],[82.6889,23.9207],[82.6989,23.925],[82.715,23.9214],[82.7524,23.9198],[82.7555,23.9338],[82.7782,23.9372],[82.7986,23.9512],[82.8017,23.9617],[82.8103,23.9629]],[[79.396,25.0322],[79.3942,25.0357],[79.3738,25.0453],[79.3561,25.0405],[79.3638,25.0596],[79.379,25.0644],[79.3781,25.0838],[79.3738,25.0918],[79.3739,25.1041],[79.3619,25.1062],[79.3522,25.1199],[79.3603,25.1443],[79.3732,25.1402],[79.3646,25.1281],[79.3809,25.1224],[79.3813,25.1071],[79.3894,25.0918],[79.4054,25.0758],[79.4074,25.0648],[79.4259,25.0586],[79.4239,25.045],[79.4092,25.0338],[79.396,25.0322]],[[79.3654,25.1711],[79.3545,25.1759],[79.36,25.1884],[79.3722,25.1794],[79.3654,25.1711]]]},"properties":{"ST_NM":"Madhya Pradesh"}},
{"type":"Feature","geometry":{"type":"MultiPolygon","coordinates":[[[[93.8372,7.2402],[93.8264,7.2432],[93.8202,7.2372],[93.8077,7.2373],[93.7981,7.228],[93.7968,7.2139],[93.781,7.2148],[93.7666,7.2079],[93.7405,7.2091],[93.7225,7.1893],[93.7078,7.1887],[93.705,7.1929],[93.6879,7.1895],[93.6803,7.1933],[93.6635,7.1778],[93.6633,7.1643],[93.6678,7.154],[93.6656,7.1418],[93.6563,7.1403],[93.6536,7.1313],[93.6463,7.1305],[93.6458,7.1183],[93.6565,7.1193],[93.6646,7.1153],[93.6476,7.094],[93.6603,7.0798],[93.6542,7.0727],[93.6608,7.0657],[93.6567,7.0484],[93.6655,7.0373],[93.6614,7.0294],[93.663,7.0197],[93.6599,7.0038],[93.6654,7.0037],[93.6704,7.0177],[93.6777,7.0189],[93.6943,7.0132],[93.6987,6.9994],[93.7037,6.9949],[93.7181,6.9913],[93.7256,6.9779],[93.7237,6.9714],[93.7282,6.9605],[93.7372,6.9644],[93.7413,6.9561],[93.7443,6.9385],[93.742,6.9288],[93.7337,6.9267],[93.7442,6.9076],[93.7553,6.9081],[93.7696,6.891],[93.7682,6.8699],[93.7654,6.8653],[93.7726,6.8558],[93.7827,6.8549],[93.7859,6.8449],[93.7796,6.835],[93.7972,6.8107],[93.8021,6.8207],[93.8092,6.809],[93.803,6.7961],[93.8026,6.7854],[93.807,6.776],[93.8013,6.7631],[93.8135,6.7567],[93.829,6.7551],[93.8334,6.7691],[93.8404,6.778],[93.8431,6.79],[93.8404,6.801],[93.8455,6.817],[93.8603,6.8163],[93.8747,6.8019],[93.892,6.8067],[93.8955,6.8206],[93.904,6.8352],[93.8875,6.8459],[93.8866,6.8642],[93.8953,6.8787],[93.8898,6.8934],[93.8899,6.9024],[93.9019,6.9055],[93.9085,6.913],[93.9029,6.9277],[93.9107,6.9336],[93.9113,6.9441],[93.9215,6.9547],[93.9326,6.9501],[93.9394,6.9582],[93.931,6.9623],[93.9232,6.973],[93.9223,6.9867],[93.9095,6.994],[93.9117,7.0061],[93.9253,7.0095],[93.9283,7.0003],[93.9395,6.9928],[93.9409,7.0082],[93.9331,7.0111],[93.9234,7.0277],[93.9163,7.0236],[93.9072,7.0404],[93.9113,7.0457],[93.8976,7.0806],[93.8872,7.0826],[93.88,7.0911],[93.876,7.106],[93.8809,7.1225],[93.8739,7.1408],[93.8764,7.1543],[93.8674,7.1747],[93.8711,7.1865],[93.864,7.2054],[93.8556,7.2186],[93.8393,7.2158],[93.8309,7.2274],[93.8372,7.2402]]],[[[93.7,7.4457],[93.6934,7.4469],[93.6975,7.4217],[93.694,7.4079],[93.7037,7.4032],[93.706,7.3844],[93.6971,7.3857],[93.6958,7.3962],[93.6788,7.3936],[93.6711,7.3895],[93.6684,7.3791],[93.6587,7.3741],[93.6502,7.3829],[93.6368,7.3706],[93.6284,7.376],[93.6204,7.3724],[93.6191,7.3627],[93.6246,7.3232],[93.6087,7.3115],[93.617,7.3062],[93.6227,7.2894],[93.6221,7.2758],[93.617,7.27],[93.636,7.2444],[93.6419,7.2462],[93.6578,7.261],[93.6673,7.2869],[93.6748,7.2935],[93.6864,7.2968],[93.694,7.306],[93.7131,7.3122],[93.7234,7.3315],[93.7294,7.3493],[93.7422,7.3616],[93.7432,7.3771],[93.7124,7.3992],[93.7087,7.4047],[93.7079,7.4317],[93.7,7.4457]]],[[[93.3713,8.0219],[93.3609,8.0211],[93.3562,8.0143],[93.3451,8.0092],[93.3394,8.0175],[93.324,8.0108],[93.3122,7.9915],[93.3143,7.9786],[93.301,7.9613],[93.3127,7.9291],[93.3204,7.9255],[93.3289,7.9476],[93.3417,7.9603],[93.3534,7.9482],[93.3534,7.9346],[93.3444,7.93],[93.3332,7.9182],[93.3357,7.9008],[93.3436,7.8919],[93.3679,7.8837],[93.382,7.893],[93.3865,7.9025],[93.4159,7.9079],[93.4322,7.8998],[93.4419,7.8846],[93.4435,7.8752],[93.451,7.8738],[93.4603,7.8848],[93.464,7.894],[93.4548,7.9176],[93.451,7.9366],[93.4257,7.9569],[93.4225,7.9668],[93.4134,7.961],[93.4043,7.9606],[93.3928,7.9736],[93.395,7.9836],[93.3915,7.9933],[93.3976,8.007],[93.3898,8.0172],[93.3713,8.0219]]],[[[93.5367,8.0283],[93.5443,7.9912],[93.5377,7.9961],[93.5291,8.0143],[93.5182,8.0206],[93.5178,8.0058],[93.5124,7.9932],[93.496,7.9955],[93.4985,7.9861],[93.5148,7.9705],[93.544,7.9505],[93.5601,7.9346],[93.5709,7.9404],[93.5729,7.9733],[93.5696,7.9982],[93.5564,8.0165],[93.5544,8.025],[93.5367,8.0283]]],[[[93.5701,8.1274],[93.5694,8.1115],[93.5603,8.0974],[93.5779,8.0744],[93.5646,8.0743],[93.565,8.0628],[93.5835,8.0401],[93.5898,8.0457],[93.587,8.0608],[93.5803,8.0727],[93.5808,8.0958],[93.5779,8.1144],[93.5701,8.1274]]],[[[93.1168,8.3566],[93.1027,8.3481],[93.0969,8.3506],[93.0853,8.34],[93.0848,8.3258],[93.0759,8.3068],[93.074,8.297],[93.0751,8.2785],[93.0895,8.2561],[93.094,8.2451],[93.1119,8.2254],[93.1216,8.2219],[93.1558,8.2029],[93.1621,8.2034],[93.1792,8.1961],[93.1906,8.1974],[93.1947,8.2144],[93.1844,8.2258],[93.1744,8.2289],[93.1475,8.2421],[93.1262,8.2625],[93.1165,8.2761],[93.1159,8.2862],[93.1227,8.3035],[93.1212,8.3125],[93.1296,8.3284],[93.1322,8.3486],[93.1218,8.3487],[93.1168,8.3566]]],[[[93.2292,8.2616],[93.2189,8.264],[93.2121,8.2581],[93.2105,8.2495],[93.2153,8.239],[93.2289,8.2247],[93.2402,8.2282],[93.2393,8.2421],[93.2292,8.2616]]],[[[93.048,8.4416],[93.0458,8.4629],[93.0344,8.4723],[93.0256,8.4541],[93.0343,8.4429],[93.048,8.4416]]],[[[93.6076,8.572],[93.6014,8.5622],[93.601,8.5456],[93.6123,8.5269],[93.6164,8.5092],[93.6144,8.4992],[93.6199,8.489],[93.6098,8.4819],[93.6145,8.4648],[93.6221,8.4733],[93.6317,8.4694],[93.6289,8.485],[93.6217,8.5072],[93.6275,8.5136],[93.6256,8.5246],[93.6147,8.5295],[93.6084,8.5486],[93.6105,8.5666],[93.6076,8.572]]],[[[92.7924,9.2387],[92.7792,9.251],[92.772,9.2317],[92.7636,9.217],[92.7494,9.2169],[92.7279,9.2205],[92.7203,9.2186],[92.7174,9.2095],[92.7183,9.174],[92.7159,9.1556],[92.7175,9.1476],[92.7291,9.1264],[92.7681,9.1298],[92.7855,9.1211],[92.8004,9.1233],[92.8091,9.1289],[92.8141,9.1374],[92.8266,9.1411],[92.8252,9.1528],[92.8286,9.1701],[92.8221,9.1817],[92.8232,9.1907],[92.8172,9.2111],[92.8126,9.2191],[92.7924,9.2387]]],[[[92.5206,10.8978],[92.5131,10.898],[92.5063,10.8904],[92.4922,10.8897],[92.4795,10.8715],[92.458,10.8601],[92.4616,10.8562],[92.4588,10.8392],[92.4498,10.8395],[92.4388,10.8261],[92.4281,10.8187],[92.4228,10.8023],[92.409,10.7856],[92.3972,10.7794],[92.3866,10.7854],[92.3783,10.7826],[92.3822,10.7625],[92.3791,10.7419],[92.3838,10.7216],[92.3808,10.7076],[92.385,10.6699],[92.3966,10.6685],[92.4106,10.6456],[92.4192,10.6224],[92.4203,10.6133],[92.4132,10.6083],[92.4092,10.5824],[92.3955,10.5659],[92.3942,10.5568],[92.3824,10.5387],[92.3923,10.5322],[92.4076,10.5354],[92.4193,10.55],[92.4291,10.5513],[92.4522,10.5448],[92.463,10.5374],[92.4814,10.5199],[92.4988,10.5136],[92.5125,10.514],[92.5315,10.5209],[92.5341,10.5317],[92.5411,10.5379],[92.5464,10.5548],[92.5534,10.5585],[92.5685,10.5784],[92.5651,10.5874],[92.5415,10.5948],[92.5403,10.6164],[92.545,10.6288],[92.554,10.6422],[92.5784,10.6594],[92.576,10.6722],[92.5857,10.6811],[92.597,10.6813],[92.597,10.707],[92.59,10.7186],[92.5875,10.7341],[92.583,10.7415],[92.5831,10.7615],[92.5868,10.7824],[92.5857,10.7899],[92.5748,10.7974],[92.5719,10.8041],[92.5621,10.8104],[92.5633,10.8289],[92.5566,10.8455],[92.5598,10.8597],[92.554,10.8688],[92.535,10.8852],[92.5301,10.8855],[92.5206,10.8978]]],[[[92.6913,11.2435],[92.6936,11.2529],[92.7048,11.2641],[92.7058,11.287],[92.6936,11.2847],[92.6923,11.2715],[92.6955,11.2653],[92.6888,11.249],[92.6913,11.2435]]],[[[93.5119,8.2351],[93.4849,8.2239],[93.4795,8.1983],[93.4665,8.1848],[93.4496,8.1802],[93.4455,8.1559],[93.4461,8.1464],[93.4549,8.1427],[93.458,8.1291],[93.4496,8.125],[93.4547,8.1175],[93.4612,8.0992],[93.4785,8.0943],[93.4734,8.0873],[93.4748,8.0572],[93.484,8.0549],[93.4899,8.0669],[93.5015,8.0777],[93.5019,8.0854],[93.5202,8.0794],[93.5223,8.0716],[93.5097,8.0484],[93.5012,8.0491],[93.4906,8.0401],[93.4759,8.0462],[93.4766,8.0229],[93.4829,8.0017],[93.4952,8.0013],[93.4948,8.025],[93.4972,8.0362],[93.516,8.036],[93.5189,8.0515],[93.5282,8.0499],[93.5318,8.0396],[93.5406,8.0701],[93.5357,8.0889],[93.5215,8.0977],[93.5143,8.1199],[93.501,8.1388],[93.4964,8.1509],[93.4954,8.1664],[93.5052,8.1806],[93.5118,8.1743],[93.5341,8.198],[93.5363,8.2068],[93.5334,8.2289],[93.5119,8.2351]]],[[[92.2143,11.595],[92.2039,11.5869],[92.2118,11.574],[92.205,11.5573],[92.2047,11.548],[92.2133,11.5307],[92.2331,11.5256],[92.2456,11.5265],[92.2586,11.5181],[92.268,11.5234],[92.2719,11.5354],[92.2673,11.5493],[92.2657,11.5717],[92.2683,11.5854],[92.2605,11.5907],[92.2327,11.5927],[92.2268,11.588],[92.2143,11.595]]],[[[93.0171,11.8445],[93.0116,11.8395],[93.0195,11.8315],[93.0435,11.8147],[93.0575,11.8154],[93.0702,11.8353],[93.0622,11.8444],[93.0299,11.8369],[93.0171,11.8445]]],[[[92.7188,11.9347],[92.7147,11.9263],[92.7143,11.9108],[92.7235,11.9095],[92.7233,11.9247],[92.7188,11.9347]]],[[[92.5954,11.9764],[92.5957,11.9305],[92.6078,11.9406],[92.5996,11.9717],[92.5954,11.9764]]],[[[92.7615,11.9661],[92.7554,11.9668],[92.7372,11.9559],[92.7448,11.9456],[92.7638,11.9527],[92.7615,11.9661]]],[[[92.6135,11.5534],[92.6055,11.5483],[92.6071,11.5356],[92.6172,11.5422],[92.6135,11.5534]]],[[[92.5915,11.564],[92.5837,11.5516],[92.5878,11.5398],[92.5952,11.5387],[92.5958,11.5503],[92.5915,11.564]]],[[[92.6133,11.5834],[92.6005,11.5855],[92.5993,11.5682],[92.6174,11.5733],[92.6133,11.5834]]],[[[92.5416,11.6027],[92.5357,11.6066],[92.5312,11.5925],[92.5342,11.5832],[92.5314,11.5713],[92.5336,11.5637],[92.5525,11.5621],[92.5601,11.5721],[92.5559,11.5852],[92.5435,11.5908],[92.5416,11.6027]]],[[[93.1196,12.1488],[93.1091,12.1417],[93.1154,12.1316],[93.1213,12.1412],[93.1196,12.1488]]],[[[92.9664,12.0413],[92.9451,12.0104],[92.9278,12.0061],[92.9255,11.9953],[92.9327,11.9853],[92.938,11.9864],[92.9595,11.981],[92.9674,11.9568],[92.9727,11.9489],[92.9844,11.9457],[92.9967,11.9467],[92.9996,11.9368],[93.0217,11.9011],[93.0237,11.89],[93.0372,11.8823],[93.0436,11.8846],[93.0526,11.8996],[93.0456,11.9124],[93.0448,11.9238],[93.0355,11.9481],[93.0268,11.9525],[93.0248,11.9651],[93.0053,12.0024],[93.0084,12.0161],[92.9952,12.0378],[92.9816,12.0437],[92.9664,12.0413]]],[[[92.9991,12.1063],[92.9854,12.1108],[92.977,12.1073],[92.9711,12.1065],[92.957,12.1093],[92.9584,12.1001],[92.9541,12.0802],[92.9563,12.0695],[92.9713,12.0554],[92.9952,12.0419],[93.0045,12.0478],[93.0008,12.0645],[93,12.0848],[93.005,12.1038],[92.9991,12.1063]]],[[[93.0257,12.1456],[93.0202,12.1568],[93.0093,12.1504],[93.0036,12.1399],[93.0023,12.1246],[93.0065,12.1167],[93.0082,12.0992],[93.0064,12.0783],[93.0236,12.072],[93.0332,12.0614],[93.0392,12.0477],[93.0503,12.0565],[93.0502,12.0782],[93.0336,12.0953],[93.0279,12.1197],[93.0328,12.1249],[93.0257,12.1456]]],[[[92.9871,12.1601],[92.9731,12.1527],[92.9576,12.1527],[92.952,12.1473],[92.9543,12.1232],[92.9624,12.1136],[92.9729,12.1147],[92.9773,12.1083],[92.9873,12.1124],[93.0027,12.1122],[92.9972,12.1295],[92.9968,12.1575],[92.9871,12.1601]]],[[[92.9349,12.2242],[92.9267,12.2223],[92.9242,12.2083],[92.9384,12.2154],[92.9349,12.2242]]],[[[93.0718,12.2105],[93.067,12.2117],[93.0561,12.1944],[93.0378,12.146],[93.0363,12.1311],[93.0482,12.125],[93.0574,12.1244],[93.0564,12.1091],[93.0674,12.0899],[93.0741,12.0848],[93.0855,12.091],[93.086,12.114],[93.0815,12.1193],[93.0833,12.1319],[93.0935,12.1465],[93.0827,12.1569],[93.0881,12.1715],[93.0834,12.1954],[93.0713,12.2004],[93.0718,12.2105]]],[[[92.6389,11.5105],[92.6312,11.5142],[92.6174,11.4918],[92.61,11.4586],[92.6171,11.4465],[92.624,11.4437],[92.6217,11.4325],[92.6244,11.4195],[92.6222,11.4054],[92.6171,11.4013],[92.5867,11.4012],[92.5913,11.3867],[92.5889,11.375],[92.5806,11.3706],[92.5884,11.3535],[92.6007,11.3463],[92.6253,11.3498],[92.6374,11.3471],[92.6474,11.3568],[92.6633,11.3559],[92.6657,11.3612],[92.6772,11.3628],[92.6886,11.37],[92.6893,11.3852],[92.6706,11.3968],[92.6634,11.3946],[92.6533,11.41],[92.6668,11.4148],[92.6706,11.4259],[92.6836,11.4328],[92.683,11.4432],[92.6744,11.4624],[92.6765,11.471],[92.6689,11.4799],[92.6678,11.4893],[92.6502,11.4919],[92.6416,11.499],[92.6389,11.5105]]],[[[92.5579,11.5412],[92.5515,11.5315],[92.5603,11.5172],[92.5674,11.5276],[92.5607,11.5311],[92.5579,11.5412]]],[[[92.6765,12.5408],[92.6685,12.5311],[92.6775,12.5221],[92.6821,12.5371],[92.6765,12.5408]]],[[[92.9543,12.4345],[92.944,12.4195],[92.9318,12.4189],[92.9246,12.4043],[92.9263,12.3863],[92.918,12.3766],[92.9203,12.3701],[92.9314,12.36],[92.9356,12.3766],[92.9413,12.3822],[92.9421,12.4007],[92.9512,12.4092],[92.959,12.4219],[92.9543,12.4345]]],[[[92.8873,12.4082],[92.8815,12.3986],[92.8541,12.4095],[92.8424,12.4014],[92.8599,12.3813],[92.8891,12.3928],[92.8873,12.4082]]],[[[92.7797,12.8593],[92.7696,12.8586],[92.7673,12.8519],[92.7805,12.8399],[92.7797,12.8593]]],[[[92.7072,12.8302],[92.7,12.814],[92.6989,12.8037],[92.6935,12.7994],[92.6991,12.7859],[92.7086,12.7732],[92.7121,12.7379],[92.7071,12.7315],[92.7117,12.7206],[92.7182,12.7228],[92.7158,12.7351],[92.7215,12.7603],[92.7109,12.7789],[92.7127,12.7884],[92.7113,12.8186],[92.7072,12.8302]]],[[[92.726,12.8655],[92.7191,12.8652],[92.7068,12.8373],[92.7173,12.8354],[92.7288,12.8622],[92.726,12.8655]]],[[[92.7186,13.0986],[92.6947,13.0916],[92.6986,13.0724],[92.7085,13.0893],[92.7186,13.0986]]],[[[93.0225,13.3289],[93.0152,13.3259],[93.0136,13.3085],[93.0184,13.3072],[93.0225,13.3289]]],[[[92.9284,13.0239],[92.9145,13.0148],[92.9191,13.0037],[92.9352,12.9962],[92.9424,12.9974],[92.9383,13.0091],[92.9413,13.0191],[92.9359,13.0262],[92.9284,13.0239]]],[[[93.0659,13.6521],[93.0619,13.6548],[93.0421,13.637],[93.046,13.6235],[93.0565,13.6466],[93.0659,13.6521]]],[[[93.0188,13.6711],[93.0146,13.6593],[93.0036,13.6639],[92.9833,13.6634],[92.9811,13.6501],[92.9849,13.643],[92.995,13.6454],[93.0026,13.6527],[93.0121,13.6474],[93.0225,13.6277],[93.0308,13.6341],[93.0241,13.6474],[93.0188,13.6711]]],[[[93.055,13.3789],[93.0401,13.3692],[93.0384,13.3606],[93.0456,13.3483],[93.0405,13.3379],[93.0386,13.3229],[93.0463,13.3223],[93.0531,13.3294],[93.0606,13.3233],[93.0625,13.3102],[93.076,13.3315],[93.0885,13.3361],[93.0704,13.3469],[93.0609,13.3608],[93.055,13.3789]]],[[[92.8426,13.436],[92.8246,13.4391],[92.8196,13.4269],[92.8309,13.4192],[92.8449,13.4316],[92.8426,13.436]]],[[[92.6946,12.9915],[92.6821,12.9851],[92.6791,12.976],[92.6714,12.9684],[92.6683,12.9572],[92.6787,12.9469],[92.6716,12.9307],[92.6703,12.9084],[92.6639,12.882],[92.6482,12.8605],[92.65,12.8463],[92.6585,12.8302],[92.6601,12.8182],[92.6649,12.8119],[92.6629,12.794],[92.6686,12.7889],[92.6744,12.8085],[92.6873,12.8148],[92.6825,12.8299],[92.7027,12.8451],[92.703,12.8533],[92.7136,12.8634],[92.7184,12.875],[92.7218,12.9023],[92.7185,12.9156],[92.7212,12.9447],[92.7158,12.9483],[92.7189,12.962],[92.7185,12.9825],[92.7098,12.988],[92.6946,12.9915]]],[[[92.791,12.9155],[92.7736,12.9061],[92.7827,12.895],[92.7919,12.8923],[92.8001,12.8977],[92.791,12.9155]]],[[[93.0052,12.997],[92.9913,12.9914],[92.9807,12.9763],[92.9569,12.9564],[92.9709,12.9553],[92.9745,12.9636],[92.9919,12.9864],[93.0052,12.997]]],[[[93.0298,13.5685],[93.0253,13.5755],[93.0173,13.5664],[93.0137,13.5556],[93.0153,13.5436],[93.0085,13.5418],[93.0034,13.5555],[92.9891,13.5661],[92.981,13.55],[92.9889,13.5327],[92.9851,13.5278],[92.9722,13.5296],[92.9659,13.544],[92.9533,13.5433],[92.9479,13.5324],[92.931,13.5388],[92.9193,13.5368],[92.913,13.527],[92.927,13.5213],[92.9247,13.5141],[92.9331,13.4992],[92.928,13.4909],[92.9154,13.5003],[92.9047,13.4972],[92.9028,13.4853],[92.8949,13.4752],[92.8852,13.4777],[92.8714,13.4724],[92.8753,13.4599],[92.8725,13.4471],[92.8797,13.4456],[92.8836,13.4318],[92.872,13.4221],[92.8807,13.4065],[92.8689,13.4056],[92.8485,13.4116],[92.841,13.3988],[92.8413,13.3917],[92.8636,13.3835],[92.8534,13.3783],[92.8473,13.3705],[92.84,13.3774],[92.8351,13.3671],[92.8337,13.3383],[92.8259,13.3292],[92.8274,13.3084],[92.8391,13.3075],[92.8416,13.3016],[92.8237,13.2884],[92.8214,13.2798],[92.8263,13.2696],[92.8345,13.2725],[92.8376,13.2617],[92.849,13.2633],[92.853,13.2569],[92.8485,13.2394],[92.8353,13.2425],[92.8268,13.2366],[92.8323,13.2145],[92.8212,13.2014],[92.823,13.194],[92.8178,13.1848],[92.8231,13.1745],[92.8156,13.1708],[92.8125,13.1538],[92.8205,13.1453],[92.8303,13.1512],[92.8425,13.146],[92.8387,13.1366],[92.8427,13.1307],[92.8094,13.1266],[92.8186,13.1028],[92.8066,13.0991],[92.8044,13.0874],[92.8109,13.0811],[92.8042,13.0751],[92.7965,13.0805],[92.7915,13.0535],[92.7914,13.0129],[92.804,13.0082],[92.8231,13.0134],[92.8224,13.0036],[92.8084,12.9983],[92.8177,12.988],[92.8058,12.9831],[92.7996,12.9918],[92.7931,12.9856],[92.7902,12.9532],[92.7999,12.9458],[92.7973,12.9301],[92.7919,12.9285],[92.8007,12.9001],[92.8106,12.9],[92.843,12.8902],[92.8423,12.8771],[92.8713,12.8832],[92.8683,12.8899],[92.874,12.9089],[92.8593,12.9021],[92.8555,12.9269],[92.8587,12.9349],[92.87,12.9349],[92.8759,12.9446],[92.8721,12.9533],[92.8732,12.9643],[92.8802,12.9698],[92.8821,12.9792],[92.897,12.9874],[92.9049,12.9809],[92.9078,12.9497],[92.9172,12.961],[92.9263,12.9587],[92.9367,12.9755],[92.9112,12.9899],[92.9048,13.0025],[92.9069,13.0072],[92.9019,13.0228],[92.9085,13.0335],[92.9144,13.0522],[92.9087,13.0569],[92.9134,13.0748],[92.9193,13.0587],[92.9413,13.0631],[92.9414,13.0543],[92.9329,13.0482],[92.9352,13.0398],[92.9504,13.0294],[92.9538,13.0192],[92.967,13.0183],[92.9701,13.0299],[92.9838,13.0265],[92.9941,13.0359],[93.0047,13.0314],[93.0121,13.05],[93.0213,13.0546],[93.0285,13.0669],[93.0251,13.0769],[93.0333,13.0819],[93.0336,13.0993],[93.0296,13.129],[93.0359,13.1406],[93.0309,13.1776],[93.0357,13.196],[93.0441,13.2102],[93.0414,13.2233],[93.0552,13.2334],[93.054,13.2445],[93.0568,13.2599],[93.0439,13.2589],[93.0324,13.2758],[93.0091,13.2816],[93.0162,13.2938],[93.0071,13.3033],[92.9937,13.3013],[92.9968,13.3151],[92.9845,13.3182],[92.9773,13.3249],[92.9701,13.3243],[92.9557,13.3351],[92.9555,13.3427],[92.9668,13.3604],[92.9823,13.3293],[92.9883,13.3424],[93.0026,13.3544],[93.0177,13.3513],[93.0258,13.3466],[93.0387,13.3512],[93.0388,13.3582],[93.0327,13.3624],[93.0396,13.3682],[93.0404,13.3755],[93.0481,13.3796],[93.0573,13.3977],[93.0479,13.4036],[93.0336,13.4176],[93.0285,13.4283],[93.0342,13.4436],[93.0314,13.4497],[93.0334,13.4845],[93.038,13.4865],[93.0418,13.5054],[93.0434,13.5257],[93.037,13.5506],[93.0298,13.5685]]],[[[92.7346,12.2398],[92.729,12.2428],[92.7206,12.2334],[92.7231,12.2075],[92.7206,12.1975],[92.7289,12.1931],[92.732,12.185],[92.7467,12.1805],[92.7628,12.1831],[92.7596,12.2139],[92.7609,12.2285],[92.7454,12.23],[92.7293,12.2146],[92.7297,12.2317],[92.7346,12.2398]]],[[[92.8102,12.3131],[92.8015,12.3115],[92.7948,12.3038],[92.7833,12.3113],[92.7683,12.3091],[92.7666,12.2977],[92.7814,12.2868],[92.763,12.2638],[92.7491,12.2743],[92.7481,12.2632],[92.7417,12.2444],[92.7513,12.233],[92.7619,12.2399],[92.7696,12.2385],[92.7698,12.2138],[92.7656,12.2064],[92.7687,12.1842],[92.7605,12.1686],[92.7573,12.1544],[92.7593,12.1464],[92.7456,12.1244],[92.7376,12.0987],[92.739,12.0799],[92.7434,12.0752],[92.7548,12.0758],[92.7631,12.0643],[92.7823,12.0717],[92.7925,12.0809],[92.7912,12.0864],[92.8091,12.1032],[92.8179,12.1142],[92.807,12.1248],[92.8177,12.1277],[92.8149,12.1387],[92.8281,12.1577],[92.8297,12.1668],[92.8494,12.1507],[92.855,12.1588],[92.8572,12.1857],[92.8548,12.1921],[92.8608,12.2002],[92.8679,12.1926],[92.8815,12.193],[92.8827,12.2031],[92.8739,12.2059],[92.8705,12.2261],[92.8612,12.2367],[92.8577,12.247],[92.8642,12.2524],[92.8772,12.2516],[92.8881,12.259],[92.891,12.2669],[92.8782,12.2772],[92.8695,12.3009],[92.8544,12.3053],[92.8367,12.3037],[92.8338,12.3],[92.8102,12.3131]]],[[[92.8997,12.2561],[92.8868,12.2528],[92.8839,12.2392],[92.8681,12.2395],[92.8731,12.2294],[92.8771,12.2089],[92.8833,12.2109],[92.8908,12.2261],[92.9034,12.2227],[92.9136,12.2319],[92.9102,12.2415],[92.8997,12.2561]]],[[[93.104,12.2505],[93.0927,12.2395],[93.0813,12.2423],[93.0827,12.2579],[93.0736,12.2619],[93.0651,12.2423],[93.0621,12.23],[93.0801,12.2258],[93.0881,12.2357],[93.0936,12.2223],[93.0914,12.2142],[93.1005,12.2077],[93.0993,12.2329],[93.104,12.2505]]],[[[92.696,12.2391],[92.6876,12.2354],[92.6833,12.2204],[92.6725,12.217],[92.6641,12.2025],[92.6564,12.181],[92.6443,12.1788],[92.6391,12.1547],[92.6236,12.1077],[92.6193,12.0862],[92.6191,12.0637],[92.6247,12.0597],[92.6218,12.0487],[92.6237,12.0278],[92.6175,12.0212],[92.6124,11.9993],[92.6108,11.9712],[92.6125,11.9634],[92.6083,11.9282],[92.6205,11.9246],[92.6099,11.9132],[92.6083,11.8964],[92.6128,11.8535],[92.6128,11.8406],[92.6056,11.8349],[92.6008,11.8486],[92.6019,11.8577],[92.5934,11.8666],[92.5826,11.865],[92.58,11.9141],[92.5691,11.9126],[92.5671,11.9211],[92.5716,11.9278],[92.5644,11.9435],[92.5488,11.9226],[92.5351,11.9119],[92.5383,11.9037],[92.5279,11.8962],[92.5321,11.8853],[92.5317,11.8694],[92.523,11.87],[92.5235,11.8554],[92.5143,11.8484],[92.5221,11.8428],[92.5181,11.8355],[92.5275,11.8309],[92.5307,11.8389],[92.5508,11.8498],[92.5496,11.8234],[92.5522,11.7845],[92.5552,11.7737],[92.5507,11.7574],[92.5527,11.7184],[92.5602,11.6952],[92.5715,11.6995],[92.5733,11.7123],[92.572,11.7292],[92.5818,11.735],[92.5918,11.7313],[92.592,11.7047],[92.5982,11.6918],[92.5973,11.6793],[92.5911,11.6709],[92.6067,11.6411],[92.6167,11.6329],[92.6289,11.6287],[92.6342,11.6519],[92.6425,11.6404],[92.6443,11.625],[92.6387,11.6124],[92.6298,11.6164],[92.6215,11.6146],[92.6155,11.6217],[92.608,11.6209],[92.605,11.6075],[92.6097,11.5941],[92.6175,11.5881],[92.6197,11.5631],[92.6331,11.5812],[92.6489,11.5724],[92.6426,11.5601],[92.6523,11.5492],[92.6447,11.5381],[92.6449,11.524],[92.6627,11.5072],[92.6706,11.5047],[92.6753,11.512],[92.6987,11.5075],[92.7035,11.4931],[92.7105,11.4883],[92.7214,11.5136],[92.7256,11.5179],[92.722,11.5293],[92.7304,11.5432],[92.7329,11.5539],[92.729,11.5597],[92.7379,11.5709],[92.7427,11.5896],[92.7393,11.5934],[92.7507,11.6087],[92.7511,11.6325],[92.7467,11.6446],[92.7544,11.6475],[92.7554,11.6645],[92.748,11.6737],[92.7308,11.6807],[92.7182,11.6821],[92.7154,11.6656],[92.729,11.657],[92.7088,11.6513],[92.7114,11.6433],[92.6919,11.6345],[92.6969,11.6188],[92.6922,11.6145],[92.6775,11.6134],[92.6665,11.6358],[92.6624,11.657],[92.666,11.6623],[92.6837,11.6602],[92.6952,11.6665],[92.7027,11.6832],[92.7013,11.6957],[92.7058,11.701],[92.7182,11.7044],[92.7214,11.6975],[92.7305,11.6984],[92.738,11.6909],[92.7442,11.6932],[92.7413,11.7097],[92.7561,11.7084],[92.7535,11.7182],[92.7593,11.7444],[92.7644,11.7518],[92.764,11.7678],[92.7702,11.785],[92.7686,11.7984],[92.774,11.8125],[92.7896,11.8838],[92.7781,11.8928],[92.7858,11.9162],[92.7859,11.9255],[92.7771,11.936],[92.7627,11.9401],[92.7584,11.9339],[92.7453,11.9323],[92.733,11.9077],[92.7322,11.8932],[92.7416,11.8815],[92.7296,11.869],[92.7309,11.8536],[92.718,11.8321],[92.7231,11.8595],[92.7168,11.8689],[92.7084,11.8602],[92.6991,11.8658],[92.7033,11.8764],[92.7194,11.8771],[92.7173,11.8842],[92.7066,11.8889],[92.6934,11.8998],[92.6986,11.9045],[92.7129,11.9033],[92.7052,11.9279],[92.6978,11.9316],[92.7111,11.9413],[92.7128,11.9585],[92.7098,11.9725],[92.7175,11.9814],[92.7135,11.9944],[92.7279,12.0037],[92.7383,11.9975],[92.7373,11.9894],[92.7464,11.9782],[92.7582,11.9962],[92.7668,12.0004],[92.7665,12.0116],[92.7487,12.0046],[92.7485,12.017],[92.7317,12.0211],[92.7337,12.0346],[92.7468,12.0331],[92.7564,12.0257],[92.7782,12.0262],[92.7761,12.0332],[92.782,12.045],[92.7714,12.0464],[92.7606,12.0545],[92.7554,12.0671],[92.7403,12.0731],[92.7333,12.0895],[92.7336,12.1034],[92.7427,12.1203],[92.7432,12.1275],[92.7562,12.163],[92.7563,12.1763],[92.7306,12.1818],[92.717,12.174],[92.7061,12.1616],[92.7015,12.1743],[92.7115,12.1908],[92.7071,12.1993],[92.7092,12.2111],[92.705,12.2281],[92.696,12.2391]]],[[[92.7662,12.2725],[92.7671,12.2852],[92.76,12.2935],[92.752,12.2778],[92.7578,12.27],[92.7662,12.2725]]],[[[92.7096,12.2975],[92.7012,12.2907],[92.6987,12.2746],[92.7032,12.2446],[92.7105,12.2419],[92.7225,12.2953],[92.7096,12.2975]]],[[[92.8577,12.335],[92.8563,12.3305],[92.8603,12.3193],[92.8773,12.313],[92.8849,12.3229],[92.886,12.3325],[92.87,12.3297],[92.8577,12.335]]],[[[92.9343,12.3028],[92.9289,12.306],[92.9283,12.2827],[92.9181,12.2834],[92.9122,12.2929],[92.9007,12.2884],[92.9002,12.2747],[92.9134,12.2738],[92.9131,12.2666],[92.9216,12.2593],[92.9167,12.2504],[92.9181,12.2338],[92.9289,12.2384],[92.9338,12.2494],[92.9294,12.2608],[92.9397,12.2733],[92.9407,12.2798],[92.9316,12.2931],[92.9343,12.3028]]],[[[92.9011,12.9109],[92.8958,12.8983],[92.8851,12.8933],[92.8781,12.8952],[92.8699,12.8897],[92.8736,12.8812],[92.8435,12.8753],[92.8386,12.8788],[92.8416,12.885],[92.8281,12.8851],[92.8207,12.8962],[92.8016,12.897],[92.7903,12.89],[92.7913,12.8625],[92.7825,12.8618],[92.7808,12.841],[92.7851,12.8329],[92.78,12.8238],[92.7533,12.8485],[92.7368,12.8304],[92.7218,12.8254],[92.7195,12.7889],[92.7295,12.7547],[92.7294,12.7444],[92.737,12.7383],[92.7401,12.725],[92.7381,12.7059],[92.7284,12.6979],[92.7422,12.6721],[92.7513,12.6753],[92.7682,12.6731],[92.7828,12.6928],[92.7877,12.6918],[92.7954,12.6793],[92.7985,12.6597],[92.7934,12.6538],[92.7796,12.6517],[92.7763,12.6671],[92.751,12.6716],[92.7431,12.6678],[92.7317,12.6534],[92.7351,12.6388],[92.7209,12.6305],[92.7136,12.6325],[92.7099,12.6172],[92.7002,12.6004],[92.7067,12.5957],[92.7037,12.5867],[92.7079,12.5757],[92.7048,12.5645],[92.708,12.5513],[92.7003,12.5335],[92.6986,12.5154],[92.7021,12.4996],[92.7079,12.4933],[92.7005,12.4707],[92.7054,12.4518],[92.6978,12.4262],[92.6996,12.4087],[92.6975,12.4029],[92.6989,12.3797],[92.7052,12.3711],[92.6994,12.3663],[92.7009,12.3576],[92.699,12.3309],[92.7138,12.3144],[92.7192,12.3003],[92.7296,12.303],[92.7476,12.3007],[92.7566,12.304],[92.77,12.3166],[92.7895,12.3125],[92.7934,12.3067],[92.8016,12.3134],[92.8096,12.3158],[92.8312,12.3029],[92.8469,12.3084],[92.8599,12.3193],[92.8545,12.3325],[92.8575,12.3357],[92.8615,12.337],[92.8712,12.3301],[92.882,12.3331],[92.8858,12.3435],[92.885,12.3555],[92.8704,12.3539],[92.8461,12.3896],[92.8372,12.3974],[92.8397,12.4039],[92.8276,12.4238],[92.8368,12.4309],[92.8454,12.4236],[92.8644,12.4264],[92.8733,12.4175],[92.8858,12.4219],[92.8967,12.4191],[92.8806,12.4443],[92.9083,12.4203],[92.9186,12.4231],[92.9193,12.4444],[92.9406,12.4506],[92.9448,12.4608],[92.9561,12.4673],[92.9469,12.4748],[92.9419,12.4673],[92.9297,12.4749],[92.9377,12.4822],[92.9439,12.4982],[92.9607,12.4868],[92.9677,12.4971],[92.953,12.5023],[92.9633,12.5145],[92.9724,12.5311],[92.9737,12.5432],[92.9692,12.5591],[92.9584,12.5772],[92.9602,12.5839],[92.9545,12.6026],[92.9484,12.6065],[92.9419,12.6277],[92.9561,12.6249],[92.9563,12.6405],[92.9615,12.6587],[92.9638,12.6759],[92.9642,12.707],[92.9709,12.7136],[92.963,12.7261],[92.9674,12.739],[92.9596,12.755],[92.9506,12.7571],[92.9478,12.7695],[92.9385,12.7667],[92.928,12.7753],[92.9341,12.7846],[92.9473,12.7933],[92.9521,12.8059],[92.9425,12.826],[92.9439,12.8332],[92.9285,12.8349],[92.9376,12.8507],[92.9257,12.8592],[92.9279,12.8647],[92.9242,12.8839],[92.9096,12.8936],[92.9094,12.9086],[92.9011,12.9109]]]]},"properties":{"ST_NM":"Andaman & Nicobar"}},
{"type":"Feature","geometry":{"type":"MultiPolygon","coordinates":[[[[69.3395,22.3858],[69.3244,22.3795],[69.3314,22.3744],[69.3395,22.3858]]],[[[72.3623,22.0291],[72.3453,22.0241],[72.3204,22.0058],[72.3014,21.9862],[72.2929,21.9705],[72.294,21.943],[72.2998,21.8827],[72.3099,21.8439],[72.3207,21.8202],[72.3266,21.814],[72.352,21.7975],[72.3753,21.8049],[72.3884,21.8175],[72.3913,21.8574],[72.4001,21.8841],[72.4084,21.8981],[72.433,21.9216],[72.4391,21.9298],[72.4446,21.9627],[72.4428,21.9764],[72.4286,22.0016],[72.4092,22.0181],[72.3886,22.027],[72.3623,22.0291]]],[[[69.629,22.4587],[69.6033,22.4485],[69.5909,22.4395],[69.5904,22.4305],[69.6069,22.417],[69.6366,22.4055],[69.6425,22.4148],[69.6569,22.4268],[69.6487,22.4343],[69.6463,22.4444],[69.629,22.4587]]],[[[73.1645,24.0961],[73.1559,24.1037],[73.1572,24.1094],[73.1375,24.1225],[73.1294,24.1226],[73.1039,24.1498],[73.0992,24.1594],[73.0766,24.1791],[73.0675,24.1946],[73.0793,24.205],[73.0785,24.2193],[73.0922,24.2232],[73.0971,24.231],[73.0941,24.2468],[73.1036,24.2554],[73.1076,24.2642],[73.1255,24.2733],[73.1354,24.3083],[73.1409,24.311],[73.1665,24.2992],[73.1736,24.3085],[73.1746,24.33],[73.1817,24.3432],[73.1902,24.3328],[73.1986,24.3318],[73.2063,24.3512],[73.2193,24.3638],[73.206,24.375],[73.1962,24.3764],[73.1871,24.3711],[73.1707,24.3557],[73.152,24.3543],[73.1328,24.367],[73.1117,24.3735],[73.1027,24.3873],[73.087,24.3867],[73.0765,24.3965],[73.0865,24.4121],[73.101,24.4273],[73.1028,24.4333],[73.0984,24.4484],[73.1033,24.4557],[73.1017,24.4711],[73.0911,24.475],[73.0959,24.49],[73.086,24.4984],[73.0713,24.4916],[73.0674,24.4836],[73.0479,24.4746],[73.0435,24.4692],[73.0195,24.4647],[73.0014,24.4689],[73.0067,24.4753],[72.9998,24.4832],[72.9695,24.4529],[72.9743,24.4398],[72.9808,24.4365],[72.971,24.4175],[72.9619,24.4058],[72.9493,24.3981],[72.9744,24.3827],[72.9776,24.3734],[72.9537,24.3564],[72.9377,24.3482],[72.9192,24.3443],[72.9107,24.3371],[72.8912,24.3569],[72.87,24.3658],[72.8498,24.3719],[72.8375,24.3692],[72.8148,24.3701],[72.8037,24.3632],[72.7714,24.3681],[72.7326,24.3635],[72.7199,24.3747],[72.7003,24.3959],[72.6892,24.4116],[72.6798,24.4433],[72.6882,24.4577],[72.6809,24.465],[72.6563,24.4621],[72.6136,24.4722],[72.576,24.4788],[72.5469,24.5111],[72.5373,24.5195],[72.5335,24.5037],[72.5201,24.5003],[72.5155,24.4859],[72.5048,24.4715],[72.5044,24.4583],[72.4932,24.459],[72.5004,24.4169],[72.475,24.4143],[72.4573,24.4147],[72.4582,24.4253],[72.4515,24.442],[72.4338,24.46],[72.4302,24.4801],[72.4438,24.5084],[72.4416,24.5147],[72.413,24.5171],[72.3917,24.5107],[72.3795,24.5127],[72.3765,24.5246],[72.3681,24.5383],[72.3677,24.5475],[72.3584,24.5508],[72.3539,24.5635],[72.3414,24.563],[72.3309,24.5692],[72.3236,24.5513],[72.2902,24.5503],[72.2857,24.5651],[72.269,24.5607],[72.2531,24.575],[72.2463,24.5862],[72.2644,24.6044],[72.2761,24.6073],[72.29,24.6036],[72.3033,24.6056],[72.3078,24.5958],[72.3177,24.5942],[72.3385,24.6],[72.3439,24.6094],[72.3434,24.6206],[72.348,24.6269],[72.3355,24.6332],[72.3202,24.6177],[72.305,24.6174],[72.2964,24.6248],[72.283,24.6256],[72.2631,24.6308],[72.2486,24.6268],[72.2337,24.6404],[72.2269,24.6391],[72.2167,24.6268],[72.1871,24.6194],[72.1648,24.6212],[72.1606,24.6347],[72.1502,24.6436],[72.1282,24.6416],[72.1246,24.6385],[72.1088,24.6465],[72.0981,24.656],[72.0898,24.6586],[72.0864,24.6788],[72.0928,24.6818],[72.0847,24.7069],[72.0583,24.7124],[72.0125,24.6905],[72.0014,24.6883],[71.9941,24.695],[71.9841,24.6863],[71.9828,24.6724],[71.9882,24.6574],[71.9784,24.6573],[71.9636,24.6454],[71.9553,24.6451],[71.9397,24.6357],[71.9395,24.6362],[71.9255,24.6359],[71.9117,24.6584],[71.9203,24.664],[71.9202,24.6708],[71.9075,24.6774],[71.8882,24.672],[71.885,24.6774],[71.8718,24.6816],[71.8578,24.6664],[71.8572,24.6541],[71.8654,24.6306],[71.8564,24.6231],[71.8522,24.6092],[71.8394,24.6206],[71.8319,24.6233],[71.8161,24.6202],[71.8025,24.631],[71.8104,24.6559],[71.8024,24.6719],[71.7915,24.6772],[71.7717,24.6753],[71.7624,24.6685],[71.7365,24.6602],[71.7308,24.6602],[71.7079,24.6617],[71.6776,24.6462],[71.6617,24.6436],[71.6554,24.6391],[71.6439,24.6438],[71.6391,24.6587],[71.6296,24.6604],[71.6243,24.6697],[71.6079,24.677],[71.5904,24.6673],[71.5781,24.682],[71.5419,24.6761],[71.529,24.6851],[71.5127,24.6794],[71.4778,24.6795],[71.4618,24.6663],[71.4505,24.6688],[71.4272,24.6555],[71.4226,24.6477],[71.3984,24.6406],[71.3938,24.6326],[71.3844,24.6337],[71.3782,24.6261],[71.3586,24.6309],[71.3478,24.661],[71.3137,24.648],[71.2987,24.6239],[71.2876,24.6158],[71.112,24.6757],[71.0966,24.6894],[71.0853,24.6724],[71.0742,24.6623],[71.0493,24.6489],[71.0084,24.6355],[70.9989,24.6221],[70.9863,24.5953],[70.9925,24.5638],[70.9874,24.5433],[71.0024,24.5305],[71.0046,24.5232],[70.9963,24.4657],[70.9985,24.4441],[71.015,24.4428],[71.0372,24.4324],[71.0667,24.4371],[71.103,24.4359],[71.1256,24.4202],[71.1196,24.4026],[71.1064,24.3965],[71.0841,24.3945],[71.066,24.3764],[71.0575,24.3625],[71.0492,24.3563],[71.02,24.3478],[71.0032,24.3513],[70.9858,24.3654],[70.9549,24.349],[70.9469,24.3485],[70.9136,24.3203],[70.8784,24.3017],[70.874,24.2946],[70.8752,24.2805],[70.8825,24.2732],[70.9088,24.2632],[70.9068,24.2592],[70.8893,24.2528],[70.8768,24.2454],[70.8516,24.2442],[70.8365,24.2312],[70.806,24.2206],[70.7401,24.219],[70.7135,24.2154],[70.6947,24.2195],[70.6678,24.2193],[70.6441,24.2247],[70.5861,24.2469],[70.5711,24.2514],[70.5742,24.2639],[70.5847,24.2777],[70.5818,24.304],[70.5623,24.3508],[70.5635,24.3563],[70.5803,24.363],[70.5989,24.4042],[70.6026,24.4079],[70.5729,24.4217],[70.5579,24.4196],[70.539,24.4092],[70.5153,24.4041],[70.4723,24.3887],[70.4397,24.3834],[70.4116,24.3752],[70.3923,24.3605],[70.3685,24.3507],[70.3543,24.354],[70.3465,24.3515],[70.3267,24.3519],[70.2848,24.3404],[70.2593,24.3306],[70.2539,24.3255],[70.218,24.3216],[70.1661,24.3032],[70.1394,24.3027],[70.11,24.2948],[70.067,24.1991],[70.0509,24.1893],[70.0387,24.1762],[70.0252,24.171],[69.9458,24.1707],[69.7315,24.1709],[69.6959,24.2021],[69.5942,24.2928],[69.5585,24.2807],[69.5052,24.269],[69.4914,24.2675],[69.4701,24.2708],[69.4431,24.28],[69.405,24.2707],[69.3672,24.2696],[69.313,24.2813],[69.1938,24.2362],[69.0949,24.274],[69.0835,24.2652],[69.0343,24.2394],[69.0236,24.2297],[69.0034,24.223],[68.9846,24.2276],[68.9732,24.2602],[68.965,24.2763],[68.9455,24.3026],[68.9069,24.2798],[68.8977,24.2637],[68.8898,24.2379],[68.8802,24.2165],[68.8748,24.2123],[68.8573,24.2143],[68.8476,24.2392],[68.8438,24.2601],[68.8433,24.278],[68.8306,24.3119],[68.8082,24.3137],[68.7646,24.2959],[68.7693,24.2674],[68.7655,24.2078],[68.7638,24.1392],[68.7605,24.0794],[68.7549,24.0026],[68.754,23.9779],[68.7504,23.9713],[68.6552,23.9708],[68.3971,23.97],[68.3863,23.9685],[68.3782,23.9844],[68.3678,23.9842],[68.345,23.9724],[68.3361,23.9586],[68.3385,23.9366],[68.3342,23.9259],[68.3192,23.9216],[68.2889,23.9319],[68.2801,23.9306],[68.271,23.9235],[68.2588,23.9037],[68.2501,23.895],[68.2306,23.8853],[68.2167,23.882],[68.2084,23.875],[68.1993,23.8466],[68.1983,23.8127],[68.2022,23.7968],[68.2024,23.7661],[68.1849,23.7377],[68.1798,23.7163],[68.1722,23.696],[68.1622,23.6865],[68.1298,23.6796],[68.1246,23.685],[68.1062,23.6809],[68.097,23.6749],[68.0938,23.6668],[68.095,23.653],[68.0992,23.6443],[68.1193,23.6159],[68.1419,23.6013],[68.1789,23.5927],[68.2154,23.5913],[68.2309,23.5951],[68.2382,23.5909],[68.2643,23.5857],[68.2741,23.5948],[68.3101,23.5786],[68.3264,23.4961],[68.4131,23.4858],[68.4281,23.4923],[68.4416,23.5057],[68.442,23.5179],[68.4351,23.5314],[68.4461,23.5333],[68.4478,23.5221],[68.4682,23.505],[68.4456,23.4971],[68.4183,23.4727],[68.4231,23.4681],[68.4389,23.477],[68.4427,23.4714],[68.4315,23.4643],[68.4133,23.46],[68.4118,23.4468],[68.4,23.4384],[68.3998,23.4201],[68.4081,23.4115],[68.4195,23.4063],[68.4334,23.4155],[68.4459,23.429],[68.4421,23.4085],[68.4449,23.3988],[68.4593,23.3915],[68.4586,23.3672],[68.4851,23.3594],[68.5006,23.3694],[68.5128,23.3705],[68.5172,23.3648],[68.5375,23.3569],[68.5563,23.3569],[68.5592,23.3385],[68.564,23.335],[68.5876,23.3373],[68.5978,23.3337],[68.6105,23.3209],[68.5824,23.3232],[68.582,23.3149],[68.5619,23.3137],[68.5441,23.3008],[68.5322,23.2805],[68.5382,23.2669],[68.5503,23.2491],[68.5625,23.2434],[68.5657,23.2499],[68.5523,23.2631],[68.5695,23.2626],[68.5865,23.2553],[68.5973,23.2542],[68.6103,23.2663],[68.6124,23.288],[68.6181,23.2846],[68.6231,23.2593],[68.6287,23.2549],[68.6111,23.2444],[68.6059,23.2367],[68.5916,23.2423],[68.5806,23.237],[68.5839,23.2237],[68.6304,23.1785],[68.6307,23.1723],[68.6437,23.1637],[68.6569,23.151],[68.6832,23.137],[68.728,23.1073],[68.7482,23.0884],[68.7615,23.0785],[68.7758,23.0759],[68.8021,23.0643],[68.8343,23.0442],[68.8674,23.0269],[68.8902,23.0117],[68.9278,22.9924],[68.9316,22.9878],[68.9554,22.9735],[68.9871,22.9571],[69.0151,22.9481],[69.0277,22.9372],[69.0443,22.9302],[69.0631,22.918],[69.0793,22.9211],[69.0774,22.9103],[69.1079,22.8904],[69.1173,22.8942],[69.1216,22.8812],[69.1371,22.8708],[69.1606,22.8602],[69.1732,22.852],[69.1809,22.8576],[69.1946,22.8389],[69.224,22.8369],[69.2686,22.825],[69.2867,22.8276],[69.3017,22.8332],[69.3216,22.8319],[69.345,22.8217],[69.3575,22.8216],[69.3919,22.8132],[69.4097,22.8038],[69.4314,22.7883],[69.4476,22.7793],[69.4519,22.7861],[69.4346,22.7984],[69.4314,22.8088],[69.4574,22.8141],[69.4686,22.7978],[69.4834,22.7992],[69.4985,22.7973],[69.5087,22.8052],[69.5311,22.802],[69.5575,22.8075],[69.5679,22.8136],[69.5915,22.8141],[69.6005,22.8051],[69.618,22.8119],[69.6255,22.8083],[69.6343,22.8116],[69.6475,22.796],[69.7125,22.8059],[69.7238,22.8143],[69.7417,22.8201],[69.748,22.8183],[69.7687,22.8262],[69.7812,22.834],[69.7951,22.8483],[69.8118,22.8497],[69.8274,22.8575],[69.8563,22.8685],[69.8988,22.8711],[69.913,22.8845],[69.939,22.8975],[69.9698,22.8994],[70.0476,22.9188],[70.0803,22.9198],[70.085,22.9326],[70.0613,22.9337],[70.0528,22.9529],[70.0627,22.9547],[70.1078,22.9778],[70.1221,22.9964],[70.1253,23.0047],[70.1648,23.0537],[70.169,23.065],[70.1828,23.0778],[70.1984,23.1043],[70.2066,23.1067],[70.2075,23.1155],[70.2158,23.1285],[70.2248,23.1303],[70.2251,23.1447],[70.2376,23.1379],[70.244,23.1484],[70.2453,23.1635],[70.2596,23.1678],[70.2652,23.1618],[70.2803,23.1705],[70.3085,23.1811],[70.3087,23.1923],[70.3012,23.1937],[70.3006,23.2087],[70.312,23.2147],[70.3219,23.2117],[70.3317,23.2155],[70.3404,23.2106],[70.3578,23.2171],[70.3845,23.2147],[70.408,23.2176],[70.4232,23.207],[70.4642,23.1989],[70.4869,23.1905],[70.5052,23.1766],[70.5254,23.1783],[70.5825,23.1776],[70.6132,23.1809],[70.6359,23.1854],[70.6467,23.2138],[70.6667,23.2289],[70.6972,23.2114],[70.7117,23.2143],[70.7179,23.1892],[70.7036,23.1727],[70.7126,23.1548],[70.6869,23.1446],[70.6843,23.1405],[70.6888,23.1173],[70.6382,23.0815],[70.629,23.0628],[70.6094,23.064],[70.5968,23.0613],[70.5934,23.0553],[70.6018,23.0346],[70.5872,23.0309],[70.5719,23.0375],[70.5614,23.0294],[70.5478,23.0004],[70.5391,22.9643],[70.5238,22.9651],[70.5121,22.9605],[70.4904,22.9672],[70.4789,22.9752],[70.4644,22.9671],[70.4375,22.9653],[70.456,22.9504],[70.4817,22.937],[70.4831,22.9126],[70.4729,22.8953],[70.4719,22.8753],[70.4613,22.8527],[70.4284,22.8301],[70.4092,22.8252],[70.4197,22.8381],[70.4094,22.8526],[70.4079,22.8625],[70.4233,22.8927],[70.4265,22.9041],[70.4201,22.9102],[70.4141,22.927],[70.3761,22.9084],[70.3622,22.8905],[70.3405,22.8565],[70.3294,22.8446],[70.2971,22.7886],[70.2925,22.766],[70.2682,22.7581],[70.2488,22.747],[70.2363,22.7291],[70.2175,22.7126],[70.2224,22.7088],[70.2135,22.681],[70.2231,22.6731],[70.2167,22.661],[70.2093,22.6581],[70.1936,22.6389],[70.1925,22.6282],[70.1773,22.605],[70.1641,22.5938],[70.1568,22.5937],[70.1513,22.5702],[70.142,22.5771],[70.1303,22.5676],[70.1289,22.5579],[70.1206,22.5536],[70.0842,22.5531],[70.0697,22.5588],[70.061,22.5559],[70.0378,22.5617],[70.0178,22.5461],[70.0114,22.5482],[69.9727,22.5403],[69.9467,22.5281],[69.9542,22.5047],[69.9328,22.5144],[69.9104,22.5025],[69.9025,22.4951],[69.8896,22.4941],[69.8964,22.4829],[69.87,22.4699],[69.8622,22.4622],[69.8448,22.472],[69.8223,22.4723],[69.8136,22.4651],[69.8037,22.4641],[69.8049,22.4515],[69.8145,22.4342],[69.8044,22.4236],[69.7936,22.4261],[69.7848,22.4358],[69.7851,22.4586],[69.7813,22.4674],[69.766,22.4753],[69.7516,22.4612],[69.7524,22.4402],[69.7393,22.4469],[69.7437,22.4588],[69.7354,22.4686],[69.7364,22.4768],[69.7307,22.4844],[69.7005,22.4607],[69.6947,22.4425],[69.7055,22.4335],[69.6986,22.4168],[69.7006,22.3961],[69.6782,22.3971],[69.6632,22.3934],[69.6558,22.3596],[69.6355,22.358],[69.6171,22.3683],[69.6189,22.3573],[69.6132,22.3494],[69.5964,22.3475],[69.5919,22.3588],[69.5743,22.3672],[69.5646,22.355],[69.5575,22.3686],[69.5435,22.3768],[69.5241,22.3695],[69.5174,22.3726],[69.4995,22.3661],[69.4912,22.3552],[69.4896,22.3377],[69.4679,22.3289],[69.4572,22.3319],[69.4435,22.3304],[69.4371,22.3226],[69.4244,22.3166],[69.3919,22.3161],[69.3777,22.3207],[69.3673,22.3171],[69.3578,22.319],[69.3518,22.3267],[69.336,22.3225],[69.3401,22.3128],[69.334,22.3031],[69.3257,22.3016],[69.322,22.2918],[69.3128,22.287],[69.2978,22.2874],[69.2922,22.2752],[69.2796,22.2697],[69.2546,22.2673],[69.2406,22.2582],[69.2336,22.2498],[69.2337,22.2349],[69.2377,22.2227],[69.2129,22.2102],[69.2111,22.2196],[69.1953,22.2251],[69.1944,22.233],[69.1816,22.2322],[69.1786,22.2126],[69.1676,22.2123],[69.1672,22.2038],[69.157,22.1953],[69.1367,22.1952],[69.1394,22.2111],[69.1349,22.2236],[69.1495,22.2378],[69.1539,22.2492],[69.1488,22.2543],[69.1555,22.262],[69.1593,22.2768],[69.1605,22.3047],[69.1569,22.3158],[69.165,22.3232],[69.1693,22.3333],[69.1655,22.3499],[69.1727,22.3628],[69.1723,22.373],[69.1906,22.3875],[69.1974,22.3876],[69.1988,22.401],[69.1881,22.4146],[69.1723,22.4133],[69.1634,22.404],[69.1506,22.4006],[69.1391,22.4014],[69.1311,22.3939],[69.1023,22.4094],[69.1034,22.3987],[69.0825,22.3882],[69.0721,22.3872],[69.0394,22.4034],[69.0468,22.4223],[69.0413,22.4322],[69.0395,22.4455],[69.0517,22.4407],[69.0668,22.4531],[69.0744,22.4542],[69.0765,22.4653],[69.0835,22.4739],[69.0702,22.4783],[69.054,22.4655],[69.0293,22.4535],[69.0064,22.4394],[68.9927,22.419],[68.9852,22.4134],[68.9691,22.3895],[68.9668,22.3795],[68.9574,22.3652],[68.9591,22.3535],[68.9558,22.3358],[68.943,22.3328],[68.9364,22.3114],[68.9416,22.2916],[68.9593,22.2564],[68.9538,22.2524],[68.9559,22.2415],[68.9856,22.2263],[68.9778,22.2163],[68.9963,22.1949],[69.0198,22.1702],[69.0483,22.1365],[69.0941,22.0923],[69.1097,22.0708],[69.1249,22.0558],[69.1896,21.9867],[69.1972,21.9812],[69.2172,21.9576],[69.2384,21.9368],[69.2435,21.9344],[69.282,21.8955],[69.2913,21.8893],[69.3237,21.861],[69.354,21.8377],[69.3649,21.8344],[69.3818,21.8192],[69.3999,21.7967],[69.433,21.7665],[69.4427,21.7615],[69.4531,21.7506],[69.4775,21.7343],[69.4999,21.7104],[69.5413,21.6725],[69.5845,21.6377],[69.6027,21.637],[69.6498,21.5901],[69.6677,21.5697],[69.6988,21.5427],[69.7115,21.5398],[69.7111,21.5312],[69.7176,21.5232],[69.8016,21.431],[69.8153,21.4168],[69.8847,21.3349],[69.9338,21.2806],[69.9598,21.2505],[69.9822,21.2275],[70.0105,21.1956],[70.0284,21.1786],[70.0478,21.1568],[70.0985,21.108],[70.1028,21.1068],[70.134,21.0797],[70.1566,21.0573],[70.187,21.0312],[70.2254,21.0002],[70.238,20.9933],[70.256,20.9747],[70.2761,20.9617],[70.2813,20.9559],[70.3082,20.9387],[70.3206,20.9277],[70.3474,20.9148],[70.3693,20.8994],[70.3754,20.9029],[70.3924,20.8945],[70.4028,20.8863],[70.4256,20.8631],[70.4694,20.8386],[70.4872,20.8348],[70.4893,20.8293],[70.5078,20.8219],[70.5184,20.8141],[70.5416,20.8029],[70.5574,20.809],[70.5676,20.8094],[70.5735,20.8158],[70.5866,20.8126],[70.5886,20.8018],[70.5675,20.8018],[70.563,20.7938],[70.5751,20.7914],[70.599,20.7784],[70.6098,20.7773],[70.6139,20.7714],[70.6271,20.768],[70.6438,20.7792],[70.6556,20.7766],[70.6562,20.7587],[70.6636,20.7609],[70.6758,20.757],[70.7039,20.7385],[70.7319,20.7269],[70.743,20.7199],[70.7667,20.7202],[70.7886,20.7111],[70.8031,20.7005],[70.813,20.7151],[70.8264,20.7118],[70.8329,20.6978],[70.8466,20.7073],[70.8736,20.7042],[70.8722,20.7182],[70.8781,20.7284],[70.9115,20.7372],[70.9203,20.7428],[70.9386,20.7323],[70.9599,20.7366],[70.9644,20.7295],[70.9749,20.7274],[70.9938,20.7361],[70.9997,20.742],[71.0075,20.7374],[71.0155,20.7391],[71.0443,20.7346],[71.05,20.7309],[71.06,20.7363],[71.0714,20.735],[71.0802,20.7384],[71.0784,20.7501],[71.0925,20.7573],[71.1115,20.7575],[71.1192,20.7546],[71.1489,20.7581],[71.1498,20.7713],[71.1575,20.7795],[71.1848,20.7839],[71.2018,20.7887],[71.2092,20.8007],[71.2326,20.8043],[71.2397,20.8117],[71.2484,20.8125],[71.2676,20.8231],[71.2835,20.8276],[71.3215,20.847],[71.3473,20.8526],[71.3542,20.8509],[71.3772,20.8574],[71.3737,20.8683],[71.3801,20.8747],[71.3942,20.8748],[71.4049,20.8688],[71.4259,20.8676],[71.4408,20.8708],[71.4499,20.8821],[71.4623,20.8814],[71.4769,20.8945],[71.4798,20.907],[71.4951,20.9174],[71.4968,20.9246],[71.5114,20.9446],[71.5316,20.9531],[71.5384,20.9452],[71.5505,20.9509],[71.5655,20.9493],[71.5796,20.9539],[71.5824,20.9588],[71.605,20.9644],[71.6127,20.9686],[71.6294,20.9693],[71.6345,20.9739],[71.6291,20.9838],[71.6495,20.9964],[71.6588,20.9986],[71.6798,20.9976],[71.6848,21.0061],[71.6988,21.011],[71.711,21.0189],[71.7236,21.0217],[71.7416,21.0199],[71.7794,21.0299],[71.7737,21.0373],[71.7473,21.0316],[71.7569,21.0442],[71.7512,21.0564],[71.7721,21.0555],[71.7766,21.0398],[71.7864,21.0436],[71.7922,21.0398],[71.805,21.0414],[71.7977,21.0551],[71.8198,21.0713],[71.8312,21.0732],[71.8203,21.0868],[71.8308,21.0982],[71.8515,21.0812],[71.8606,21.088],[71.8782,21.0895],[71.8939,21.1088],[71.9374,21.1164],[71.9713,21.1289],[71.9888,21.1431],[71.9792,21.1496],[71.9888,21.1553],[71.9998,21.1687],[72.0003,21.1757],[72.0139,21.1831],[72.0208,21.1769],[72.0083,21.1556],[71.9967,21.1469],[72.0074,21.1393],[72.0175,21.1538],[72.045,21.1635],[72.0643,21.178],[72.0741,21.1806],[72.086,21.1902],[72.1124,21.2],[72.1095,21.2099],[72.0905,21.2277],[72.0848,21.2364],[72.0844,21.2463],[72.0976,21.2634],[72.0985,21.2793],[72.1037,21.2806],[72.1115,21.2928],[72.1117,21.3044],[72.1325,21.339],[72.1559,21.3605],[72.1677,21.3761],[72.1764,21.3924],[72.2107,21.4209],[72.2354,21.4559],[72.2367,21.4651],[72.2438,21.4742],[72.2528,21.4957],[72.2571,21.4967],[72.2656,21.52],[72.2688,21.5222],[72.2718,21.5446],[72.2772,21.5652],[72.29,21.5843],[72.2989,21.6033],[72.3047,21.6097],[72.3094,21.639],[72.2933,21.6698],[72.2903,21.6806],[72.2799,21.6942],[72.2552,21.6935],[72.2538,21.6864],[72.2353,21.6967],[72.2224,21.7204],[72.2188,21.7363],[72.1939,21.7503],[72.1772,21.8036],[72.1623,21.8073],[72.1919,21.8267],[72.2203,21.8194],[72.2355,21.8119],[72.2425,21.8297],[72.2173,21.8669],[72.2053,21.8968],[72.2032,21.9137],[72.2086,21.9425],[72.2068,21.9514],[72.2117,21.962],[72.2373,21.9713],[72.2418,21.9757],[72.244,21.9995],[72.2473,22.0133],[72.2404,22.0207],[72.2373,22.0391],[72.2254,22.0545],[72.2295,22.0665],[72.2502,22.0679],[72.2627,22.0658],[72.2695,22.0596],[72.2812,22.0798],[72.2889,22.1007],[72.3086,22.1469],[72.3235,22.1436],[72.3386,22.1767],[72.3341,22.1922],[72.3392,22.2137],[72.358,22.2476],[72.3625,22.2715],[72.3624,22.2953],[72.3733,22.3158],[72.3939,22.3062],[72.4186,22.3018],[72.4212,22.2802],[72.4057,22.2673],[72.4034,22.2572],[72.4081,22.2296],[72.4273,22.2095],[72.4653,22.2599],[72.4803,22.2667],[72.4812,22.2724],[72.5003,22.2777],[72.5167,22.3056],[72.5158,22.3211],[72.5372,22.3021],[72.5566,22.2953],[72.5803,22.3011],[72.6488,22.2848],[72.6591,22.2789],[72.6822,22.276],[72.687,22.2718],[72.7018,22.2807],[72.7158,22.274],[72.7372,22.2753],[72.7508,22.2546],[72.7518,22.2369],[72.7638,22.234],[72.813,22.2668],[72.8398,22.2812],[72.86,22.282],[72.872,22.2849],[72.8925,22.2672],[72.9107,22.267],[72.9125,22.2733],[72.9068,22.2887],[72.9131,22.3022],[72.9282,22.3117],[72.9396,22.3093],[72.9494,22.2945],[72.943,22.2882],[72.9318,22.2887],[72.9212,22.2551],[72.9133,22.2404],[72.9018,22.2332],[72.8888,22.2307],[72.8745,22.2205],[72.8564,22.2236],[72.8443,22.2344],[72.8091,22.2236],[72.7774,22.1983],[72.7582,22.1742],[72.7444,22.1739],[72.7279,22.1811],[72.6965,22.1865],[72.6832,22.1972],[72.6723,22.2016],[72.6564,22.2129],[72.6482,22.2156],[72.621,22.2168],[72.6052,22.213],[72.5804,22.1974],[72.5667,22.1822],[72.5504,22.1494],[72.5508,22.1405],[72.5437,22.1291],[72.5443,22.1068],[72.5372,22.0972],[72.5312,22.0782],[72.5228,22.0413],[72.5168,21.9995],[72.5218,21.9924],[72.509,21.9442],[72.5093,21.9142],[72.5151,21.8853],[72.5218,21.8803],[72.5582,21.8789],[72.583,21.8904],[72.5854,21.8974],[72.5825,21.9184],[72.5947,21.9314],[72.6378,21.9606],[72.656,21.9617],[72.667,21.9555],[72.6428,21.9417],[72.6318,21.9164],[72.6243,21.8796],[72.6209,21.8293],[72.6187,21.8104],[72.5955,21.804],[72.602,21.7897],[72.6018,21.7815],[72.585,21.7726],[72.5864,21.7578],[72.5973,21.75],[72.5794,21.7401],[72.5579,21.7351],[72.5488,21.736],[72.5399,21.7292],[72.532,21.7085],[72.5278,21.6782],[72.5527,21.6616],[72.5636,21.6638],[72.5928,21.6761],[72.6238,21.682],[72.6449,21.6793],[72.659,21.68],[72.6663,21.6864],[72.6929,21.6784],[72.7004,21.6831],[72.7276,21.686],[72.7532,21.6789],[72.7619,21.6705],[72.7899,21.6631],[72.8072,21.651],[72.7823,21.6423],[72.7544,21.646],[72.731,21.6373],[72.7188,21.6382],[72.7,21.6455],[72.6926,21.6376],[72.6749,21.6273],[72.6589,21.6266],[72.6508,21.6172],[72.6351,21.6182],[72.6205,21.5941],[72.6122,21.5852],[72.6167,21.5684],[72.614,21.5585],[72.6175,21.5509],[72.6354,21.5353],[72.652,21.5382],[72.6588,21.549],[72.6645,21.5395],[72.6846,21.5442],[72.6922,21.5346],[72.704,21.5338],[72.7058,21.5269],[72.6808,21.4974],[72.6704,21.4831],[72.6665,21.473],[72.6528,21.4599],[72.6605,21.4498],[72.6924,21.4522],[72.6814,21.4347],[72.6726,21.4263],[72.6523,21.384],[72.6493,21.3728],[72.6541,21.3461],[72.632,21.3431],[72.6237,21.3369],[72.6214,21.3243],[72.6006,21.3232],[72.5976,21.3054],[72.6004,21.2898],[72.6093,21.2798],[72.6094,21.2688],[72.6199,21.2536],[72.6223,21.2425],[72.6305,21.2342],[72.6549,21.2168],[72.6381,21.211],[72.632,21.1751],[72.6287,21.144],[72.6188,21.1141],[72.6207,21.0991],[72.6315,21.082],[72.6536,21.0762],[72.663,21.09],[72.665,21.0996],[72.7021,21.0956],[72.6927,21.0809],[72.6933,21.0657],[72.6992,21.0614],[72.7281,21.0668],[72.7456,21.0606],[72.7545,21.0524],[72.7256,21.0532],[72.7214,21.0484],[72.7221,21.0344],[72.7279,21.007],[72.7333,20.9999],[72.7411,20.98],[72.7466,20.9563],[72.7651,20.9207],[72.7856,20.916],[72.7925,20.8968],[72.8309,20.8066],[72.8396,20.8037],[72.836,20.787],[72.8426,20.7773],[72.8493,20.7483],[72.8493,20.7367],[72.8542,20.7148],[72.8673,20.6805],[72.8733,20.6559],[72.8792,20.649],[72.8903,20.6161],[72.8982,20.583],[72.8967,20.5677],[72.883,20.5312],[72.8858,20.5137],[72.8845,20.5023],[72.8685,20.4916],[72.8556,20.4675],[72.863,20.4638],[72.8881,20.4606],[72.8902,20.4386],[72.8702,20.4399],[72.8573,20.4188],[72.8703,20.4138],[72.8815,20.4193],[72.898,20.4205],[72.9042,20.4147],[72.9027,20.4057],[72.8828,20.3978],[72.887,20.3854],[72.8963,20.3803],[72.8907,20.3726],[72.8767,20.3697],[72.8458,20.3748],[72.8305,20.3678],[72.8212,20.3677],[72.8107,20.355],[72.7901,20.3517],[72.7776,20.3368],[72.7748,20.3273],[72.7729,20.3032],[72.7625,20.3014],[72.7551,20.2916],[72.7528,20.2613],[72.7412,20.2472],[72.745,20.2259],[72.7457,20.2018],[72.7415,20.1845],[72.7375,20.1348],[72.7535,20.1309],[72.7752,20.1319],[72.7941,20.1227],[72.7874,20.139],[72.7888,20.1489],[72.8103,20.1517],[72.817,20.1561],[72.8211,20.1877],[72.8309,20.1965],[72.839,20.2089],[72.8612,20.2074],[72.8587,20.2245],[72.8705,20.2281],[72.8896,20.22],[72.8994,20.2276],[72.9153,20.2236],[72.933,20.2161],[72.9495,20.2156],[72.9625,20.2094],[72.9616,20.2088],[72.9632,20.2085],[72.9648,20.2115],[72.9659,20.2187],[72.9663,20.2215],[72.9659,20.2221],[72.954,20.2369],[72.9309,20.2427],[72.9239,20.2553],[72.9119,20.269],[72.917,20.2813],[72.9417,20.2925],[72.9549,20.2843],[72.9628,20.2712],[72.9733,20.2703],[72.9818,20.2769],[72.9849,20.2881],[72.9936,20.2924],[73.006,20.2889],[73.0162,20.2936],[73.0358,20.2923],[73.0383,20.3173],[73.0482,20.3236],[73.0673,20.3294],[73.0775,20.3229],[73.085,20.3312],[73.0908,20.3448],[73.09,20.3584],[73.0971,20.3601],[73.1054,20.3498],[73.1094,20.333],[73.1088,20.3238],[73.1014,20.3028],[73.1241,20.3036],[73.1294,20.3174],[73.1514,20.3172],[73.1641,20.2975],[73.1657,20.2829],[73.1582,20.2802],[73.1517,20.2905],[73.1446,20.285],[73.1425,20.2738],[73.1308,20.2678],[73.1269,20.2594],[73.1149,20.2565],[73.0973,20.236],[73.0983,20.2291],[73.0979,20.2275],[73.0712,20.23],[73.0602,20.2233],[73.0537,20.2053],[73.0598,20.1939],[73.0629,20.1697],[73.0605,20.1618],[73.0727,20.1549],[73.0795,20.1732],[73.0873,20.1702],[73.0905,20.1603],[73.107,20.1579],[73.1139,20.152],[73.1191,20.1674],[73.1287,20.1734],[73.1363,20.17],[73.1421,20.1773],[73.1329,20.1919],[73.1332,20.2057],[73.1574,20.1983],[73.1685,20.2082],[73.1717,20.1984],[73.182,20.1943],[73.1991,20.1944],[73.218,20.1858],[73.2147,20.1697],[73.2062,20.1625],[73.1912,20.1628],[73.1856,20.1558],[73.1857,20.1373],[73.1889,20.1276],[73.2107,20.1205],[73.2179,20.1364],[73.2257,20.1399],[73.2264,20.1259],[73.2547,20.127],[73.254,20.1378],[73.2649,20.1399],[73.2782,20.1487],[73.2817,20.167],[73.2813,20.1902],[73.2963,20.2074],[73.3016,20.2099],[73.3161,20.2027],[73.3257,20.2059],[73.3429,20.1995],[73.347,20.21],[73.3578,20.2127],[73.3664,20.2039],[73.3862,20.2103],[73.3861,20.1963],[73.3946,20.1988],[73.4064,20.1955],[73.4166,20.1982],[73.4215,20.2065],[73.4168,20.2124],[73.4108,20.2385],[73.4184,20.2733],[73.4274,20.278],[73.4203,20.2973],[73.4205,20.3073],[73.4155,20.3181],[73.4185,20.3301],[73.4094,20.3485],[73.4137,20.3521],[73.4065,20.3733],[73.4065,20.3831],[73.3994,20.3844],[73.3848,20.3712],[73.3805,20.3774],[73.38,20.3939],[73.3981,20.4037],[73.4232,20.4221],[73.4209,20.4278],[73.4449,20.4747],[73.4563,20.4782],[73.4577,20.4898],[73.4677,20.4964],[73.467,20.5089],[73.4704,20.5208],[73.4928,20.5357],[73.4927,20.5399],[73.4752,20.5443],[73.4791,20.5605],[73.4742,20.5831],[73.464,20.5896],[73.4492,20.5942],[73.4292,20.5962],[73.428,20.6072],[73.4202,20.6272],[73.4094,20.6262],[73.4069,20.6354],[73.3942,20.6407],[73.3921,20.6489],[73.406,20.6549],[73.4125,20.6614],[73.4293,20.6634],[73.4322,20.6773],[73.4436,20.6806],[73.4484,20.6922],[73.4409,20.6997],[73.445,20.7098],[73.4668,20.722],[73.4747,20.7203],[73.4761,20.7091],[73.4903,20.6863],[73.4844,20.6701],[73.4893,20.6557],[73.4957,20.6535],[73.5021,20.6619],[73.518,20.6676],[73.5219,20.6755],[73.5313,20.6741],[73.5509,20.6485],[73.5579,20.6456],[73.5694,20.6515],[73.5996,20.6368],[73.6219,20.6147],[73.6274,20.5963],[73.6269,20.5849],[73.6512,20.5685],[73.6524,20.5645],[73.6696,20.5632],[73.6834,20.5726],[73.7155,20.5764],[73.7463,20.5683],[73.7617,20.5752],[73.775,20.5995],[73.7913,20.6052],[73.8002,20.6007],[73.819,20.6135],[73.8255,20.612],[73.8384,20.6205],[73.8328,20.6401],[73.8327,20.6487],[73.8391,20.6588],[73.8307,20.675],[73.8173,20.6718],[73.8119,20.692],[73.8256,20.7008],[73.8355,20.7021],[73.8506,20.6958],[73.8627,20.7032],[73.8745,20.7296],[73.8831,20.7332],[73.8945,20.7314],[73.9049,20.7253],[73.9348,20.7363],[73.9422,20.7423],[73.9416,20.7578],[73.9319,20.7605],[73.9348,20.7733],[73.9331,20.7924],[73.9361,20.8019],[73.932,20.8089],[73.9422,20.8235],[73.9394,20.8384],[73.9292,20.8422],[73.9236,20.8512],[73.9256,20.8883],[73.9174,20.9076],[73.9011,20.9196],[73.8882,20.9352],[73.8921,20.9556],[73.9089,20.9642],[73.9011,20.9821],[73.8886,20.9799],[73.8677,20.9859],[73.8344,21.0084],[73.8148,21.0233],[73.7953,21.0443],[73.8103,21.0582],[73.8076,21.0846],[73.7942,21.0714],[73.7801,21.0643],[73.7641,21.069],[73.7297,21.0822],[73.733,21.0984],[73.7058,21.1081],[73.7029,21.1182],[73.6887,21.1006],[73.677,21.1084],[73.6517,21.1074],[73.6462,21.1211],[73.6308,21.1231],[73.6182,21.1183],[73.6117,21.1379],[73.6174,21.1425],[73.6049,21.1438],[73.5986,21.1565],[73.5783,21.1503],[73.5767,21.1565],[73.5831,21.1608],[73.5772,21.1706],[73.6065,21.1787],[73.6055,21.1718],[73.6071,21.1635],[73.6071,21.1624],[73.6071,21.161],[73.6141,21.1557],[73.6298,21.1533],[73.6298,21.1522],[73.6299,21.1512],[73.6272,21.1432],[73.6431,21.1394],[73.6647,21.1471],[73.6639,21.1517],[73.6761,21.1534],[73.6754,21.1525],[73.7016,21.1536],[73.7011,21.1461],[73.7174,21.1407],[73.733,21.1422],[73.7372,21.15],[73.7296,21.1652],[73.7576,21.1673],[73.7721,21.1646],[73.7826,21.1741],[73.7845,21.1838],[73.8028,21.1748],[73.8157,21.1739],[73.8196,21.1863],[73.8257,21.1864],[73.8259,21.1999],[73.8153,21.1972],[73.8111,21.2091],[73.8116,21.231],[73.8283,21.2398],[73.823,21.2652],[73.8487,21.2746],[73.8637,21.2723],[73.8794,21.2658],[73.9085,21.2785],[73.9221,21.2895],[73.9331,21.291],[73.9425,21.3001],[73.9422,21.3254],[73.949,21.351],[73.9446,21.3809],[73.9439,21.3998],[73.9518,21.3952],[73.9693,21.397],[73.9778,21.4072],[74.0024,21.4173],[74.0083,21.4228],[74.0235,21.4177],[74.0443,21.4191],[74.0481,21.4233],[74.0495,21.4401],[74.0466,21.4486],[74.0701,21.4717],[74.0733,21.4567],[74.0946,21.4557],[74.1007,21.4476],[74.1163,21.4523],[74.1169,21.4619],[74.1338,21.4658],[74.1359,21.4561],[74.1481,21.458],[74.1594,21.4685],[74.1823,21.4691],[74.1877,21.4581],[74.2091,21.4621],[74.214,21.4815],[74.2344,21.4822],[74.2358,21.4677],[74.2534,21.4676],[74.2558,21.4766],[74.2772,21.4792],[74.2799,21.4826],[74.304,21.4879],[74.3039,21.4994],[74.3206,21.4984],[74.3208,21.529],[74.3306,21.5353],[74.3304,21.5527],[74.3031,21.5521],[74.3029,21.5666],[74.2949,21.569],[74.2761,21.5619],[74.2684,21.5525],[74.2634,21.5398],[74.236,21.5393],[74.2349,21.5508],[74.2176,21.5446],[74.2003,21.5323],[74.1878,21.5406],[74.1756,21.5561],[74.1757,21.5687],[74.1577,21.5687],[74.154,21.5568],[74.1392,21.5553],[74.1377,21.5489],[74.1198,21.5515],[74.1099,21.5559],[74.0818,21.5487],[74.0599,21.5502],[74.0537,21.5585],[74.0546,21.5502],[74.0528,21.5476],[74.053,21.5466],[74.0501,21.5478],[74.0506,21.5455],[74.049,21.5453],[74.0492,21.544],[74.0471,21.545],[74.0476,21.5451],[74.0433,21.5456],[74.0433,21.5445],[74.037,21.5449],[74.0384,21.5454],[74.0379,21.5488],[74.0379,21.5507],[74.0345,21.5479],[74.0347,21.5459],[74.0207,21.5499],[74.0103,21.5491],[74.0106,21.5494],[74.0002,21.5449],[74.0018,21.5418],[73.9955,21.5382],[73.9955,21.5385],[73.9962,21.5394],[73.9934,21.5413],[73.9934,21.5418],[73.974,21.5426],[73.9745,21.5392],[73.9743,21.5383],[73.9743,21.5372],[73.9823,21.5218],[73.9675,21.5226],[73.9546,21.5402],[73.9554,21.5355],[73.9542,21.5336],[73.956,21.5252],[73.9543,21.5239],[73.9553,21.5203],[73.9522,21.5184],[73.9521,21.5169],[73.9513,21.5151],[73.9518,21.5126],[73.9512,21.5126],[73.9512,21.5124],[73.9402,21.5146],[73.9403,21.5142],[73.9319,21.512],[73.932,21.513],[73.9287,21.5195],[73.9288,21.523],[73.921,21.5234],[73.9214,21.5203],[73.9043,21.5241],[73.9054,21.5191],[73.905,21.519],[73.9054,21.5157],[73.878,21.5043],[73.8729,21.5104],[73.8729,21.5107],[73.8686,21.5108],[73.8686,21.5127],[73.8645,21.5122],[73.8727,21.5063],[73.8644,21.4997],[73.8645,21.4993],[73.8639,21.4985],[73.8639,21.4981],[73.863,21.498],[73.863,21.4987],[73.8496,21.5025],[73.8463,21.5082],[73.8348,21.5202],[73.8326,21.5376],[73.8274,21.5449],[73.8122,21.6025],[73.7993,21.6036],[73.7814,21.6185],[73.7802,21.6282],[73.7881,21.634],[73.8299,21.6425],[73.8389,21.6332],[73.8512,21.6455],[73.8597,21.642],[73.8849,21.6535],[73.8937,21.6713],[73.8917,21.6917],[73.881,21.7146],[73.868,21.718],[73.8516,21.7363],[73.8362,21.7468],[73.8329,21.7554],[73.8237,21.7645],[73.8317,21.771],[73.8256,21.8112],[73.8079,21.8098],[73.8045,21.8186],[73.7957,21.8243],[73.8082,21.8376],[73.8263,21.8426],[73.8552,21.8431],[73.8711,21.8412],[73.8897,21.8555],[73.9095,21.857],[73.9296,21.8644],[73.9654,21.8843],[74.0287,21.9113],[74.0526,21.9271],[74.0762,21.932],[74.108,21.9443],[74.1467,21.9528],[74.1404,21.9726],[74.1495,21.9747],[74.1505,21.9867],[74.1187,21.9988],[74.1045,21.9984],[74.0951,22.0114],[74.0948,22.0189],[74.1088,22.0221],[74.124,22.0363],[74.1356,22.0528],[74.16,22.0589],[74.1584,22.0699],[74.1703,22.0916],[74.1692,22.1006],[74.1537,22.1004],[74.1526,22.1059],[74.1285,22.0946],[74.1245,22.098],[74.1285,22.1244],[74.1228,22.1356],[74.1307,22.1445],[74.1318,22.163],[74.1248,22.1642],[74.1183,22.1869],[74.1217,22.1941],[74.1165,22.2162],[74.1062,22.2202],[74.0723,22.219],[74.0693,22.2326],[74.0741,22.238],[74.0745,22.2656],[74.0679,22.2652],[74.0588,22.2745],[74.0524,22.2943],[74.0538,22.3037],[74.0631,22.307],[74.0631,22.327],[74.0715,22.3359],[74.0723,22.3432],[74.0649,22.3545],[74.0718,22.3614],[74.0921,22.3608],[74.0959,22.371],[74.1124,22.3668],[74.1137,22.3575],[74.1255,22.3562],[74.1281,22.333],[74.1423,22.3274],[74.1902,22.3202],[74.1926,22.3326],[74.2027,22.3486],[74.203,22.3641],[74.2246,22.357],[74.2237,22.3799],[74.2433,22.3759],[74.2429,22.3824],[74.2542,22.3857],[74.2591,22.398],[74.2704,22.413],[74.2544,22.4216],[74.2461,22.4149],[74.2378,22.422],[74.244,22.4338],[74.2152,22.4413],[74.2128,22.4311],[74.2008,22.4355],[74.2037,22.4461],[74.2026,22.4691],[74.1878,22.4756],[74.1797,22.4619],[74.1851,22.4434],[74.1696,22.4392],[74.1605,22.4311],[74.1527,22.4425],[74.1553,22.454],[74.1361,22.4473],[74.1282,22.4343],[74.128,22.4222],[74.1194,22.4188],[74.1016,22.4354],[74.0976,22.4504],[74.1044,22.4646],[74.0863,22.4699],[74.0757,22.4641],[74.0742,22.4782],[74.0825,22.4846],[74.0829,22.5066],[74.0533,22.5086],[74.0409,22.489],[74.0335,22.4901],[74.0297,22.5077],[74.038,22.5139],[74.0384,22.5347],[74.0432,22.5436],[74.0542,22.5492],[74.0747,22.5513],[74.0993,22.5383],[74.1089,22.5398],[74.1345,22.5197],[74.1507,22.5212],[74.1504,22.5289],[74.1708,22.5473],[74.1891,22.5533],[74.1905,22.5688],[74.2104,22.565],[74.2112,22.5748],[74.2216,22.5832],[74.232,22.6123],[74.2405,22.6118],[74.2436,22.6207],[74.2538,22.6219],[74.2533,22.6341],[74.2719,22.6391],[74.2769,22.6459],[74.2925,22.6381],[74.3154,22.6339],[74.3391,22.6403],[74.3609,22.6338],[74.375,22.6362],[74.3842,22.6474],[74.3821,22.6676],[74.395,22.6857],[74.3945,22.7001],[74.4018,22.7315],[74.4141,22.7437],[74.4352,22.7823],[74.4378,22.7915],[74.4338,22.808],[74.4501,22.8083],[74.4648,22.8164],[74.4708,22.8419],[74.4766,22.8555],[74.4691,22.8685],[74.4704,22.8779],[74.4635,22.8884],[74.4606,22.9079],[74.4469,22.9213],[74.4184,22.9173],[74.4106,22.912],[74.4037,22.8987],[74.3932,22.8968],[74.3782,22.9069],[74.3706,22.922],[74.3624,22.9262],[74.3556,22.9396],[74.3395,22.9528],[74.3385,22.9636],[74.3507,22.9743],[74.3643,22.9814],[74.3492,23.0073],[74.3465,23.0246],[74.3399,23.0327],[74.3221,23.041],[74.3189,23.0588],[74.3244,23.0614],[74.3185,23.0731],[74.3001,23.0858],[74.2895,23.0884],[74.2834,23.0954],[74.2927,23.1179],[74.2837,23.1256],[74.2771,23.1406],[74.2738,23.158],[74.2693,23.1635],[74.2529,23.172],[74.2471,23.1844],[74.2345,23.1797],[74.2029,23.1902],[74.1958,23.1805],[74.1886,23.1781],[74.1834,23.168],[74.1854,23.1568],[74.1555,23.1563],[74.1467,23.1733],[74.1278,23.176],[74.1228,23.1845],[74.1256,23.2042],[74.1363,23.2109],[74.1408,23.2229],[74.1363,23.2452],[74.1388,23.266],[74.1156,23.2743],[74.1139,23.2843],[74.1069,23.2937],[74.0922,23.298],[74.0718,23.2988],[74.0483,23.2932],[74.0377,23.2954],[74.0248,23.321],[74.0287,23.3316],[74.0044,23.3358],[73.982,23.3378],[73.9842,23.3527],[73.9742,23.3727],[73.9624,23.3808],[73.938,23.3679],[73.9394,23.3443],[73.9337,23.3385],[73.9186,23.3354],[73.8896,23.3363],[73.8929,23.3478],[73.8884,23.3561],[73.8743,23.3636],[73.8738,23.3751],[73.8671,23.3782],[73.8582,23.3962],[73.8456,23.4074],[73.8389,23.4193],[73.8303,23.4262],[73.8332,23.4358],[73.828,23.4469],[73.8186,23.4384],[73.8015,23.437],[73.7958,23.4317],[73.779,23.4312],[73.7724,23.4386],[73.7673,23.453],[73.7565,23.4501],[73.7493,23.44],[73.7288,23.4231],[73.7212,23.4103],[73.7132,23.4143],[73.7051,23.4384],[73.7043,23.4514],[73.6913,23.4582],[73.6739,23.454],[73.6531,23.4424],[73.6462,23.4413],[73.636,23.449],[73.6332,23.4691],[73.6403,23.4826],[73.6407,23.4963],[73.6496,23.4964],[73.6564,23.5074],[73.6504,23.5185],[73.6331,23.5286],[73.6352,23.5383],[73.6331,23.555],[73.6374,23.5659],[73.6475,23.5743],[73.6439,23.5877],[73.6449,23.6041],[73.6557,23.6212],[73.6417,23.6274],[73.6152,23.6521],[73.5899,23.654],[73.5687,23.6529],[73.5465,23.6259],[73.5332,23.6196],[73.5227,23.6071],[73.5064,23.6189],[73.4938,23.6323],[73.5056,23.6387],[73.5039,23.6566],[73.5084,23.6955],[73.5073,23.7028],[73.4907,23.7068],[73.4735,23.7051],[73.4716,23.7192],[73.4501,23.7333],[73.4453,23.7548],[73.4319,23.7564],[73.4164,23.7702],[73.4108,23.7801],[73.3945,23.7828],[73.383,23.7694],[73.3715,23.7704],[73.3561,23.7849],[73.3573,23.7939],[73.3679,23.8141],[73.3677,23.8394],[73.3542,23.8518],[73.3611,23.8726],[73.3688,23.8795],[73.371,23.8911],[73.3875,23.9158],[73.3952,23.9189],[73.4065,23.9164],[73.4201,23.9248],[73.4208,23.9307],[73.413,23.9459],[73.4161,23.9701],[73.415,23.9857],[73.4033,23.9911],[73.408,24.008],[73.401,24.0311],[73.4046,24.0411],[73.3863,24.0646],[73.3606,24.0819],[73.362,24.1046],[73.3486,24.107],[73.3387,24.0987],[73.3266,24.1096],[73.3223,24.0895],[73.3253,24.0773],[73.3159,24.0583],[73.3067,24.046],[73.2998,24.0466],[73.2824,24.0192],[73.2705,24.0209],[73.261,24.0176],[73.2493,24.0031],[73.2395,24.004],[73.2296,24.0218],[73.2104,24.029],[73.2089,24.0338],[73.1932,24.0409],[73.2014,24.0496],[73.2139,24.0776],[73.1973,24.0865],[73.1671,24.0954],[73.1645,24.0961]],[[72.9669,20.2999],[72.9528,20.3153],[72.9617,20.3323],[72.9775,20.3313],[72.9828,20.3183],[72.9669,20.2999]]],[[[69.1426,22.4763],[69.1269,22.4748],[69.094,22.4607],[69.0945,22.4456],[69.0864,22.4304],[69.1037,22.4326],[69.1079,22.4374],[69.1073,22.4587],[69.1155,22.4666],[69.1325,22.4663],[69.1463,22.4623],[69.1502,22.4681],[69.1426,22.4763]]],[[[69.8258,22.4906],[69.8258,22.5012],[69.8176,22.5045],[69.7952,22.4971],[69.7852,22.4887],[69.8014,22.4772],[69.8258,22.4906]]],[[[68.5398,23.3473],[68.5249,23.3519],[68.5061,23.3414],[68.4976,23.3327],[68.4999,23.3218],[68.5242,23.3109],[68.5148,23.2968],[68.5202,23.2887],[68.5298,23.2987],[68.5268,23.3102],[68.5368,23.322],[68.5508,23.3256],[68.5555,23.3351],[68.5524,23.3489],[68.5398,23.3473]]],[[[69.9708,22.5696],[69.9717,22.5867],[69.9644,22.5859],[69.9573,22.576],[69.9449,22.568],[69.9608,22.5486],[69.9672,22.5457],[69.9893,22.5477],[70.0004,22.5549],[69.9869,22.5599],[69.9803,22.5728],[69.9708,22.5696]]],[[[70.0168,22.6],[69.9916,22.5978],[69.9855,22.5887],[69.9898,22.5757],[70.0014,22.5546],[70.0109,22.5559],[70.0328,22.5728],[70.0385,22.5733],[70.0375,22.5878],[70.0227,22.5936],[70.0168,22.6]]]]},"properties":{"ST_NM":"Gujarat"}},
{"type":"Feature","geometry":{"type":"MultiPolygon","coordinates":[[[[73.0542,8.2733],[73.0394,8.272],[73.0428,8.264],[73.0542,8.2733]]],[[[72.6442,10.5784],[72.6249,10.5499],[72.6467,10.5613],[72.6514,10.5693],[72.6442,10.5784]]],[[[73.6681,10.8176],[73.6596,10.8121],[73.6638,10.8057],[73.6774,10.8042],[73.6999,10.8117],[73.7004,10.8163],[73.6681,10.8176]]],[[[72.7203,11.114],[72.7313,11.1257],[72.7306,11.1368],[72.717,11.1238],[72.7203,11.114]]],[[[72.7621,11.1829],[72.7697,11.2057],[72.7757,11.2145],[72.7845,11.2431],[72.7795,11.2426],[72.7722,11.2169],[72.7636,11.1932],[72.7621,11.1829]]]]},"properties":{"ST_NM":"Lakshadweep"}},
{"type":"Feature","geometry":{"type":"Polygon","coordinates":[[[84.7647,19.0773],[84.7789,19.1012],[84.7938,19.1222],[84.8085,19.1542],[84.8217,19.1711],[84.8479,19.2009],[84.8789,19.2313],[84.9302,19.2762],[84.9803,19.3156],[85.0309,19.3471],[85.0794,19.375],[85.0928,19.3912],[85.0933,19.3987],[85.1042,19.413],[85.1429,19.4456],[85.1725,19.4674],[85.2203,19.5],[85.2234,19.5034],[85.2694,19.536],[85.3073,19.5615],[85.3532,19.5888],[85.4085,19.618],[85.4489,19.6366],[85.4978,19.6571],[85.5348,19.676],[85.6565,19.735],[85.6791,19.7451],[85.7499,19.7692],[85.8026,19.7881],[85.9054,19.8181],[85.9628,19.8326],[85.9964,19.838],[86.0577,19.8504],[86.1368,19.8722],[86.1973,19.8907],[86.23,19.9022],[86.2757,19.9275],[86.3072,19.9413],[86.3239,19.9462],[86.355,19.948],[86.3913,19.9569],[86.3795,19.9626],[86.393,19.9825],[86.4088,19.9951],[86.4123,20.0095],[86.4346,20.0531],[86.4761,20.0974],[86.4915,20.1182],[86.502,20.1359],[86.5126,20.1588],[86.5204,20.1702],[86.5498,20.194],[86.5955,20.2245],[86.6632,20.257],[86.6741,20.2599],[86.6692,20.2758],[86.6811,20.2711],[86.7223,20.2903],[86.7447,20.3061],[86.7574,20.3119],[86.7709,20.3239],[86.7765,20.3454],[86.8039,20.3673],[86.8098,20.375],[86.8077,20.3954],[86.7923,20.4026],[86.7984,20.4219],[86.8092,20.4436],[86.8101,20.4564],[86.8038,20.4694],[86.7971,20.4601],[86.8011,20.4539],[86.799,20.4397],[86.7922,20.4342],[86.7923,20.412],[86.7878,20.4049],[86.7877,20.3872],[86.7751,20.3934],[86.7589,20.3903],[86.7491,20.3804],[86.7447,20.3911],[86.733,20.395],[86.7294,20.382],[86.7129,20.3927],[86.7273,20.402],[86.7308,20.4114],[86.7304,20.4415],[86.7362,20.4612],[86.725,20.4755],[86.7375,20.4774],[86.7491,20.4744],[86.7577,20.4937],[86.7516,20.5159],[86.7587,20.5154],[86.7649,20.5038],[86.7761,20.5224],[86.7887,20.5341],[86.888,20.6047],[86.9306,20.6314],[86.9608,20.6527],[86.9777,20.662],[87.0263,20.6949],[87.0344,20.7026],[87.0556,20.715],[87.0439,20.7324],[87.0392,20.7438],[87.0411,20.7589],[87.0221,20.7703],[87.0146,20.7662],[87.0062,20.7698],[86.9735,20.7715],[86.9642,20.7673],[86.9194,20.7669],[86.9023,20.7627],[86.8952,20.7639],[86.8789,20.7739],[86.8548,20.7735],[86.8435,20.7678],[86.8284,20.7558],[86.8207,20.7333],[86.8054,20.733],[86.8262,20.7648],[86.8639,20.7817],[86.8818,20.7859],[86.9042,20.7841],[86.9079,20.7933],[86.926,20.7913],[86.9395,20.7929],[86.9564,20.7881],[86.9718,20.7939],[86.9777,20.8233],[86.9789,20.8499],[86.9768,20.8609],[86.9613,20.8872],[86.9513,20.8982],[86.9457,20.9146],[86.9379,20.9233],[86.9322,20.936],[86.9091,20.9791],[86.896,21.0096],[86.8728,21.0446],[86.8616,21.0706],[86.8572,21.0887],[86.8525,21.0946],[86.8426,21.1362],[86.8408,21.1578],[86.8431,21.1739],[86.8502,21.1956],[86.8633,21.2226],[86.8747,21.2393],[86.8907,21.2553],[86.9069,21.2862],[86.9211,21.3078],[86.945,21.3528],[86.9644,21.3742],[86.9842,21.3896],[87.0386,21.4201],[87.063,21.4416],[87.0669,21.462],[87.0859,21.4597],[87.0948,21.4658],[87.1102,21.4844],[87.1478,21.5087],[87.2022,21.5312],[87.2355,21.5383],[87.273,21.539],[87.3175,21.5418],[87.359,21.5419],[87.3853,21.533],[87.3941,21.533],[87.393,21.543],[87.3736,21.557],[87.3707,21.5635],[87.3569,21.5687],[87.3439,21.5695],[87.3448,21.5813],[87.3547,21.5772],[87.382,21.5737],[87.3923,21.5654],[87.4003,21.5487],[87.4141,21.5497],[87.425,21.5726],[87.4451,21.588],[87.4663,21.5987],[87.4842,21.6027],[87.4862,21.6098],[87.4807,21.6353],[87.4729,21.6517],[87.462,21.6507],[87.4623,21.6628],[87.4683,21.6641],[87.4668,21.6785],[87.4719,21.6843],[87.4706,21.7052],[87.4735,21.7131],[87.4669,21.7187],[87.4636,21.7317],[87.4581,21.7339],[87.4443,21.7529],[87.4444,21.7682],[87.4073,21.7691],[87.3959,21.7661],[87.3869,21.7758],[87.374,21.772],[87.3669,21.7806],[87.3588,21.7817],[87.3554,21.7911],[87.3473,21.7921],[87.3378,21.7837],[87.3295,21.7903],[87.3106,21.7927],[87.3097,21.7993],[87.2992,21.8009],[87.298,21.8108],[87.2857,21.8036],[87.2765,21.8052],[87.2745,21.8173],[87.2639,21.8189],[87.2653,21.8389],[87.2579,21.8498],[87.2488,21.8538],[87.2466,21.8613],[87.2515,21.8751],[87.2389,21.8999],[87.2425,21.9126],[87.2516,21.9177],[87.2551,21.9267],[87.236,21.9436],[87.2359,21.9571],[87.2114,21.9648],[87.1962,21.9595],[87.1773,21.9699],[87.1745,21.9772],[87.1634,21.9691],[87.1611,21.9534],[87.1632,21.9396],[87.1373,21.9236],[87.1199,21.9272],[87.1088,21.9232],[87.0967,21.9145],[87.0909,21.8992],[87.0994,21.8915],[87.0958,21.8821],[87.0986,21.8658],[87.0736,21.8674],[87.0574,21.866],[87.0397,21.8674],[87.0293,21.8758],[87.0229,21.8929],[87.0101,21.9006],[87.0019,21.913],[87.0094,21.9476],[87.0183,21.9609],[87.0223,21.974],[87.0301,21.9838],[87.032,21.9957],[87.0234,22.0206],[87.0282,22.0379],[87.0166,22.0473],[87.0097,22.0473],[86.9926,22.055],[86.9716,22.0732],[86.9713,22.0789],[86.9601,22.0879],[86.9465,22.0856],[86.9375,22.09],[86.907,22.0918],[86.8623,22.1017],[86.8519,22.1029],[86.8464,22.0962],[86.8378,22.0977],[86.8283,22.1178],[86.8202,22.1155],[86.8089,22.1192],[86.8132,22.1266],[86.8052,22.1325],[86.8043,22.1499],[86.7948,22.1572],[86.7888,22.1532],[86.7702,22.1492],[86.7386,22.1493],[86.7218,22.1468],[86.7179,22.1816],[86.7228,22.1899],[86.7214,22.2014],[86.727,22.2168],[86.7073,22.2225],[86.6899,22.2213],[86.6797,22.2253],[86.6731,22.2413],[86.656,22.2358],[86.6567,22.2496],[86.6515,22.2632],[86.6426,22.2647],[86.6357,22.2728],[86.6268,22.273],[86.613,22.2825],[86.5964,22.2775],[86.5848,22.3006],[86.56,22.301],[86.553,22.299],[86.5417,22.3082],[86.5339,22.3021],[86.5276,22.3071],[86.5288,22.3229],[86.5101,22.3272],[86.5091,22.3345],[86.4994,22.3463],[86.4899,22.3478],[86.4855,22.3372],[86.4714,22.3358],[86.4641,22.3253],[86.446,22.327],[86.4459,22.3081],[86.4322,22.3069],[86.4297,22.3166],[86.411,22.3198],[86.379,22.3408],[86.3678,22.3438],[86.3519,22.3636],[86.3426,22.3718],[86.33,22.3773],[86.3229,22.3848],[86.3226,22.3968],[86.3083,22.409],[86.3041,22.4219],[86.2974,22.424],[86.2834,22.4478],[86.2693,22.4423],[86.2378,22.4525],[86.2258,22.453],[86.2115,22.4715],[86.1973,22.4723],[86.1796,22.479],[86.1237,22.4886],[86.1185,22.4867],[86.104,22.5009],[86.0892,22.5286],[86.0691,22.5559],[86.0512,22.5626],[86.0454,22.5675],[86.024,22.5446],[86.0338,22.534],[85.9984,22.5134],[85.9897,22.5167],[85.9734,22.5058],[85.9723,22.4919],[85.9634,22.482],[85.9603,22.4614],[85.9704,22.4601],[85.968,22.4506],[85.9864,22.4351],[86.0056,22.4254],[86.0181,22.4257],[86.0225,22.3977],[86.0291,22.3858],[86.024,22.3643],[86.0136,22.3523],[85.998,22.3448],[86.0055,22.3349],[86.0138,22.3405],[86.029,22.3343],[86.0143,22.3218],[86.0174,22.3132],[86.0314,22.3072],[86.0433,22.3121],[86.0487,22.308],[86.0171,22.2973],[86.0053,22.2787],[85.9885,22.2673],[85.9895,22.2542],[85.9738,22.2471],[85.9856,22.2371],[86.0028,22.2138],[86.0163,22.2068],[86.0314,22.1925],[86.0169,22.1711],[86.0148,22.1608],[86.005,22.1501],[86.0035,22.1396],[85.9967,22.1324],[86.0094,22.1178],[85.9839,22.0761],[85.9763,22.0709],[85.9436,22.0204],[85.9308,22.0233],[85.9144,21.9961],[85.9139,21.98],[85.9056,21.9726],[85.9008,21.9827],[85.8839,21.9794],[85.8524,21.9834],[85.8257,21.9751],[85.8208,21.9831],[85.8055,21.9886],[85.784,21.9844],[85.766,21.9949],[85.7612,22.0076],[85.7673,22.0207],[85.7833,22.0315],[85.7854,22.0398],[85.7772,22.0556],[85.7956,22.0807],[85.8232,22.0736],[85.8383,22.0795],[85.8363,22.0915],[85.817,22.0991],[85.8229,22.1064],[85.8074,22.1161],[85.7866,22.0985],[85.7681,22.0933],[85.757,22.084],[85.7574,22.0789],[85.7302,22.0653],[85.6902,22.0609],[85.687,22.0544],[85.6739,22.0667],[85.6585,22.0853],[85.6561,22.0934],[85.6449,22.0947],[85.6271,22.0813],[85.5994,22.0783],[85.5884,22.0853],[85.5626,22.0953],[85.547,22.0901],[85.527,22.1093],[85.5119,22.117],[85.4945,22.1194],[85.4766,22.1283],[85.464,22.1391],[85.4123,22.1616],[85.3967,22.163],[85.3846,22.1557],[85.371,22.161],[85.3604,22.144],[85.364,22.1403],[85.3588,22.1242],[85.3527,22.1287],[85.3231,22.1275],[85.3111,22.1192],[85.3008,22.107],[85.2813,22.0904],[85.2632,22.0588],[85.2516,22.0266],[85.2391,22.0094],[85.2216,22.0181],[85.2143,22.0494],[85.1872,22.0582],[85.1815,22.0719],[85.1679,22.0681],[85.1531,22.0789],[85.145,22.0796],[85.1267,22.0748],[85.1009,22.0939],[85.0999,22.1042],[85.0897,22.1056],[85.0554,22.1156],[85.0418,22.116],[85.0242,22.1093],[85.0149,22.1006],[85.0116,22.0904],[84.9907,22.081],[84.9843,22.093],[84.9841,22.0949],[85.0038,22.1087],[85.0248,22.1181],[85.0342,22.1381],[85.0298,22.1624],[85.0513,22.1801],[85.0524,22.1951],[85.0726,22.2385],[85.0701,22.2425],[85.0781,22.2578],[85.0705,22.2704],[85.0724,22.2761],[85.0912,22.2888],[85.107,22.2957],[85.117,22.2947],[85.118,22.3176],[85.1081,22.3213],[85.0941,22.3146],[85.0893,22.3196],[85.0956,22.3447],[85.0832,22.3453],[85.0765,22.3561],[85.0796,22.3699],[85.0877,22.3884],[85.0835,22.4062],[85.0775,22.4182],[85.0661,22.4305],[85.0672,22.44],[85.0597,22.4486],[85.0769,22.4637],[85.0777,22.4775],[85.057,22.4862],[85.0505,22.4822],[85.0367,22.4814],[85.0306,22.4735],[85.0199,22.4723],[84.9707,22.4516],[84.9625,22.4498],[84.9543,22.4587],[84.9443,22.4543],[84.9378,22.4456],[84.9215,22.444],[84.926,22.435],[84.9094,22.4227],[84.8858,22.4204],[84.8893,22.4282],[84.8801,22.4489],[84.8656,22.4397],[84.8358,22.432],[84.8176,22.4371],[84.8102,22.4533],[84.8034,22.448],[84.759,22.4467],[84.7501,22.4193],[84.7177,22.4196],[84.6988,22.4164],[84.6756,22.4205],[84.6666,22.4195],[84.6288,22.4345],[84.6028,22.4288],[84.5943,22.43],[84.5685,22.4281],[84.5476,22.4217],[84.5299,22.4255],[84.5246,22.4199],[84.503,22.4198],[84.4747,22.408],[84.479,22.394],[84.4771,22.3869],[84.4608,22.3789],[84.4529,22.3825],[84.4289,22.371],[84.4303,22.3528],[84.423,22.354],[84.4005,22.3464],[84.3675,22.3532],[84.3658,22.3481],[84.3385,22.3473],[84.317,22.3423],[84.3113,22.3451],[84.2913,22.3429],[84.269,22.3545],[84.2504,22.379],[84.2367,22.3804],[84.1968,22.3781],[84.185,22.3902],[84.1661,22.3998],[84.1544,22.4108],[84.152,22.4132],[84.141,22.4259],[84.1393,22.4488],[84.1432,22.457],[84.1424,22.4723],[84.1342,22.478],[84.113,22.4765],[84.1073,22.4836],[84.0901,22.4895],[84.0746,22.4994],[84.0576,22.5159],[84.0397,22.5157],[84.0257,22.5257],[84.0091,22.5261],[84.0038,22.5318],[83.9818,22.5228],[83.9748,22.5116],[83.9851,22.5002],[84.0189,22.4883],[84.0267,22.4753],[84.0409,22.4731],[84.0456,22.4631],[84.0469,22.4375],[84.0309,22.4269],[84.0135,22.3974],[84.0046,22.3736],[83.9826,22.3668],[83.971,22.359],[83.9565,22.3625],[83.9442,22.3549],[83.9328,22.3539],[83.9234,22.3584],[83.9068,22.3514],[83.8975,22.3379],[83.8794,22.3353],[83.8658,22.3431],[83.8541,22.3361],[83.8523,22.3279],[83.8299,22.3235],[83.8213,22.3122],[83.8253,22.2923],[83.8029,22.2901],[83.795,22.2859],[83.7907,22.2755],[83.7796,22.2736],[83.7733,22.2557],[83.7598,22.2512],[83.7579,22.2403],[83.7433,22.2397],[83.7296,22.2428],[83.7118,22.243],[83.7057,22.2467],[83.6659,22.2327],[83.6554,22.22],[83.6496,22.2233],[83.6277,22.2042],[83.6135,22.1776],[83.6078,22.1537],[83.5935,22.1398],[83.5826,22.1243],[83.576,22.1208],[83.5627,22.103],[83.5634,22.0951],[83.5748,22.0906],[83.5938,22.0732],[83.6066,22.0665],[83.6019,22.0591],[83.5903,22.0546],[83.5502,22.0535],[83.5445,22.0576],[83.5371,22.0445],[83.5362,22.0308],[83.5403,22.0197],[83.5556,22.007],[83.5437,21.9949],[83.5373,21.9779],[83.5419,21.9623],[83.5617,21.948],[83.5568,21.9353],[83.5905,21.9296],[83.6057,21.9141],[83.603,21.9087],[83.5862,21.9027],[83.5856,21.8931],[83.578,21.8876],[83.5743,21.875],[83.5909,21.8512],[83.576,21.8313],[83.5533,21.8407],[83.5422,21.8389],[83.5321,21.8316],[83.5415,21.8212],[83.5389,21.8118],[83.5418,21.7982],[83.5256,21.7981],[83.5067,21.8075],[83.4933,21.8182],[83.4833,21.7918],[83.469,21.7869],[83.4774,21.7783],[83.4819,21.7659],[83.476,21.7533],[83.4888,21.7481],[83.4747,21.7197],[83.4624,21.7082],[83.4606,21.6976],[83.4536,21.6946],[83.4327,21.7],[83.4181,21.6799],[83.4292,21.6758],[83.4462,21.6584],[83.47,21.6482],[83.4868,21.6433],[83.4873,21.63],[83.4737,21.6324],[83.4662,21.6097],[83.4525,21.6126],[83.4526,21.6223],[83.4443,21.6237],[83.4455,21.6416],[83.4509,21.6505],[83.4432,21.6555],[83.4242,21.6419],[83.4157,21.6409],[83.4036,21.6314],[83.3928,21.6273],[83.38,21.6084],[83.3698,21.6004],[83.3691,21.5849],[83.3652,21.5762],[83.3723,21.5627],[83.3663,21.5468],[83.358,21.5377],[83.3572,21.528],[83.3492,21.5121],[83.338,21.502],[83.3461,21.4906],[83.3452,21.4791],[83.354,21.448],[83.3726,21.4433],[83.3754,21.4283],[83.3854,21.4153],[83.3987,21.4052],[83.3971,21.3896],[83.4001,21.377],[83.3974,21.3656],[83.4081,21.3598],[83.4069,21.352],[83.3903,21.3427],[83.3799,21.3446],[83.3476,21.3557],[83.3231,21.3623],[83.312,21.3704],[83.2862,21.3775],[83.2742,21.3773],[83.2747,21.3642],[83.2684,21.3452],[83.2591,21.3375],[83.2632,21.3303],[83.2576,21.321],[83.2622,21.3077],[83.2794,21.2949],[83.2681,21.2773],[83.2559,21.282],[83.2464,21.2811],[83.2381,21.2695],[83.2297,21.2723],[83.2218,21.2656],[83.2176,21.2557],[83.2221,21.232],[83.2177,21.2259],[83.2172,21.2132],[83.2106,21.2049],[83.2147,21.1947],[83.2094,21.1894],[83.1986,21.1642],[83.1982,21.1453],[83.1922,21.1391],[83.1781,21.1352],[83.1677,21.1389],[83.1565,21.1299],[83.1388,21.1094],[83.1314,21.1058],[83.1143,21.1125],[83.1014,21.1099],[83.0939,21.1132],[83.0779,21.1119],[83.0662,21.1207],[83.0454,21.1239],[83.0388,21.1316],[83.0228,21.1372],[83.0122,21.1449],[83.0047,21.1369],[82.9904,21.1398],[82.9857,21.1495],[83.0015,21.1705],[82.9865,21.1682],[82.9858,21.1758],[82.978,21.1825],[82.9675,21.183],[82.965,21.1932],[82.947,21.1819],[82.9422,21.1605],[82.934,21.1643],[82.9151,21.1619],[82.9015,21.1665],[82.8936,21.1559],[82.8817,21.1485],[82.8679,21.1604],[82.8503,21.1611],[82.8415,21.1674],[82.8121,21.161],[82.8004,21.1558],[82.7938,21.1427],[82.7857,21.1448],[82.7559,21.1669],[82.7407,21.1635],[82.7211,21.1659],[82.7156,21.1605],[82.6989,21.1586],[82.6972,21.164],[82.6627,21.1547],[82.6556,21.157],[82.64,21.1544],[82.6366,21.1479],[82.6429,21.1357],[82.6516,21.1267],[82.6399,21.1168],[82.65,21.1064],[82.6374,21.0931],[82.6292,21.0769],[82.6143,21.0776],[82.6121,21.0683],[82.6189,21.0535],[82.6298,21.04],[82.6136,21.0228],[82.6087,21.0089],[82.587,20.9883],[82.5742,20.9732],[82.5601,20.9467],[82.544,20.9354],[82.5309,20.9336],[82.5169,20.9205],[82.5075,20.9192],[82.4881,20.9087],[82.4918,20.8776],[82.4878,20.8623],[82.4812,20.8496],[82.4685,20.8467],[82.4697,20.8339],[82.4654,20.8278],[82.4549,20.8266],[82.4403,20.8344],[82.4279,20.8302],[82.4109,20.8443],[82.4064,20.8689],[82.386,20.8728],[82.3768,20.8667],[82.3604,20.8726],[82.3647,20.8873],[82.3521,20.8885],[82.3475,20.8799],[82.3444,20.8559],[82.3395,20.8469],[82.3393,20.8255],[82.3448,20.791],[82.3426,20.7668],[82.3535,20.7358],[82.3456,20.7316],[82.3549,20.7184],[82.3514,20.7063],[82.3552,20.693],[82.3624,20.6806],[82.368,20.6789],[82.3741,20.6674],[82.3688,20.6595],[82.3686,20.649],[82.3765,20.6324],[82.3643,20.6217],[82.3625,20.6103],[82.3469,20.6025],[82.3437,20.5957],[82.3507,20.5814],[82.3424,20.5709],[82.3338,20.569],[82.3365,20.5539],[82.3489,20.5458],[82.3587,20.5278],[82.3719,20.5216],[82.3894,20.517],[82.3883,20.4966],[82.3978,20.4727],[82.3985,20.4602],[82.4099,20.4634],[82.4186,20.4803],[82.4271,20.4689],[82.4256,20.4454],[82.4344,20.4442],[82.438,20.4342],[82.4296,20.4279],[82.432,20.4167],[82.4166,20.4076],[82.4212,20.3928],[82.4112,20.3714],[82.4004,20.3393],[82.4314,20.3129],[82.4299,20.3012],[82.4376,20.2946],[82.4355,20.2857],[82.4249,20.2752],[82.4161,20.2722],[82.4113,20.2602],[82.4213,20.2468],[82.4113,20.2455],[82.4151,20.227],[82.4234,20.2193],[82.4212,20.203],[82.4155,20.1994],[82.4122,20.1798],[82.3958,20.1686],[82.3909,20.1622],[82.395,20.1507],[82.3869,20.144],[82.3941,20.1361],[82.3986,20.1222],[82.3991,20.1002],[82.4024,20.0795],[82.3968,20.0674],[82.401,20.0546],[82.4105,20.0502],[82.432,20.0476],[82.4505,20.0387],[82.4616,20.0403],[82.471,20.0343],[82.4795,20.0366],[82.4947,20.0228],[82.5101,20.0166],[82.5341,20.0137],[82.5511,20.0162],[82.5843,20.0016],[82.5913,19.9921],[82.6094,19.9888],[82.6238,19.9916],[82.6343,20.0033],[82.653,20.0043],[82.6692,19.9999],[82.71,19.997],[82.7181,19.9888],[82.7156,19.953],[82.7202,19.9481],[82.7131,19.9385],[82.7124,19.9174],[82.7071,19.9126],[82.7074,19.9021],[82.714,19.8778],[82.7196,19.8675],[82.7181,19.8536],[82.7039,19.832],[82.6521,19.8322],[82.647,19.8189],[82.6366,19.813],[82.6271,19.7938],[82.6034,19.788],[82.5945,19.7754],[82.5832,19.7792],[82.5847,19.8019],[82.5762,19.8154],[82.5791,19.8233],[82.5758,19.8334],[82.5877,19.8487],[82.5969,19.8552],[82.6038,19.8663],[82.5961,19.873],[82.5824,19.8697],[82.5714,19.8778],[82.5618,19.8743],[82.5502,19.8758],[82.5349,19.8869],[82.531,19.8784],[82.5177,19.8913],[82.5046,19.8907],[82.5018,19.9023],[82.4848,19.9078],[82.4732,19.9071],[82.4642,19.9009],[82.4507,19.9094],[82.4383,19.9056],[82.418,19.9041],[82.3922,19.8817],[82.3739,19.8604],[82.3607,19.8625],[82.3621,19.8525],[82.3453,19.8359],[82.331,19.8464],[82.3263,19.8616],[82.3041,19.8892],[82.3012,19.9047],[82.2753,19.9507],[82.2749,19.9631],[82.2692,19.9753],[82.2585,19.982],[82.2375,20.0035],[82.2161,19.997],[82.21,19.9863],[82.1882,19.9862],[82.1803,19.9911],[82.1715,20.0052],[82.1535,20.0076],[82.1398,20.0188],[82.1285,20.0142],[82.1032,20.0311],[82.102,20.0403],[82.0889,20.0395],[82.0854,20.0508],[82.0705,20.057],[82.0635,20.0546],[82.0591,20.045],[82.0426,20.0347],[82.0399,20.0239],[82.0325,20.0158],[82.0215,20.0238],[82.0227,20.0322],[82.0177,20.049],[82.0123,20.0539],[81.9953,20.0536],[81.9866,20.0628],[81.9839,20.0733],[81.9581,20.0979],[81.9456,20.1052],[81.9373,20.1025],[81.9259,20.0916],[81.9161,20.072],[81.9014,20.0579],[81.8968,20.0496],[81.8819,20.0444],[81.876,20.0521],[81.865,20.0267],[81.8667,20.0123],[81.8606,20.0035],[81.8553,19.9723],[81.8453,19.9596],[81.845,19.9519],[81.8568,19.9476],[81.8518,19.9232],[81.8531,19.9185],[81.8696,19.9026],[81.9062,19.8843],[81.9411,19.8729],[81.9681,19.8599],[81.9654,19.8369],[81.9859,19.8011],[81.9954,19.7969],[82.0091,19.8045],[82.0387,19.7967],[82.0602,19.7964],[82.0662,19.7832],[82.0605,19.7667],[82.0632,19.7578],[82.056,19.753],[82.0497,19.7421],[82.0506,19.7171],[82.0446,19.7005],[82.0519,19.6805],[82.0555,19.6545],[82.0519,19.6474],[82.059,19.6282],[82.0398,19.5972],[82.0494,19.5682],[82.0452,19.557],[82.0506,19.5493],[82.0478,19.535],[82.0373,19.5283],[82.0365,19.5203],[82.0292,19.5076],[82.0513,19.5082],[82.0661,19.5109],[82.076,19.5236],[82.1002,19.5166],[82.098,19.499],[82.1079,19.4943],[82.1081,19.4803],[82.1028,19.4661],[82.1127,19.4607],[82.1135,19.4483],[82.1273,19.4305],[82.1607,19.4363],[82.1782,19.4366],[82.1862,19.4267],[82.1893,19.4154],[82.1832,19.4116],[82.1843,19.4008],[82.1792,19.3804],[82.1719,19.3726],[82.1532,19.377],[82.1471,19.3654],[82.1541,19.3498],[82.1659,19.3487],[82.1786,19.3434],[82.1879,19.3348],[82.188,19.334],[82.1812,19.3234],[82.1767,19.2995],[82.1659,19.2877],[82.1584,19.2652],[82.1578,19.2275],[82.1688,19.213],[82.1617,19.2023],[82.1686,19.1947],[82.1805,19.191],[82.1751,19.1825],[82.1861,19.1664],[82.1734,19.1633],[82.1675,19.1364],[82.1703,19.1204],[82.1766,19.1181],[82.1832,19.1314],[82.1985,19.1215],[82.203,19.1081],[82.2097,19.0997],[82.2191,19.0954],[82.2121,19.0819],[82.2047,19.0756],[82.2022,19.0667],[82.2299,19.0274],[82.2327,19.0179],[82.2393,18.9608],[82.246,18.9191],[82.2398,18.9148],[82.2175,18.9222],[82.1925,18.9075],[82.1811,18.907],[82.1754,18.9013],[82.1767,18.8873],[82.1693,18.8819],[82.1649,18.8648],[82.1657,18.8439],[82.1689,18.836],[82.1603,18.8196],[82.157,18.8035],[82.1645,18.802],[82.1563,18.7852],[82.1336,18.7771],[82.1296,18.7672],[82.1208,18.7698],[82.0887,18.7602],[82.0935,18.7468],[82.086,18.728],[82.085,18.7186],[82.0672,18.7264],[82.0639,18.7192],[82.0527,18.7237],[82.0402,18.7239],[82.0167,18.7195],[82.0058,18.7147],[81.9947,18.7047],[81.9889,18.7053],[81.9654,18.6934],[81.962,18.6872],[81.9691,18.6734],[81.9572,18.6671],[81.9489,18.6437],[81.9217,18.6429],[81.9134,18.6528],[81.9016,18.6606],[81.8941,18.6427],[81.9087,18.6281],[81.9307,18.6182],[81.935,18.6074],[81.9451,18.6005],[81.963,18.5948],[81.9502,18.57],[81.9264,18.5671],[81.9208,18.5727],[81.9107,18.5707],[81.9056,18.5612],[81.9088,18.5381],[81.897,18.5352],[81.8892,18.5382],[81.8797,18.5253],[81.8682,18.5249],[81.857,18.5075],[81.8572,18.494],[81.8398,18.4771],[81.7942,18.4404],[81.7688,18.4181],[81.7503,18.3536],[81.7441,18.3524],[81.6595,18.3467],[81.6498,18.3356],[81.6622,18.325],[81.6281,18.3139],[81.6131,18.3072],[81.6005,18.3097],[81.5643,18.2752],[81.5517,18.2698],[81.541,18.2702],[81.5312,18.2653],[81.5246,18.2559],[81.5304,18.2403],[81.5161,18.2144],[81.5071,18.1855],[81.5166,18.1762],[81.526,18.16],[81.5128,18.1362],[81.5149,18.1246],[81.5135,18.1006],[81.4976,18.0763],[81.4966,18.071],[81.4813,18.0525],[81.4808,18.0514],[81.4796,18.0407],[81.4829,18.0264],[81.4777,17.9903],[81.4824,17.9755],[81.4713,17.9598],[81.4594,17.9524],[81.4491,17.932],[81.4534,17.914],[81.4475,17.8985],[81.4478,17.8892],[81.4339,17.8814],[81.4139,17.8944],[81.4007,17.8943],[81.3955,17.8832],[81.3945,17.8681],[81.4033,17.8497],[81.3891,17.8299],[81.3961,17.82],[81.4028,17.8218],[81.4186,17.8149],[81.4321,17.8308],[81.4426,17.8259],[81.4617,17.8299],[81.4787,17.8375],[81.4885,17.8144],[81.5176,17.818],[81.5295,17.8247],[81.5635,17.8272],[81.5732,17.8386],[81.5945,17.8354],[81.6076,17.8268],[81.6188,17.8241],[81.624,17.8351],[81.631,17.8331],[81.6407,17.8402],[81.652,17.8561],[81.6538,17.8681],[81.6622,17.8816],[81.6764,17.8897],[81.6874,17.8865],[81.696,17.9002],[81.7033,17.8902],[81.7104,17.8739],[81.7259,17.8791],[81.7484,17.8926],[81.7483,17.8996],[81.7879,17.926],[81.7926,17.9383],[81.8082,17.9564],[81.8186,17.9575],[81.8307,17.9635],[81.8412,17.9621],[81.8797,17.9733],[81.893,17.9814],[81.905,17.9824],[81.9173,17.995],[81.9385,17.9956],[81.9472,18.0004],[81.9635,18.0019],[81.9809,18.0189],[81.991,18.0217],[81.9926,18.0281],[82.0062,18.0301],[82.01,18.036],[82.0051,18.0458],[82.007,18.0584],[82.0186,18.0642],[82.0354,18.0684],[82.04,18.0577],[82.0647,18.0574],[82.075,18.0759],[82.0944,18.0682],[82.1016,18.0611],[82.1192,18.0649],[82.133,18.0597],[82.1355,18.0447],[82.1455,18.0529],[82.1471,18.0521],[82.1515,18.0486],[82.1672,18.0527],[82.1827,18.0293],[82.177,18.0213],[82.1873,18.0158],[82.2038,18.0147],[82.2218,18.002],[82.2356,18.0033],[82.2445,17.9937],[82.2645,17.9956],[82.2717,18.0194],[82.2673,18.0348],[82.2709,18.058],[82.2897,18.0696],[82.2985,18.0698],[82.2969,18.0568],[82.3045,18.0564],[82.3057,18.0465],[82.3202,18.0484],[82.3177,18.0584],[82.3288,18.0583],[82.3328,18.052],[82.3422,18.0587],[82.3476,18.0891],[82.3449,18.0992],[82.3365,18.1002],[82.3325,18.1276],[82.34,18.1367],[82.3385,18.1513],[82.3661,18.1385],[82.3707,18.1489],[82.3517,18.1724],[82.3357,18.1729],[82.3138,18.1848],[82.3092,18.2048],[82.3232,18.2112],[82.3302,18.2256],[82.3227,18.232],[82.3348,18.2415],[82.3317,18.2537],[82.3384,18.2631],[82.343,18.2813],[82.3572,18.2822],[82.3636,18.2784],[82.3731,18.2818],[82.3906,18.2987],[82.3926,18.317],[82.3907,18.3272],[82.3737,18.3294],[82.3623,18.3192],[82.3478,18.3171],[82.3382,18.3237],[82.3614,18.345],[82.3628,18.3535],[82.3827,18.3665],[82.3838,18.3779],[82.3777,18.4049],[82.3625,18.4223],[82.381,18.4346],[82.3849,18.4458],[82.3943,18.4499],[82.4018,18.465],[82.427,18.4842],[82.4322,18.4981],[82.4406,18.5086],[82.4432,18.5197],[82.4535,18.5216],[82.4718,18.5433],[82.4795,18.5409],[82.5042,18.5144],[82.5113,18.5189],[82.5259,18.5164],[82.5318,18.5096],[82.5265,18.4963],[82.5322,18.4921],[82.5285,18.4813],[82.5308,18.4731],[82.5193,18.467],[82.5332,18.4587],[82.5372,18.4465],[82.5476,18.4538],[82.5611,18.449],[82.5579,18.4405],[82.5413,18.4216],[82.5432,18.4144],[82.5354,18.4071],[82.5407,18.3996],[82.5525,18.3977],[82.5607,18.4007],[82.5953,18.3887],[82.6053,18.3821],[82.6071,18.365],[82.6199,18.361],[82.614,18.3508],[82.6019,18.3517],[82.6095,18.3327],[82.6021,18.3259],[82.5924,18.3291],[82.5834,18.3092],[82.5943,18.311],[82.5903,18.281],[82.5966,18.265],[82.6155,18.2565],[82.6187,18.25],[82.6367,18.2376],[82.6474,18.2463],[82.6458,18.2624],[82.6406,18.2645],[82.6504,18.2812],[82.6421,18.2887],[82.6404,18.3022],[82.6549,18.297],[82.6674,18.2996],[82.6999,18.3114],[82.713,18.3231],[82.7232,18.3253],[82.7321,18.3209],[82.7412,18.3307],[82.7532,18.3308],[82.758,18.3403],[82.7692,18.3382],[82.7763,18.3518],[82.7888,18.3639],[82.7833,18.3838],[82.7922,18.387],[82.7897,18.3969],[82.7978,18.4075],[82.7852,18.4114],[82.7857,18.4199],[82.7804,18.4315],[82.8014,18.45],[82.8139,18.4516],[82.8458,18.4338],[82.8547,18.4262],[82.8703,18.4193],[82.895,18.4241],[82.8977,18.403],[82.8925,18.3922],[82.8942,18.3816],[82.9018,18.3742],[82.9204,18.3762],[82.9243,18.3689],[82.938,18.3616],[82.952,18.3623],[82.9584,18.3672],[82.9652,18.3597],[82.9751,18.3635],[82.9849,18.3776],[82.9964,18.3867],[83.0051,18.3841],[83.0202,18.3924],[83.041,18.3802],[83.0527,18.3807],[83.0753,18.4041],[83.0624,18.4104],[83.056,18.4199],[83.0646,18.4251],[83.0589,18.4368],[83.0413,18.4269],[83.0359,18.4355],[83.0391,18.4417],[83.0191,18.4572],[83.0358,18.4696],[83.0532,18.4866],[83.0533,18.4966],[83.0732,18.5155],[83.0766,18.5286],[83.0771,18.529],[83.0926,18.5489],[83.0872,18.5541],[83.0712,18.5498],[83.0619,18.5421],[83.0436,18.545],[83.0279,18.5745],[83.0407,18.5883],[83.0444,18.5995],[83.0238,18.5897],[83.0115,18.5956],[83.0134,18.606],[82.999,18.6086],[82.999,18.6215],[83.0177,18.6364],[83.0113,18.647],[83.0226,18.655],[83.0429,18.6596],[83.056,18.6662],[83.0612,18.6852],[83.0731,18.7022],[83.0707,18.7062],[83.0998,18.7337],[83.1056,18.7476],[83.1218,18.7615],[83.1153,18.7704],[83.1372,18.7863],[83.1588,18.7678],[83.1772,18.771],[83.1913,18.7541],[83.2047,18.7524],[83.2096,18.7404],[83.21,18.7403],[83.2235,18.7518],[83.2262,18.762],[83.2227,18.776],[83.2414,18.7692],[83.2608,18.7707],[83.2695,18.7653],[83.2796,18.7759],[83.2735,18.7839],[83.2807,18.7971],[83.2948,18.8019],[83.3075,18.8103],[83.3169,18.8058],[83.3288,18.8072],[83.3264,18.8189],[83.346,18.8278],[83.3663,18.8449],[83.3775,18.8318],[83.4041,18.8449],[83.4023,18.8593],[83.4128,18.8745],[83.3903,18.883],[83.3897,18.8877],[83.3764,18.8979],[83.3768,18.9098],[83.3667,18.9093],[83.3572,18.9179],[83.3524,18.9294],[83.3505,18.9445],[83.3591,18.9418],[83.3692,18.9465],[83.364,18.9582],[83.3539,18.9673],[83.3483,18.9604],[83.3501,18.9433],[83.3438,18.9412],[83.3484,18.9263],[83.3352,18.925],[83.3245,18.933],[83.3253,18.9456],[83.3348,18.9467],[83.332,18.9658],[83.3193,18.9717],[83.3088,18.9998],[83.3349,19.0068],[83.341,19.019],[83.3561,19.0203],[83.3636,19.0176],[83.3647,19.007],[83.3821,19.0024],[83.3991,19.01],[83.4197,19.0001],[83.4156,18.99],[83.439,18.9762],[83.446,18.9657],[83.4456,18.958],[83.4599,18.9557],[83.4679,18.9702],[83.4659,18.992],[83.4533,18.9922],[83.4487,19.0055],[83.4503,19.0135],[83.4765,19.0085],[83.4811,19.0352],[83.4688,19.0438],[83.4659,19.0641],[83.4604,19.0647],[83.4653,19.0886],[83.472,19.0961],[83.4803,19.094],[83.4809,19.0783],[83.4964,19.0645],[83.5093,19.0714],[83.5164,19.0575],[83.5137,19.0475],[83.5183,19.0402],[83.517,19.0313],[83.5003,19.036],[83.4956,19.0317],[83.5007,19.021],[83.5207,19.0132],[83.536,19.0141],[83.5397,19.0419],[83.545,19.0446],[83.5537,19.0643],[83.5466,19.0788],[83.5516,19.0868],[83.5612,19.0862],[83.5671,19.0716],[83.5605,19.0643],[83.5825,19.0589],[83.5846,19.0687],[83.5828,19.0846],[83.591,19.0936],[83.6087,19.097],[83.5957,19.1207],[83.5997,19.1364],[83.614,19.138],[83.634,19.1593],[83.6378,19.153],[83.6318,19.1407],[83.6367,19.1327],[83.6552,19.1289],[83.6497,19.1231],[83.6638,19.0931],[83.6605,19.0843],[83.664,19.0765],[83.6753,19.071],[83.6854,19.0584],[83.7002,19.0253],[83.7232,19.0216],[83.7244,19.0106],[83.7104,19.007],[83.7162,18.9944],[83.7331,18.9875],[83.7345,18.969],[83.7416,18.948],[83.7471,18.943],[83.7534,18.9263],[83.7612,18.9282],[83.7674,18.9152],[83.7763,18.9123],[83.7859,18.9168],[83.7825,18.9345],[83.7706,18.9453],[83.768,18.955],[83.7597,18.9514],[83.7531,18.9633],[83.7533,18.9723],[83.7459,18.975],[83.7431,18.9871],[83.7456,18.9967],[83.7697,19.009],[83.7801,19.0097],[83.7822,19.0194],[83.7927,19.0189],[83.7949,19.0018],[83.8092,18.9918],[83.8219,18.9601],[83.8198,18.9391],[83.828,18.9321],[83.8269,18.9157],[83.837,18.9193],[83.8459,18.9134],[83.849,18.8997],[83.8438,18.8761],[83.8515,18.8594],[83.8706,18.8485],[83.8857,18.8319],[83.8945,18.8172],[83.9028,18.8283],[83.9244,18.8234],[83.9297,18.8168],[83.9424,18.8153],[83.942,18.8087],[83.9534,18.8074],[83.9581,18.8143],[83.9707,18.8158],[83.9831,18.8119],[83.9908,18.8147],[84.0013,18.8102],[84.0149,18.817],[84.0311,18.8125],[84.0365,18.8173],[84.0491,18.8],[84.0586,18.7999],[84.0574,18.7892],[84.0738,18.7756],[84.0756,18.7678],[84.0916,18.7602],[84.1013,18.7612],[84.1204,18.7689],[84.1298,18.7618],[84.1361,18.7627],[84.1384,18.7782],[84.1671,18.7893],[84.1738,18.781],[84.1914,18.7825],[84.1933,18.7926],[84.2112,18.7915],[84.2243,18.7997],[84.2388,18.7981],[84.2411,18.7896],[84.2655,18.7852],[84.2845,18.7935],[84.2869,18.8049],[84.3026,18.7993],[84.319,18.788],[84.3264,18.8005],[84.3346,18.7994],[84.3403,18.8087],[84.3326,18.8213],[84.3476,18.8215],[84.3507,18.8325],[84.3629,18.84],[84.3451,18.8489],[84.3332,18.8603],[84.3257,18.8759],[84.3366,18.8895],[84.3601,18.8621],[84.3753,18.8657],[84.377,18.873],[84.364,18.8866],[84.3835,18.8866],[84.3899,18.8797],[84.3964,18.8851],[84.398,18.8966],[84.416,18.8985],[84.429,18.9179],[84.4367,18.9238],[84.4354,18.9337],[84.4289,18.937],[84.4222,18.9484],[84.4301,18.9597],[84.4288,18.97],[84.45,18.9786],[84.4412,18.9927],[84.4298,18.9957],[84.4296,19.0144],[84.4391,19.0048],[84.4476,19.0039],[84.4676,18.9927],[84.4762,18.9921],[84.4809,19.0059],[84.4806,19.0175],[84.4946,19.0319],[84.5096,19.0412],[84.5143,19.0494],[84.5235,19.0477],[84.5412,19.056],[84.5545,19.0575],[84.5669,19.0707],[84.5745,19.0685],[84.5794,19.0539],[84.5759,19.0451],[84.5796,19.031],[84.5921,19.0232],[84.6097,19.0512],[84.6186,19.057],[84.6162,19.0668],[84.6257,19.0671],[84.635,19.0609],[84.6395,19.0682],[84.6518,19.0684],[84.658,19.0638],[84.6615,19.0887],[84.6457,19.0971],[84.627,19.0858],[84.622,19.0892],[84.6234,19.1],[84.6074,19.1017],[84.6007,19.1275],[84.6058,19.1298],[84.6287,19.1276],[84.642,19.1346],[84.6526,19.1303],[84.6646,19.1327],[84.6676,19.1388],[84.6688,19.1669],[84.7089,19.1601],[84.7126,19.1539],[84.6957,19.1273],[84.7061,19.1166],[84.7443,19.09],[84.7513,19.0826],[84.7647,19.0773]]]},"properties":{"ST_NM":"Odisha"}},
{"type":"Feature","geometry":{"type":"MultiPolygon","coordinates":[[[[73.2107,20.1205],[73.1889,20.1276],[73.1857,20.1373],[73.1856,20.1558],[73.1912,20.1628],[73.2062,20.1625],[73.2147,20.1697],[73.218,20.1858],[73.1991,20.1944],[73.182,20.1943],[73.1717,20.1984],[73.1685,20.2082],[73.1574,20.1983],[73.1332,20.2057],[73.1329,20.1919],[73.1421,20.1773],[73.1363,20.17],[73.1287,20.1734],[73.1191,20.1674],[73.1139,20.152],[73.107,20.1579],[73.0905,20.1603],[73.0873,20.1702],[73.0795,20.1732],[73.0727,20.1549],[73.0605,20.1618],[73.0629,20.1697],[73.0598,20.1939],[73.0537,20.2053],[73.0602,20.2233],[73.0712,20.23],[73.0979,20.2275],[73.0983,20.2291],[73.0973,20.236],[73.1149,20.2565],[73.1269,20.2594],[73.1308,20.2678],[73.1425,20.2738],[73.1446,20.285],[73.1517,20.2905],[73.1582,20.2802],[73.1657,20.2829],[73.1641,20.2975],[73.1514,20.3172],[73.1294,20.3174],[73.1241,20.3036],[73.1014,20.3028],[73.1088,20.3238],[73.1094,20.333],[73.1054,20.3498],[73.0971,20.3601],[73.09,20.3584],[73.0908,20.3448],[73.085,20.3312],[73.0775,20.3229],[73.0673,20.3294],[73.0482,20.3236],[73.0383,20.3173],[73.0358,20.2923],[73.0162,20.2936],[73.006,20.2889],[72.9936,20.2924],[72.9849,20.2881],[72.9818,20.2769],[72.9733,20.2703],[72.9628,20.2712],[72.9549,20.2843],[72.9417,20.2925],[72.917,20.2813],[72.9119,20.269],[72.9239,20.2553],[72.9309,20.2427],[72.954,20.2369],[72.9659,20.2221],[72.9663,20.2215],[72.9659,20.2187],[72.9648,20.2115],[72.9632,20.2085],[72.9616,20.2088],[72.9614,20.2086],[72.9612,20.2078],[72.9599,20.1999],[72.9617,20.1843],[72.9769,20.1807],[72.9735,20.1717],[72.974,20.1583],[72.9604,20.134],[72.9719,20.1147],[72.9925,20.1177],[72.9982,20.1428],[73.0126,20.1296],[73.0022,20.1247],[73.0016,20.1114],[73.0084,20.1082],[73.0141,20.0962],[73.0221,20.09],[73.0396,20.0671],[73.0527,20.0645],[73.0525,20.0894],[73.0559,20.099],[73.0643,20.0985],[73.0839,20.0911],[73.105,20.0883],[73.1108,20.0744],[73.132,20.0818],[73.1474,20.0733],[73.1709,20.0521],[73.193,20.0507],[73.1875,20.0592],[73.1893,20.0773],[73.2043,20.0787],[73.2132,20.091],[73.2151,20.1192],[73.2107,20.1205]]],[[[72.8212,20.3677],[72.8305,20.3678],[72.8458,20.3748],[72.8767,20.3697],[72.8907,20.3726],[72.8963,20.3803],[72.887,20.3854],[72.8828,20.3978],[72.9027,20.4057],[72.9042,20.4147],[72.898,20.4205],[72.8815,20.4193],[72.8703,20.4138],[72.8573,20.4188],[72.8702,20.4399],[72.8902,20.4386],[72.8881,20.4606],[72.863,20.4638],[72.8556,20.4675],[72.8409,20.4582],[72.8324,20.4464],[72.8277,20.4317],[72.8309,20.411],[72.8271,20.3858],[72.8212,20.3677]]],[[[71.0075,20.7374],[70.9997,20.742],[70.9938,20.7361],[70.9749,20.7274],[70.9644,20.7295],[70.9599,20.7366],[70.9386,20.7323],[70.9203,20.7428],[70.916,20.7329],[70.8826,20.7241],[70.8767,20.7139],[70.8987,20.7037],[70.9134,20.6994],[70.9163,20.7077],[70.9281,20.7121],[70.9534,20.7038],[70.9596,20.7069],[70.9788,20.7049],[70.9969,20.7135],[70.9868,20.7193],[70.993,20.7302],[71.0075,20.7374]]]]},"properties":{"ST_NM":"Dadra and Nagar Haveli and Daman and Diu"}},
{"type":"Feature","geometry":{"type":"Polygon","coordinates":[[[75.3601,34.5208],[75.3633,34.5381],[75.3461,34.5611],[75.334,34.5676],[75.318,34.5649],[75.2989,34.586],[75.2793,34.5929],[75.2651,34.6015],[75.2531,34.6037],[75.2582,34.6125],[75.2565,34.6237],[75.2407,34.6366],[75.2279,34.6311],[75.2088,34.6363],[75.2078,34.6434],[75.2232,34.6527],[75.2309,34.6699],[75.2497,34.6848],[75.2573,34.6873],[75.2519,34.6985],[75.2582,34.7062],[75.2616,34.7289],[75.2513,34.7486],[75.2458,34.7862],[75.2323,34.802],[75.2179,34.8127],[75.1981,34.8198],[75.1737,34.833],[75.1459,34.8337],[75.1424,34.8559],[75.1452,34.8647],[75.1286,34.8695],[75.1059,34.8883],[75.0955,34.9012],[75.0762,34.9044],[75.0689,34.8983],[75.0796,34.8874],[75.0797,34.8763],[75.0692,34.8632],[75.0677,34.8397],[75.071,34.8283],[75.0522,34.8259],[75.047,34.8346],[75.0236,34.838],[75.009,34.8352],[75.0034,34.8219],[74.9869,34.8219],[74.9771,34.8155],[74.9701,34.801],[74.958,34.7899],[74.9423,34.7901],[74.928,34.7753],[74.9101,34.7767],[74.9011,34.807],[74.8802,34.8123],[74.864,34.8209],[74.847,34.8239],[74.8339,34.8215],[74.8216,34.8313],[74.7912,34.8375],[74.7708,34.8378],[74.7577,34.8286],[74.741,34.8301],[74.7295,34.8365],[74.7322,34.848],[74.7279,34.8574],[74.7177,34.8536],[74.705,34.8545],[74.6999,34.8713],[74.6879,34.8675],[74.677,34.8781],[74.6649,34.9019],[74.6551,34.8957],[74.646,34.8961],[74.6341,34.9034],[74.6052,34.915],[74.5763,34.9001],[74.5754,34.9225],[74.5716,34.9377],[74.5716,34.9658],[74.5868,34.9896],[74.5873,35.0096],[74.5663,35.0162],[74.5354,35.0315],[74.5316,35.041],[74.5335,35.0548],[74.5416,35.0667],[74.5154,35.0948],[74.4983,35.1067],[74.4726,35.1157],[74.4398,35.1181],[74.4193,35.1028],[74.3917,35.0657],[74.3803,35.0576],[74.3631,35.0567],[74.3084,35.06],[74.3008,35.0572],[74.2972,35.0445],[74.2818,35.0374],[74.2687,35.035],[74.2532,35.0374],[74.2484,35.0541],[74.2496,35.0672],[74.2437,35.0731],[74.227,35.0672],[74.2282,35.0826],[74.2092,35.085],[74.1628,35.0862],[74.1335,35.1075],[74.1149,35.1042],[74.0943,35.097],[74.0655,35.048],[74.0969,35.0337],[74.1076,35.0217],[74.1031,35.0142],[74.0759,34.9984],[74.0644,34.9982],[74.0594,34.9911],[74.0657,34.9826],[74.0628,34.9688],[74.0734,34.9406],[74.065,34.9296],[74.043,34.9214],[74.0388,34.9145],[74.0378,34.8924],[74.0295,34.8771],[74.0162,34.8753],[73.9986,34.8682],[73.9719,34.8632],[73.9654,34.8442],[73.9542,34.835],[73.9348,34.833],[73.927,34.8202],[73.9173,34.814],[73.8966,34.8213],[73.8839,34.8167],[73.8746,34.8179],[73.8666,34.811],[73.8533,34.8168],[73.8429,34.8153],[73.8327,34.8032],[73.8203,34.7955],[73.7987,34.7971],[73.7851,34.7934],[73.773,34.7964],[73.7493,34.7867],[73.7371,34.7734],[73.7306,34.771],[73.7058,34.7249],[73.6908,34.7162],[73.6805,34.6951],[73.6695,34.6892],[73.6627,34.6705],[73.6661,34.6657],[73.6934,34.6572],[73.6895,34.6431],[73.6594,34.61],[73.6567,34.5986],[73.6601,34.5885],[73.6501,34.5678],[73.6387,34.5657],[73.6181,34.5854],[73.5921,34.5894],[73.5794,34.5874],[73.5527,34.5927],[73.5347,34.5772],[73.5102,34.5751],[73.5,34.5801],[73.4685,34.5735],[73.4597,34.5779],[73.447,34.5738],[73.4421,34.5649],[73.4405,34.5379],[73.43,34.5255],[73.4367,34.504],[73.4336,34.4906],[73.4215,34.4702],[73.4246,34.4418],[73.4194,34.4173],[73.411,34.3995],[73.408,34.3856],[73.3931,34.3806],[73.3996,34.359],[73.4255,34.349],[73.4234,34.3392],[73.4385,34.327],[73.4437,34.3089],[73.4531,34.2958],[73.453,34.2778],[73.4609,34.2817],[73.467,34.2956],[73.4752,34.2948],[73.4786,34.2829],[73.4696,34.264],[73.4693,34.2513],[73.4771,34.2343],[73.4923,34.2197],[73.4884,34.2049],[73.488,34.1757],[73.4914,34.1561],[73.4882,34.1443],[73.4945,34.1336],[73.492,34.12],[73.4979,34.1072],[73.4956,34.0924],[73.5032,34.0756],[73.5084,34.0511],[73.5076,34.0416],[73.5135,34.0261],[73.5142,34.0062],[73.5213,33.985],[73.5363,33.9516],[73.5488,33.9311],[73.5739,33.9119],[73.5854,33.899],[73.5891,33.8839],[73.5849,33.8641],[73.5721,33.8454],[73.5697,33.8274],[73.5605,33.8018],[73.5576,33.7832],[73.5657,33.7686],[73.5905,33.7537],[73.5967,33.7278],[73.5968,33.7158],[73.5911,33.6996],[73.5624,33.6755],[73.5611,33.6639],[73.5676,33.648],[73.5674,33.6362],[73.5606,33.6211],[73.5726,33.6179],[73.587,33.6051],[73.6046,33.6045],[73.6001,33.5929],[73.6188,33.5772],[73.6209,33.5702],[73.6176,33.5456],[73.6302,33.5375],[73.6243,33.5288],[73.6048,33.5141],[73.5952,33.4922],[73.6008,33.478],[73.6135,33.4782],[73.6236,33.4653],[73.6241,33.4572],[73.5972,33.4441],[73.5889,33.4438],[73.5815,33.4143],[73.5667,33.3979],[73.5578,33.3681],[73.5706,33.3559],[73.565,33.3421],[73.5822,33.329],[73.589,33.3049],[73.6025,33.2966],[73.5972,33.2823],[73.6048,33.2513],[73.6245,33.2365],[73.6246,33.2227],[73.6335,33.2162],[73.6524,33.213],[73.6574,33.2048],[73.6584,33.1844],[73.6557,33.1689],[73.6472,33.1633],[73.6386,33.1441],[73.6274,33.142],[73.6297,33.1277],[73.6248,33.1115],[73.6247,33.0997],[73.631,33.0862],[73.6428,33.088],[73.6574,33.0849],[73.671,33.0889],[73.6878,33.0881],[73.7244,33.0693],[73.7345,33.0663],[73.7397,33.0551],[73.7395,33.0432],[73.7705,33.0134],[73.7801,33.0075],[73.7894,32.9932],[73.7789,32.9743],[73.7856,32.9654],[73.8057,32.971],[73.815,32.9837],[73.8175,33.0001],[73.8219,33.0054],[73.8407,33.0073],[73.8652,33.0023],[73.892,33.0024],[73.915,32.9936],[73.9247,32.9858],[73.9408,32.9881],[73.9575,32.9866],[73.9677,32.9688],[73.9965,32.9598],[73.9954,32.9478],[73.9874,32.9354],[74.0134,32.9295],[74.0515,32.9304],[74.0545,32.9114],[74.0692,32.906],[74.0809,32.9057],[74.1125,32.8951],[74.1213,32.896],[74.1628,32.884],[74.1774,32.8827],[74.1865,32.8729],[74.2016,32.8704],[74.2121,32.8583],[74.2165,32.8449],[74.2435,32.842],[74.2636,32.8299],[74.2833,32.8297],[74.299,32.8241],[74.3041,32.8151],[74.3014,32.8044],[74.3111,32.7911],[74.3183,32.7917],[74.3245,32.7807],[74.3537,32.763],[74.3828,32.7575],[74.3871,32.7683],[74.3964,32.766],[74.4022,32.7796],[74.415,32.7837],[74.4427,32.7796],[74.4596,32.7886],[74.464,32.7764],[74.4753,32.7769],[74.4848,32.7652],[74.5067,32.7663],[74.5153,32.7565],[74.51,32.7467],[74.534,32.7447],[74.5542,32.759],[74.5703,32.76],[74.5907,32.7513],[74.5936,32.7564],[74.6196,32.7608],[74.6323,32.7514],[74.6386,32.7588],[74.6306,32.7666],[74.6316,32.7754],[74.6397,32.7822],[74.6542,32.7808],[74.659,32.7875],[74.6404,32.7988],[74.6336,32.8097],[74.656,32.8326],[74.6651,32.8246],[74.6835,32.8366],[74.7046,32.8418],[74.7048,32.821],[74.6773,32.7709],[74.6762,32.7598],[74.6549,32.7282],[74.6628,32.724],[74.6529,32.697],[74.6663,32.6756],[74.6818,32.6729],[74.6956,32.666],[74.6887,32.6517],[74.6805,32.6526],[74.6696,32.6387],[74.6608,32.6355],[74.6546,32.6244],[74.6554,32.6163],[74.6385,32.6148],[74.6386,32.6036],[74.6496,32.5973],[74.6514,32.5701],[74.655,32.5647],[74.6728,32.5683],[74.6726,32.5528],[74.6616,32.5461],[74.6697,32.5403],[74.6896,32.5347],[74.6898,32.523],[74.6814,32.51],[74.6858,32.5062],[74.6806,32.4919],[74.688,32.486],[74.7105,32.4925],[74.7114,32.4782],[74.7276,32.4754],[74.7287,32.4808],[74.7454,32.4785],[74.7552,32.4822],[74.7706,32.4821],[74.7973,32.4766],[74.8121,32.4797],[74.8207,32.497],[74.8379,32.4942],[74.8486,32.4888],[74.8598,32.4924],[74.8692,32.4862],[74.877,32.4932],[74.8841,32.4903],[74.8768,32.4775],[74.9004,32.4671],[74.908,32.4718],[74.9162,32.4644],[74.9319,32.4712],[74.9401,32.4648],[74.9475,32.4473],[74.9703,32.4594],[74.9845,32.4501],[74.9922,32.4511],[75.0081,32.4631],[75.0193,32.4678],[75.0157,32.4785],[75.0269,32.4965],[75.0545,32.4814],[75.0702,32.4797],[75.0908,32.4691],[75.099,32.4775],[75.1079,32.4736],[75.1079,32.46],[75.12,32.4546],[75.118,32.4433],[75.134,32.4279],[75.1267,32.4238],[75.1319,32.4088],[75.1538,32.4208],[75.1783,32.4218],[75.1871,32.427],[75.2009,32.4202],[75.193,32.4011],[75.2089,32.3948],[75.223,32.3948],[75.2449,32.3844],[75.2652,32.3718],[75.2725,32.3764],[75.2864,32.3713],[75.2882,32.3555],[75.299,32.3466],[75.3222,32.3445],[75.3269,32.3279],[75.3414,32.3461],[75.3493,32.345],[75.3633,32.3335],[75.3763,32.3352],[75.3951,32.3276],[75.411,32.3288],[75.419,32.32],[75.441,32.3184],[75.4483,32.3265],[75.4657,32.327],[75.4802,32.3343],[75.4821,32.3204],[75.5121,32.3079],[75.5034,32.2917],[75.5209,32.277],[75.5334,32.2777],[75.5425,32.3056],[75.5395,32.3362],[75.5598,32.3571],[75.5967,32.3777],[75.6036,32.3766],[75.6359,32.3808],[75.6477,32.3875],[75.6741,32.3936],[75.687,32.3905],[75.7012,32.3996],[75.7114,32.411],[75.7235,32.4102],[75.7373,32.4296],[75.7435,32.4329],[75.7273,32.4457],[75.7295,32.4532],[75.755,32.4563],[75.7777,32.4657],[75.8016,32.4856],[75.8233,32.4951],[75.8271,32.5045],[75.8413,32.5236],[75.8556,32.5282],[75.8578,32.5379],[75.8761,32.5505],[75.8691,32.5635],[75.8793,32.5688],[75.8809,32.5865],[75.902,32.5928],[75.9105,32.6099],[75.9159,32.613],[75.9186,32.6332],[75.9338,32.6427],[75.9175,32.6457],[75.9185,32.654],[75.909,32.6593],[75.8966,32.6497],[75.8897,32.6542],[75.9004,32.6704],[75.9038,32.6954],[75.9011,32.6986],[75.9103,32.7147],[75.9104,32.7179],[75.9183,32.7235],[75.9197,32.7263],[75.9221,32.7297],[75.9219,32.7354],[75.924,32.739],[75.9243,32.7405],[75.9261,32.7431],[75.9261,32.7456],[75.9039,32.7691],[75.8907,32.7828],[75.8888,32.8032],[75.8838,32.8122],[75.8719,32.8148],[75.8702,32.8214],[75.8449,32.8446],[75.8343,32.8474],[75.8157,32.8616],[75.8113,32.8778],[75.8013,32.8857],[75.8047,32.8865],[75.8064,32.8883],[75.8134,32.8924],[75.8175,32.8944],[75.8243,32.9086],[75.8423,32.9293],[75.87,32.9243],[75.9018,32.9136],[75.9089,32.9139],[75.9245,32.9062],[75.9358,32.8883],[75.9539,32.8734],[75.9807,32.8875],[75.9858,32.8962],[76.0072,32.9026],[76.014,32.9098],[76.0321,32.9167],[76.0391,32.9324],[76.0456,32.9378],[76.0663,32.942],[76.0734,32.9529],[76.0884,32.9566],[76.0973,32.9643],[76.1115,32.9879],[76.1091,32.9922],[76.1109,32.9964],[76.1119,32.9991],[76.1128,33.0021],[76.1126,33.0042],[76.1123,33.0053],[76.1123,33.0063],[76.1218,33.008],[76.1324,33.0078],[76.1415,33.01],[76.1661,33.007],[76.1737,33.0098],[76.1829,33.0207],[76.2057,33.0167],[76.2184,33.0177],[76.2259,33.0237],[76.2474,33.0216],[76.2526,33.0296],[76.2676,33.0368],[76.2769,33.037],[76.2816,33.0511],[76.2953,33.0576],[76.295,33.0687],[76.2894,33.0727],[76.2885,33.0856],[76.2918,33.1032],[76.3208,33.1258],[76.3322,33.1281],[76.35,33.1438],[76.3681,33.1539],[76.3745,33.1542],[76.3762,33.156],[76.3784,33.1613],[76.3838,33.1669],[76.3981,33.1755],[76.4104,33.1866],[76.4265,33.1883],[76.4344,33.1826],[76.4611,33.1801],[76.4742,33.1827],[76.4879,33.1797],[76.5161,33.1965],[76.5188,33.1962],[76.5202,33.196],[76.5244,33.1961],[76.5316,33.197],[76.5396,33.2003],[76.5542,33.1995],[76.5674,33.2103],[76.6053,33.2043],[76.6037,33.1932],[76.6111,33.1913],[76.6177,33.1876],[76.6185,33.1744],[76.6303,33.1672],[76.6463,33.1623],[76.6621,33.1649],[76.67,33.1717],[76.7069,33.1742],[76.7151,33.1815],[76.7271,33.1823],[76.7342,33.1778],[76.7469,33.1792],[76.7502,33.1918],[76.7582,33.1959],[76.7758,33.2205],[76.7789,33.2397],[76.7739,33.2415],[76.7719,33.2475],[76.772,33.2489],[76.7712,33.2496],[76.7708,33.2495],[76.77,33.2492],[76.7693,33.2489],[76.7676,33.2484],[76.7543,33.2488],[76.7372,33.261],[76.7327,33.275],[76.7287,33.3078],[76.7177,33.3287],[76.6967,33.3278],[76.6706,33.342],[76.6723,33.3491],[76.6582,33.3582],[76.651,33.3838],[76.6394,33.3929],[76.6368,33.4156],[76.6292,33.424],[76.6287,33.4349],[76.6123,33.4385],[76.5926,33.4255],[76.5776,33.4297],[76.5796,33.4392],[76.5763,33.4531],[76.5681,33.4651],[76.5574,33.4623],[76.5417,33.47],[76.5344,33.4824],[76.5228,33.4935],[76.5086,33.4991],[76.507,33.5103],[76.4918,33.517],[76.479,33.5269],[76.471,33.5275],[76.4579,33.5372],[76.4624,33.5517],[76.4473,33.5644],[76.4358,33.5423],[76.4249,33.5372],[76.384,33.5525],[76.3747,33.566],[76.3807,33.5771],[76.3667,33.5855],[76.3592,33.6034],[76.3362,33.6106],[76.3221,33.6024],[76.3065,33.6097],[76.3001,33.6009],[76.3018,33.5899],[76.3101,33.5787],[76.303,33.5676],[76.2778,33.5676],[76.2596,33.5651],[76.2459,33.5458],[76.2255,33.5474],[76.2091,33.5666],[76.2064,33.5734],[76.2249,33.5771],[76.2314,33.587],[76.2242,33.6004],[76.2386,33.6025],[76.2409,33.6097],[76.2299,33.6308],[76.2698,33.6431],[76.2748,33.6533],[76.2846,33.662],[76.2663,33.6791],[76.2634,33.713],[76.2711,33.7309],[76.2653,33.7359],[76.2652,33.747],[76.2459,33.7562],[76.2157,33.7577],[76.2108,33.7684],[76.2023,33.7735],[76.2008,33.7752],[76.2008,33.7753],[76.1965,33.7888],[76.1843,33.7994],[76.1619,33.8],[76.1627,33.815],[76.1577,33.8266],[76.1593,33.8368],[76.1538,33.8417],[76.1374,33.8761],[76.124,33.8861],[76.1036,33.8923],[76.0951,33.8996],[76.0725,33.908],[76.0483,33.9124],[76.0337,33.921],[76.0479,33.9291],[76.0494,33.9354],[76.0435,33.9509],[76.0269,33.9707],[76.02,33.9754],[76.0053,33.9761],[75.9795,33.9725],[75.9658,33.9536],[75.9489,33.9555],[75.9423,33.9598],[75.9189,33.9632],[75.9084,33.9671],[75.8895,33.9687],[75.8702,33.9617],[75.8525,33.9622],[75.8407,33.9535],[75.8264,33.9609],[75.8198,33.9704],[75.8316,33.9925],[75.8436,34.0037],[75.8174,34.0072],[75.815,34.0125],[75.7682,34.0412],[75.7675,34.054],[75.7377,34.0566],[75.742,34.0705],[75.7326,34.0835],[75.7214,34.0929],[75.7188,34.1011],[75.6855,34.1196],[75.6844,34.1406],[75.6685,34.1448],[75.6777,34.1528],[75.6836,34.1651],[75.6897,34.1954],[75.6594,34.2],[75.6517,34.2105],[75.6383,34.2095],[75.625,34.1999],[75.6093,34.1951],[75.5962,34.1965],[75.5797,34.2144],[75.5552,34.2117],[75.5393,34.2236],[75.523,34.2291],[75.5149,34.2269],[75.4971,34.2334],[75.4826,34.2635],[75.4831,34.2704],[75.4744,34.2809],[75.406,34.2845],[75.3934,34.2951],[75.3893,34.3107],[75.3945,34.3161],[75.3844,34.3278],[75.3779,34.3424],[75.3851,34.3517],[75.3843,34.3651],[75.3737,34.3707],[75.3779,34.3853],[75.3671,34.3905],[75.3659,34.3925],[75.372,34.4066],[75.3719,34.413],[75.3506,34.4246],[75.3362,34.4281],[75.3297,34.4352],[75.3316,34.4476],[75.3416,34.4601],[75.3529,34.4673],[75.3505,34.4786],[75.3419,34.4872],[75.3464,34.4932],[75.3515,34.5138],[75.3601,34.5208]]]},"properties":{"ST_NM":"Jammu & Kashmir"}},
{"type":"Feature","geometry":{"type":"Polygon","coordinates":[[[83.3299,24.1017],[83.3228,24.1063],[83.3056,24.0797],[83.2947,24.0717],[83.2821,24.0498],[83.284,24.0395],[83.2791,24.0183],[83.2728,24.0182],[83.2636,24.0093],[83.2552,24.0145],[83.2426,24.0116],[83.2425,23.9977],[83.2346,23.9964],[83.2265,23.977],[83.2186,23.969],[83.2231,23.9582],[83.2164,23.9391],[83.2085,23.9306],[83.2079,23.9214],[83.1984,23.9141],[83.1813,23.9151],[83.1717,23.9081],[83.1542,23.9041],[83.1538,23.8968],[83.1415,23.8849],[83.1117,23.8791],[83.0914,23.8716],[83.0751,23.8701],[83.0543,23.8793],[83.0187,23.8795],[83.0013,23.8768],[82.996,23.8725],[82.9543,23.8708],[82.9366,23.8771],[82.9257,23.8932],[82.9052,23.8979],[82.8847,23.9089],[82.8667,23.9248],[82.8611,23.9389],[82.8411,23.9507],[82.8276,23.9622],[82.8103,23.9629],[82.8017,23.9617],[82.7986,23.9512],[82.7782,23.9372],[82.7555,23.9338],[82.7524,23.9198],[82.715,23.9214],[82.6989,23.925],[82.6889,23.9207],[82.6836,23.9102],[82.6731,23.9061],[82.6616,23.9077],[82.6512,23.8868],[82.6684,23.8718],[82.6597,23.8547],[82.6516,23.8555],[82.6305,23.8389],[82.6044,23.8322],[82.5908,23.8221],[82.5732,23.8241],[82.5647,23.8208],[82.5542,23.8262],[82.5393,23.8231],[82.5388,23.8164],[82.5484,23.8086],[82.5507,23.7935],[82.5381,23.7943],[82.5253,23.7841],[82.4974,23.7849],[82.4891,23.7897],[82.4827,23.802],[82.4708,23.8106],[82.4535,23.8129],[82.4435,23.8056],[82.4162,23.804],[82.3935,23.7999],[82.3906,23.8052],[82.3739,23.812],[82.3497,23.8045],[82.3386,23.8084],[82.3352,23.8028],[82.3161,23.8115],[82.3031,23.8127],[82.2961,23.808],[82.2826,23.8166],[82.2622,23.8211],[82.2517,23.8168],[82.238,23.8057],[82.2277,23.8073],[82.2249,23.8205],[82.2069,23.8266],[82.2081,23.835],[82.2153,23.8411],[82.2082,23.8519],[82.1986,23.849],[82.1808,23.8363],[82.1781,23.8212],[82.1618,23.8216],[82.144,23.8164],[82.1215,23.823],[82.1148,23.8179],[82.1049,23.8196],[82.0817,23.8164],[82.0554,23.8202],[82.04,23.826],[82.0447,23.841],[82.0333,23.8472],[82.0199,23.8494],[82.0092,23.8608],[81.9997,23.8629],[81.9814,23.8607],[81.9561,23.853],[81.939,23.8621],[81.9401,23.8674],[81.9215,23.8709],[81.9045,23.8448],[81.8881,23.8356],[81.8677,23.8342],[81.8631,23.8245],[81.8374,23.8208],[81.8234,23.8079],[81.815,23.8065],[81.8092,23.8132],[81.7959,23.8149],[81.7911,23.8094],[81.7731,23.8164],[81.7516,23.8324],[81.725,23.8447],[81.732,23.8567],[81.7202,23.8622],[81.707,23.8621],[81.7095,23.8722],[81.7017,23.8862],[81.6904,23.8848],[81.6875,23.9065],[81.6731,23.9129],[81.6671,23.9254],[81.6592,23.9176],[81.6385,23.9109],[81.6311,23.9058],[81.6102,23.9041],[81.6116,23.8923],[81.6042,23.8818],[81.6214,23.8716],[81.6166,23.8632],[81.6065,23.8623],[81.6032,23.8537],[81.6159,23.8335],[81.6344,23.8357],[81.6514,23.7991],[81.6497,23.7847],[81.644,23.7731],[81.652,23.7654],[81.6757,23.7573],[81.6865,23.7469],[81.6782,23.7403],[81.6959,23.7214],[81.685,23.7002],[81.6841,23.691],[81.6568,23.6834],[81.6552,23.6632],[81.6425,23.6579],[81.6181,23.6624],[81.6203,23.6515],[81.6142,23.6225],[81.6077,23.6127],[81.6115,23.6017],[81.6031,23.5933],[81.592,23.5965],[81.5767,23.5854],[81.584,23.5536],[81.61,23.5557],[81.6141,23.5457],[81.612,23.5107],[81.621,23.5019],[81.627,23.4821],[81.6394,23.4784],[81.6485,23.4897],[81.6495,23.4964],[81.6624,23.5142],[81.6589,23.529],[81.6681,23.533],[81.6903,23.5284],[81.6994,23.522],[81.7168,23.5416],[81.7216,23.5424],[81.7251,23.5567],[81.7358,23.5661],[81.7528,23.5679],[81.7582,23.5499],[81.8095,23.549],[81.8167,23.5414],[81.8211,23.515],[81.837,23.5109],[81.8637,23.5176],[81.8691,23.513],[81.8812,23.5151],[81.9044,23.5296],[81.9079,23.5354],[81.9233,23.5327],[81.9478,23.5011],[81.9577,23.5004],[81.9545,23.4724],[81.9647,23.4657],[81.9764,23.4523],[81.9817,23.4308],[81.9768,23.4247],[81.9849,23.4149],[81.9992,23.4216],[82.0086,23.4122],[82.0255,23.4249],[82.0324,23.4111],[82.0291,23.4002],[82.0209,23.3893],[82.0334,23.3833],[82.0569,23.377],[82.064,23.393],[82.0701,23.391],[82.0915,23.3983],[82.1015,23.3981],[82.1126,23.3864],[82.1101,23.3632],[82.1194,23.354],[82.1409,23.3618],[82.1464,23.3608],[82.1621,23.3429],[82.1681,23.3325],[82.1917,23.3269],[82.1988,23.3122],[82.1923,23.2874],[82.1929,23.2772],[82.1743,23.2687],[82.1664,23.247],[82.1605,23.2471],[82.1534,23.231],[82.1455,23.2266],[82.1534,23.2115],[82.1486,23.191],[82.143,23.1869],[82.1489,23.1758],[82.1451,23.1634],[82.1603,23.1615],[82.1613,23.1432],[82.1557,23.1377],[82.1371,23.1288],[82.1374,23.1123],[82.123,23.1036],[82.1111,23.1094],[82.0673,23.1161],[82.0553,23.1076],[82.036,23.0811],[82.0082,23.0793],[81.9967,23.0846],[81.9695,23.081],[81.9468,23.0691],[81.9374,23.0619],[81.9295,23.0617],[81.929,23.0508],[81.9215,23.0408],[81.9298,23.0206],[81.9365,23.0165],[81.9391,23.0046],[81.9505,22.983],[81.9462,22.974],[81.9463,22.9568],[81.9189,22.9466],[81.8981,22.926],[81.8904,22.9227],[81.8776,22.9102],[81.8691,22.9174],[81.8695,22.8945],[81.8616,22.8893],[81.8421,22.8878],[81.8334,22.8809],[81.8176,22.8823],[81.7757,22.8745],[81.7772,22.8545],[81.767,22.8344],[81.7818,22.811],[81.7841,22.7987],[81.781,22.79],[81.7836,22.7792],[81.7944,22.7665],[81.7793,22.7509],[81.7696,22.747],[81.7681,22.7355],[81.7548,22.7334],[81.7523,22.7267],[81.7569,22.7083],[81.7716,22.6764],[81.7685,22.6643],[81.7546,22.6464],[81.743,22.6726],[81.7286,22.6765],[81.7227,22.6571],[81.7131,22.6481],[81.7011,22.6451],[81.6833,22.6469],[81.672,22.6326],[81.6624,22.6268],[81.6609,22.6193],[81.6472,22.6133],[81.6465,22.5934],[81.6493,22.5847],[81.66,22.57],[81.6534,22.563],[81.624,22.5559],[81.6287,22.5444],[81.6219,22.538],[81.605,22.5346],[81.5862,22.5439],[81.5675,22.5505],[81.5628,22.5475],[81.563,22.534],[81.5472,22.5275],[81.5327,22.5386],[81.5234,22.5322],[81.5182,22.5198],[81.5093,22.5261],[81.4965,22.5193],[81.4974,22.5117],[81.4894,22.5032],[81.4826,22.4885],[81.4728,22.4938],[81.463,22.4931],[81.4388,22.4823],[81.4278,22.4798],[81.4227,22.4715],[81.4287,22.4569],[81.4229,22.4477],[81.4067,22.441],[81.3964,22.4401],[81.3881,22.4592],[81.3915,22.4777],[81.3841,22.4898],[81.3862,22.4986],[81.382,22.5098],[81.3724,22.5148],[81.3613,22.515],[81.3382,22.5204],[81.3265,22.5262],[81.3185,22.5167],[81.3182,22.5019],[81.3225,22.4881],[81.3073,22.4819],[81.2992,22.4907],[81.2813,22.503],[81.2733,22.4932],[81.2621,22.4933],[81.2619,22.4722],[81.2483,22.4588],[81.2322,22.4522],[81.2077,22.4566],[81.2002,22.4628],[81.1999,22.4843],[81.1935,22.491],[81.1718,22.4872],[81.1607,22.4701],[81.1564,22.4564],[81.141,22.4543],[81.1205,22.4458],[81.11,22.4356],[81.1102,22.4164],[81.1058,22.3871],[81.1131,22.3533],[81.1211,22.3412],[81.1135,22.3242],[81.1186,22.3108],[81.1184,22.2905],[81.1018,22.2783],[81.0895,22.2471],[81.0771,22.2402],[81.0726,22.2484],[81.0484,22.2439],[81.0379,22.2339],[81.0235,22.2292],[81.0194,22.221],[81.0217,22.2121],[81.0304,22.2032],[81.0291,22.1917],[81.0168,22.186],[81.0172,22.1796],[81.0267,22.1664],[81.0222,22.1578],[81.0219,22.1328],[80.9984,22.1317],[80.9938,22.1352],[80.9804,22.1266],[80.9796,22.1126],[80.9916,22.1116],[81.0113,22.0955],[81.0015,22.0831],[81.0086,22.0684],[80.9949,22.0508],[80.9835,22.0486],[80.9809,22.0543],[80.9691,22.0588],[80.9711,22.0867],[80.957,22.1104],[80.9496,22.1172],[80.9219,22.12],[80.9079,22.1096],[80.8968,22.0644],[80.8758,22.0386],[80.8759,22.0135],[80.8632,21.9898],[80.86,21.9715],[80.8517,21.9579],[80.8347,21.9547],[80.8461,21.9391],[80.8466,21.9275],[80.8324,21.9086],[80.8345,21.8853],[80.8439,21.8807],[80.8425,21.8642],[80.851,21.8548],[80.8392,21.8482],[80.8383,21.8372],[80.8446,21.8316],[80.8397,21.8187],[80.8386,21.8003],[80.8255,21.7834],[80.8274,21.7802],[80.8154,21.7555],[80.8039,21.7448],[80.7854,21.7403],[80.7857,21.7472],[80.7723,21.7585],[80.7594,21.7592],[80.7475,21.7556],[80.7338,21.7286],[80.7321,21.7137],[80.7351,21.7039],[80.7214,21.677],[80.7168,21.6606],[80.7189,21.646],[80.7283,21.64],[80.7316,21.6261],[80.7171,21.6025],[80.7171,21.5911],[80.7255,21.5801],[80.7287,21.57],[80.7199,21.5565],[80.7408,21.5392],[80.7307,21.5149],[80.7332,21.5007],[80.7276,21.4962],[80.7372,21.481],[80.7353,21.4609],[80.7244,21.4452],[80.7068,21.4331],[80.7072,21.4156],[80.7002,21.4047],[80.7005,21.3966],[80.6903,21.3721],[80.6802,21.3649],[80.6778,21.3494],[80.6711,21.3383],[80.66,21.3341],[80.6816,21.3135],[80.6796,21.2988],[80.67,21.2911],[80.6613,21.291],[80.6583,21.2811],[80.6511,21.2776],[80.6488,21.2621],[80.6425,21.2497],[80.6271,21.2432],[80.6173,21.2297],[80.6059,21.2241],[80.5992,21.2255],[80.5786,21.2178],[80.5684,21.2049],[80.5529,21.2007],[80.5296,21.2052],[80.5178,21.1927],[80.515,21.1829],[80.5026,21.1852],[80.4808,21.1715],[80.4643,21.1749],[80.4611,21.1572],[80.4452,21.1207],[80.4465,21.1047],[80.4392,21.0965],[80.4463,21.084],[80.447,21.064],[80.4541,21.0516],[80.4497,21.0305],[80.4393,21.0269],[80.4258,21.0059],[80.4427,20.9954],[80.4454,20.9705],[80.4551,20.9459],[80.462,20.9391],[80.4637,20.9291],[80.5191,20.9298],[80.5345,20.9345],[80.5481,20.9117],[80.5562,20.8881],[80.554,20.87],[80.5566,20.8608],[80.5559,20.8395],[80.5612,20.8306],[80.5586,20.8115],[80.5492,20.7952],[80.5521,20.7814],[80.5517,20.764],[80.5627,20.7474],[80.56,20.726],[80.5673,20.7073],[80.5818,20.6973],[80.5875,20.6832],[80.5804,20.673],[80.5595,20.6708],[80.5462,20.6608],[80.5213,20.6572],[80.4887,20.6327],[80.481,20.6184],[80.4908,20.6045],[80.5022,20.5952],[80.5044,20.5834],[80.5215,20.5805],[80.5392,20.5852],[80.5578,20.5944],[80.5646,20.6037],[80.5808,20.6084],[80.6014,20.6088],[80.6123,20.6005],[80.6286,20.6],[80.6228,20.5889],[80.6263,20.5673],[80.6234,20.5552],[80.6152,20.5495],[80.6213,20.5324],[80.6173,20.515],[80.6196,20.5045],[80.6128,20.4631],[80.6025,20.4511],[80.6138,20.4359],[80.6081,20.424],[80.6001,20.4179],[80.5915,20.393],[80.594,20.3858],[80.6107,20.3751],[80.6154,20.3512],[80.6264,20.3325],[80.6224,20.3253],[80.6105,20.3183],[80.5889,20.3179],[80.5461,20.3059],[80.5462,20.2975],[80.5322,20.2807],[80.5167,20.2661],[80.4985,20.2748],[80.4881,20.276],[80.4619,20.2686],[80.4512,20.258],[80.4312,20.2517],[80.4253,20.2529],[80.3981,20.2441],[80.3952,20.2369],[80.4056,20.2178],[80.4221,20.2067],[80.4212,20.1964],[80.4013,20.1901],[80.3966,20.1738],[80.3885,20.1651],[80.4018,20.1473],[80.4259,20.14],[80.4296,20.1361],[80.4554,20.138],[80.4601,20.151],[80.4881,20.1438],[80.5056,20.1445],[80.5112,20.1371],[80.5307,20.1317],[80.5428,20.1213],[80.5521,20.118],[80.5523,20.1111],[80.544,20.0955],[80.5549,20.0797],[80.5567,20.0698],[80.5493,20.0551],[80.5509,20.0412],[80.5426,20.0106],[80.5499,20.0006],[80.5489,19.9837],[80.5383,19.9749],[80.5359,19.9655],[80.5389,19.9517],[80.5311,19.9471],[80.5236,19.9337],[80.5001,19.9285],[80.4808,19.9342],[80.4732,19.9508],[80.4658,19.9482],[80.4517,19.9572],[80.4299,19.9405],[80.4113,19.9384],[80.4125,19.9236],[80.408,19.9126],[80.4237,19.9025],[80.429,19.9033],[80.4498,19.8963],[80.4529,19.9044],[80.4686,19.9076],[80.4741,19.9038],[80.4937,19.9001],[80.5009,19.8873],[80.5058,19.8705],[80.4863,19.8635],[80.4787,19.8392],[80.4695,19.8274],[80.4407,19.8102],[80.4317,19.8072],[80.4104,19.8162],[80.4049,19.7937],[80.4242,19.7992],[80.4405,19.7956],[80.4493,19.7898],[80.4663,19.7936],[80.4794,19.7826],[80.4827,19.7726],[80.4903,19.7713],[80.49,19.79],[80.485,19.8023],[80.4757,19.8035],[80.4689,19.8103],[80.4806,19.8275],[80.5001,19.8277],[80.5198,19.8318],[80.5465,19.8177],[80.5477,19.7971],[80.5425,19.7833],[80.5438,19.7757],[80.5526,19.7654],[80.5715,19.7591],[80.5821,19.7507],[80.5872,19.741],[80.6111,19.7382],[80.6268,19.7258],[80.6401,19.7253],[80.649,19.7124],[80.6764,19.6994],[80.6797,19.6835],[80.6766,19.6525],[80.6689,19.6412],[80.6627,19.6224],[80.6703,19.6092],[80.7147,19.6166],[80.7409,19.6061],[80.7574,19.5968],[80.7698,19.5866],[80.7674,19.5761],[80.7755,19.5624],[80.7881,19.5603],[80.8165,19.5712],[80.8373,19.5633],[80.8382,19.5616],[80.8445,19.5377],[80.857,19.5228],[80.8731,19.5188],[80.8841,19.5263],[80.8956,19.5194],[80.8984,19.4818],[80.8943,19.4673],[80.874,19.445],[80.8423,19.4469],[80.8298,19.443],[80.8134,19.4336],[80.8096,19.4202],[80.8118,19.4072],[80.8266,19.382],[80.853,19.3639],[80.8463,19.3554],[80.8104,19.3367],[80.8063,19.3279],[80.7898,19.3231],[80.7744,19.3137],[80.7599,19.2915],[80.7384,19.2853],[80.7266,19.287],[80.7095,19.2817],[80.6898,19.2868],[80.6887,19.295],[80.6934,19.3146],[80.6828,19.3292],[80.6719,19.3295],[80.6532,19.3219],[80.6489,19.3165],[80.6366,19.3132],[80.6234,19.3056],[80.6127,19.3094],[80.6078,19.326],[80.59,19.3518],[80.5884,19.3709],[80.5918,19.3759],[80.5785,19.4009],[80.5626,19.399],[80.5385,19.3776],[80.5204,19.3476],[80.5069,19.3423],[80.4856,19.3406],[80.4771,19.3298],[80.4704,19.3116],[80.4574,19.2882],[80.4538,19.2729],[80.4378,19.2577],[80.4194,19.2508],[80.3939,19.2448],[80.3866,19.2328],[80.3842,19.2149],[80.392,19.2025],[80.3945,19.1888],[80.3893,19.1815],[80.3481,19.16],[80.3479,19.1522],[80.3338,19.1459],[80.3275,19.1353],[80.3308,19.1203],[80.3397,19.0999],[80.328,19.0949],[80.3311,19.0806],[80.3295,19.0697],[80.32,19.0657],[80.2965,19.0476],[80.3052,19.0272],[80.2909,19.0085],[80.2738,18.9945],[80.2743,18.9721],[80.2693,18.9501],[80.2743,18.9318],[80.2999,18.9111],[80.3165,18.8884],[80.3263,18.8809],[80.352,18.8416],[80.3545,18.8266],[80.3508,18.8152],[80.3431,18.8132],[80.323,18.799],[80.3061,18.798],[80.297,18.7918],[80.2879,18.7735],[80.2748,18.7655],[80.2499,18.7691],[80.2443,18.7563],[80.2593,18.743],[80.2729,18.723],[80.2793,18.7212],[80.3045,18.6834],[80.3174,18.6427],[80.3257,18.6366],[80.3327,18.6143],[80.3431,18.5981],[80.3541,18.5956],[80.3661,18.6091],[80.3768,18.6098],[80.3869,18.5976],[80.3944,18.6058],[80.4076,18.6107],[80.4264,18.6139],[80.4406,18.6241],[80.4566,18.6298],[80.4634,18.6249],[80.4892,18.6308],[80.5016,18.6216],[80.5147,18.6194],[80.5191,18.609],[80.5278,18.6031],[80.5353,18.5906],[80.5564,18.5798],[80.5709,18.5652],[80.5909,18.558],[80.6057,18.5483],[80.6184,18.5276],[80.6376,18.5226],[80.6409,18.5113],[80.6383,18.5024],[80.6514,18.4858],[80.6564,18.4748],[80.6861,18.4582],[80.688,18.4474],[80.7021,18.4443],[80.6964,18.424],[80.7183,18.4097],[80.7229,18.4152],[80.7348,18.4129],[80.7329,18.403],[80.7196,18.3911],[80.7292,18.3792],[80.727,18.3685],[80.7315,18.3548],[80.7477,18.3297],[80.7494,18.3076],[80.7586,18.2999],[80.7626,18.2882],[80.7688,18.288],[80.78,18.2667],[80.7941,18.2602],[80.7917,18.2509],[80.7768,18.2462],[80.7484,18.2309],[80.7372,18.2221],[80.7368,18.1772],[80.7484,18.173],[80.7754,18.1701],[80.7991,18.1715],[80.8241,18.1944],[80.8227,18.2291],[80.8236,18.2395],[80.8371,18.2422],[80.8434,18.2358],[80.8659,18.2335],[80.8726,18.214],[80.8719,18.2087],[80.853,18.2027],[80.8585,18.1898],[80.8573,18.1744],[80.8602,18.1512],[80.8667,18.1403],[80.8818,18.1389],[80.9001,18.1405],[80.921,18.1477],[80.9516,18.167],[80.9577,18.1769],[80.979,18.1788],[80.9787,18.1542],[80.9562,18.1336],[80.9518,18.0935],[80.9534,18.082],[80.9637,18.064],[80.9698,18.0472],[80.9643,18.0415],[80.9733,18.027],[80.9796,18.0067],[80.9858,17.9548],[80.9885,17.9416],[80.9984,17.9168],[80.9993,17.9027],[80.9942,17.8807],[80.9964,17.8491],[81.0032,17.8307],[81.0035,17.8196],[81.0082,17.7983],[81.0177,17.7914],[81.0466,17.7824],[81.0733,17.7865],[81.0856,17.7981],[81.1024,17.8161],[81.1227,17.824],[81.1456,17.844],[81.1683,17.8557],[81.2003,17.8464],[81.2156,17.8346],[81.2396,17.8259],[81.2484,17.8171],[81.2654,17.8111],[81.3072,17.8104],[81.326,17.8152],[81.3459,17.8114],[81.3548,17.8132],[81.3805,17.8039],[81.3933,17.7947],[81.3928,17.8162],[81.3961,17.82],[81.3891,17.8299],[81.4033,17.8497],[81.3945,17.8681],[81.3955,17.8832],[81.4007,17.8943],[81.4139,17.8944],[81.4339,17.8814],[81.4478,17.8892],[81.4475,17.8985],[81.4534,17.914],[81.4491,17.932],[81.4594,17.9524],[81.4713,17.9598],[81.4824,17.9755],[81.4777,17.9903],[81.4829,18.0264],[81.4796,18.0407],[81.4808,18.0514],[81.4813,18.0525],[81.4966,18.071],[81.4976,18.0763],[81.5135,18.1006],[81.5149,18.1246],[81.5128,18.1362],[81.526,18.16],[81.5166,18.1762],[81.5071,18.1855],[81.5161,18.2144],[81.5304,18.2403],[81.5246,18.2559],[81.5312,18.2653],[81.541,18.2702],[81.5517,18.2698],[81.5643,18.2752],[81.6005,18.3097],[81.6131,18.3072],[81.6281,18.3139],[81.6622,18.325],[81.6498,18.3356],[81.6595,18.3467],[81.7441,18.3524],[81.7503,18.3536],[81.7688,18.4181],[81.7942,18.4404],[81.8398,18.4771],[81.8572,18.494],[81.857,18.5075],[81.8682,18.5249],[81.8797,18.5253],[81.8892,18.5382],[81.897,18.5352],[81.9088,18.5381],[81.9056,18.5612],[81.9107,18.5707],[81.9208,18.5727],[81.9264,18.5671],[81.9502,18.57],[81.963,18.5948],[81.9451,18.6005],[81.935,18.6074],[81.9307,18.6182],[81.9087,18.6281],[81.8941,18.6427],[81.9016,18.6606],[81.9134,18.6528],[81.9217,18.6429],[81.9489,18.6437],[81.9572,18.6671],[81.9691,18.6734],[81.962,18.6872],[81.9654,18.6934],[81.9889,18.7053],[81.9947,18.7047],[82.0058,18.7147],[82.0167,18.7195],[82.0402,18.7239],[82.0527,18.7237],[82.0639,18.7192],[82.0672,18.7264],[82.085,18.7186],[82.086,18.728],[82.0935,18.7468],[82.0887,18.7602],[82.1208,18.7698],[82.1296,18.7672],[82.1336,18.7771],[82.1563,18.7852],[82.1645,18.802],[82.157,18.8035],[82.1603,18.8196],[82.1689,18.836],[82.1657,18.8439],[82.1649,18.8648],[82.1693,18.8819],[82.1767,18.8873],[82.1754,18.9013],[82.1811,18.907],[82.1925,18.9075],[82.2175,18.9222],[82.2398,18.9148],[82.246,18.9191],[82.2393,18.9608],[82.2327,19.0179],[82.2299,19.0274],[82.2022,19.0667],[82.2047,19.0756],[82.2121,19.0819],[82.2191,19.0954],[82.2097,19.0997],[82.203,19.1081],[82.1985,19.1215],[82.1832,19.1314],[82.1766,19.1181],[82.1703,19.1204],[82.1675,19.1364],[82.1734,19.1633],[82.1861,19.1664],[82.1751,19.1825],[82.1805,19.191],[82.1686,19.1947],[82.1617,19.2023],[82.1688,19.213],[82.1578,19.2275],[82.1584,19.2652],[82.1659,19.2877],[82.1767,19.2995],[82.1812,19.3234],[82.188,19.334],[82.1879,19.3348],[82.1786,19.3434],[82.1659,19.3487],[82.1541,19.3498],[82.1471,19.3654],[82.1532,19.377],[82.1719,19.3726],[82.1792,19.3804],[82.1843,19.4008],[82.1832,19.4116],[82.1893,19.4154],[82.1862,19.4267],[82.1782,19.4366],[82.1607,19.4363],[82.1273,19.4305],[82.1135,19.4483],[82.1127,19.4607],[82.1028,19.4661],[82.1081,19.4803],[82.1079,19.4943],[82.098,19.499],[82.1002,19.5166],[82.076,19.5236],[82.0661,19.5109],[82.0513,19.5082],[82.0292,19.5076],[82.0365,19.5203],[82.0373,19.5283],[82.0478,19.535],[82.0506,19.5493],[82.0452,19.557],[82.0494,19.5682],[82.0398,19.5972],[82.059,19.6282],[82.0519,19.6474],[82.0555,19.6545],[82.0519,19.6805],[82.0446,19.7005],[82.0506,19.7171],[82.0497,19.7421],[82.056,19.753],[82.0632,19.7578],[82.0605,19.7667],[82.0662,19.7832],[82.0602,19.7964],[82.0387,19.7967],[82.0091,19.8045],[81.9954,19.7969],[81.9859,19.8011],[81.9654,19.8369],[81.9681,19.8599],[81.9411,19.8729],[81.9062,19.8843],[81.8696,19.9026],[81.8531,19.9185],[81.8518,19.9232],[81.8568,19.9476],[81.845,19.9519],[81.8453,19.9596],[81.8553,19.9723],[81.8606,20.0035],[81.8667,20.0123],[81.865,20.0267],[81.876,20.0521],[81.8819,20.0444],[81.8968,20.0496],[81.9014,20.0579],[81.9161,20.072],[81.9259,20.0916],[81.9373,20.1025],[81.9456,20.1052],[81.9581,20.0979],[81.9839,20.0733],[81.9866,20.0628],[81.9953,20.0536],[82.0123,20.0539],[82.0177,20.049],[82.0227,20.0322],[82.0215,20.0238],[82.0325,20.0158],[82.0399,20.0239],[82.0426,20.0347],[82.0591,20.045],[82.0635,20.0546],[82.0705,20.057],[82.0854,20.0508],[82.0889,20.0395],[82.102,20.0403],[82.1032,20.0311],[82.1285,20.0142],[82.1398,20.0188],[82.1535,20.0076],[82.1715,20.0052],[82.1803,19.9911],[82.1882,19.9862],[82.21,19.9863],[82.2161,19.997],[82.2375,20.0035],[82.2585,19.982],[82.2692,19.9753],[82.2749,19.9631],[82.2753,19.9507],[82.3012,19.9047],[82.3041,19.8892],[82.3263,19.8616],[82.331,19.8464],[82.3453,19.8359],[82.3621,19.8525],[82.3607,19.8625],[82.3739,19.8604],[82.3922,19.8817],[82.418,19.9041],[82.4383,19.9056],[82.4507,19.9094],[82.4642,19.9009],[82.4732,19.9071],[82.4848,19.9078],[82.5018,19.9023],[82.5046,19.8907],[82.5177,19.8913],[82.531,19.8784],[82.5349,19.8869],[82.5502,19.8758],[82.5618,19.8743],[82.5714,19.8778],[82.5824,19.8697],[82.5961,19.873],[82.6038,19.8663],[82.5969,19.8552],[82.5877,19.8487],[82.5758,19.8334],[82.5791,19.8233],[82.5762,19.8154],[82.5847,19.8019],[82.5832,19.7792],[82.5945,19.7754],[82.6034,19.788],[82.6271,19.7938],[82.6366,19.813],[82.647,19.8189],[82.6521,19.8322],[82.7039,19.832],[82.7181,19.8536],[82.7196,19.8675],[82.714,19.8778],[82.7074,19.9021],[82.7071,19.9126],[82.7124,19.9174],[82.7131,19.9385],[82.7202,19.9481],[82.7156,19.953],[82.7181,19.9888],[82.71,19.997],[82.6692,19.9999],[82.653,20.0043],[82.6343,20.0033],[82.6238,19.9916],[82.6094,19.9888],[82.5913,19.9921],[82.5843,20.0016],[82.5511,20.0162],[82.5341,20.0137],[82.5101,20.0166],[82.4947,20.0228],[82.4795,20.0366],[82.471,20.0343],[82.4616,20.0403],[82.4505,20.0387],[82.432,20.0476],[82.4105,20.0502],[82.401,20.0546],[82.3968,20.0674],[82.4024,20.0795],[82.3991,20.1002],[82.3986,20.1222],[82.3941,20.1361],[82.3869,20.144],[82.395,20.1507],[82.3909,20.1622],[82.3958,20.1686],[82.4122,20.1798],[82.4155,20.1994],[82.4212,20.203],[82.4234,20.2193],[82.4151,20.227],[82.4113,20.2455],[82.4213,20.2468],[82.4113,20.2602],[82.4161,20.2722],[82.4249,20.2752],[82.4355,20.2857],[82.4376,20.2946],[82.4299,20.3012],[82.4314,20.3129],[82.4004,20.3393],[82.4112,20.3714],[82.4212,20.3928],[82.4166,20.4076],[82.432,20.4167],[82.4296,20.4279],[82.438,20.4342],[82.4344,20.4442],[82.4256,20.4454],[82.4271,20.4689],[82.4186,20.4803],[82.4099,20.4634],[82.3985,20.4602],[82.3978,20.4727],[82.3883,20.4966],[82.3894,20.517],[82.3719,20.5216],[82.3587,20.5278],[82.3489,20.5458],[82.3365,20.5539],[82.3338,20.569],[82.3424,20.5709],[82.3507,20.5814],[82.3437,20.5957],[82.3469,20.6025],[82.3625,20.6103],[82.3643,20.6217],[82.3765,20.6324],[82.3686,20.649],[82.3688,20.6595],[82.3741,20.6674],[82.368,20.6789],[82.3624,20.6806],[82.3552,20.693],[82.3514,20.7063],[82.3549,20.7184],[82.3456,20.7316],[82.3535,20.7358],[82.3426,20.7668],[82.3448,20.791],[82.3393,20.8255],[82.3395,20.8469],[82.3444,20.8559],[82.3475,20.8799],[82.3521,20.8885],[82.3647,20.8873],[82.3604,20.8726],[82.3768,20.8667],[82.386,20.8728],[82.4064,20.8689],[82.4109,20.8443],[82.4279,20.8302],[82.4403,20.8344],[82.4549,20.8266],[82.4654,20.8278],[82.4697,20.8339],[82.4685,20.8467],[82.4812,20.8496],[82.4878,20.8623],[82.4918,20.8776],[82.4881,20.9087],[82.5075,20.9192],[82.5169,20.9205],[82.5309,20.9336],[82.544,20.9354],[82.5601,20.9467],[82.5742,20.9732],[82.587,20.9883],[82.6087,21.0089],[82.6136,21.0228],[82.6298,21.04],[82.6189,21.0535],[82.6121,21.0683],[82.6143,21.0776],[82.6292,21.0769],[82.6374,21.0931],[82.65,21.1064],[82.6399,21.1168],[82.6516,21.1267],[82.6429,21.1357],[82.6366,21.1479],[82.64,21.1544],[82.6556,21.157],[82.6627,21.1547],[82.6972,21.164],[82.6989,21.1586],[82.7156,21.1605],[82.7211,21.1659],[82.7407,21.1635],[82.7559,21.1669],[82.7857,21.1448],[82.7938,21.1427],[82.8004,21.1558],[82.8121,21.161],[82.8415,21.1674],[82.8503,21.1611],[82.8679,21.1604],[82.8817,21.1485],[82.8936,21.1559],[82.9015,21.1665],[82.9151,21.1619],[82.934,21.1643],[82.9422,21.1605],[82.947,21.1819],[82.965,21.1932],[82.9675,21.183],[82.978,21.1825],[82.9858,21.1758],[82.9865,21.1682],[83.0015,21.1705],[82.9857,21.1495],[82.9904,21.1398],[83.0047,21.1369],[83.0122,21.1449],[83.0228,21.1372],[83.0388,21.1316],[83.0454,21.1239],[83.0662,21.1207],[83.0779,21.1119],[83.0939,21.1132],[83.1014,21.1099],[83.1143,21.1125],[83.1314,21.1058],[83.1388,21.1094],[83.1565,21.1299],[83.1677,21.1389],[83.1781,21.1352],[83.1922,21.1391],[83.1982,21.1453],[83.1986,21.1642],[83.2094,21.1894],[83.2147,21.1947],[83.2106,21.2049],[83.2172,21.2132],[83.2177,21.2259],[83.2221,21.232],[83.2176,21.2557],[83.2218,21.2656],[83.2297,21.2723],[83.2381,21.2695],[83.2464,21.2811],[83.2559,21.282],[83.2681,21.2773],[83.2794,21.2949],[83.2622,21.3077],[83.2576,21.321],[83.2632,21.3303],[83.2591,21.3375],[83.2684,21.3452],[83.2747,21.3642],[83.2742,21.3773],[83.2862,21.3775],[83.312,21.3704],[83.3231,21.3623],[83.3476,21.3557],[83.3799,21.3446],[83.3903,21.3427],[83.4069,21.352],[83.4081,21.3598],[83.3974,21.3656],[83.4001,21.377],[83.3971,21.3896],[83.3987,21.4052],[83.3854,21.4153],[83.3754,21.4283],[83.3726,21.4433],[83.354,21.448],[83.3452,21.4791],[83.3461,21.4906],[83.338,21.502],[83.3492,21.5121],[83.3572,21.528],[83.358,21.5377],[83.3663,21.5468],[83.3723,21.5627],[83.3652,21.5762],[83.3691,21.5849],[83.3698,21.6004],[83.38,21.6084],[83.3928,21.6273],[83.4036,21.6314],[83.4157,21.6409],[83.4242,21.6419],[83.4432,21.6555],[83.4509,21.6505],[83.4455,21.6416],[83.4443,21.6237],[83.4526,21.6223],[83.4525,21.6126],[83.4662,21.6097],[83.4737,21.6324],[83.4873,21.63],[83.4868,21.6433],[83.47,21.6482],[83.4462,21.6584],[83.4292,21.6758],[83.4181,21.6799],[83.4327,21.7],[83.4536,21.6946],[83.4606,21.6976],[83.4624,21.7082],[83.4747,21.7197],[83.4888,21.7481],[83.476,21.7533],[83.4819,21.7659],[83.4774,21.7783],[83.469,21.7869],[83.4833,21.7918],[83.4933,21.8182],[83.5067,21.8075],[83.5256,21.7981],[83.5418,21.7982],[83.5389,21.8118],[83.5415,21.8212],[83.5321,21.8316],[83.5422,21.8389],[83.5533,21.8407],[83.576,21.8313],[83.5909,21.8512],[83.5743,21.875],[83.578,21.8876],[83.5856,21.8931],[83.5862,21.9027],[83.603,21.9087],[83.6057,21.9141],[83.5905,21.9296],[83.5568,21.9353],[83.5617,21.948],[83.5419,21.9623],[83.5373,21.9779],[83.5437,21.9949],[83.5556,22.007],[83.5403,22.0197],[83.5362,22.0308],[83.5371,22.0445],[83.5445,22.0576],[83.5502,22.0535],[83.5903,22.0546],[83.6019,22.0591],[83.6066,22.0665],[83.5938,22.0732],[83.5748,22.0906],[83.5634,22.0951],[83.5627,22.103],[83.576,22.1208],[83.5826,22.1243],[83.5935,22.1398],[83.6078,22.1537],[83.6135,22.1776],[83.6277,22.2042],[83.6496,22.2233],[83.6554,22.22],[83.6659,22.2327],[83.7057,22.2467],[83.7118,22.243],[83.7296,22.2428],[83.7433,22.2397],[83.7579,22.2403],[83.7598,22.2512],[83.7733,22.2557],[83.7796,22.2736],[83.7907,22.2755],[83.795,22.2859],[83.8029,22.2901],[83.8253,22.2923],[83.8213,22.3122],[83.8299,22.3235],[83.8523,22.3279],[83.8541,22.3361],[83.8658,22.3431],[83.8794,22.3353],[83.8975,22.3379],[83.9068,22.3514],[83.9234,22.3584],[83.9328,22.3539],[83.9442,22.3549],[83.9565,22.3625],[83.971,22.359],[83.9826,22.3668],[84.0046,22.3736],[84.0135,22.3974],[84.0309,22.4269],[84.0469,22.4375],[84.0456,22.4631],[84.0409,22.4731],[84.0267,22.4753],[84.0189,22.4883],[83.9851,22.5002],[83.9748,22.5116],[83.9818,22.5228],[84.0038,22.5318],[84.0091,22.5261],[84.01,22.5317],[84.0028,22.546],[84.0075,22.5536],[84.0116,22.576],[84.0232,22.5858],[84.0244,22.5919],[84.0494,22.595],[84.0648,22.6119],[84.084,22.6382],[84.0948,22.6352],[84.1107,22.6408],[84.1239,22.6371],[84.15,22.6365],[84.1632,22.6455],[84.188,22.6553],[84.2002,22.6665],[84.221,22.668],[84.2334,22.6808],[84.2381,22.6919],[84.2344,22.7053],[84.2295,22.7369],[84.2431,22.7522],[84.2555,22.7602],[84.2598,22.7677],[84.2893,22.7663],[84.2923,22.7859],[84.2993,22.7959],[84.3147,22.8006],[84.3164,22.8136],[84.322,22.8203],[84.3256,22.8372],[84.323,22.8481],[84.3347,22.8616],[84.3441,22.8596],[84.3528,22.8654],[84.3604,22.8612],[84.3715,22.8647],[84.3796,22.8764],[84.3824,22.8966],[84.3749,22.9024],[84.3775,22.9097],[84.3889,22.9149],[84.3962,22.9259],[84.3959,22.9389],[84.3836,22.9529],[84.3804,22.9721],[84.3728,22.9793],[84.365,22.9743],[84.3281,22.982],[84.3076,22.9675],[84.2805,22.964],[84.2744,22.9857],[84.2535,22.9723],[84.2425,22.9834],[84.2302,22.9834],[84.2187,22.9793],[84.2168,22.9892],[84.2004,23.0062],[84.2016,23.0211],[84.1858,23.0271],[84.1754,23.0099],[84.1751,22.9967],[84.1783,22.9799],[84.171,22.97],[84.1495,22.9654],[84.1469,22.9905],[84.14,23.0074],[84.1261,23.0334],[84.1263,23.0583],[84.1325,23.0654],[84.1334,23.0831],[84.1193,23.0881],[84.1059,23.1049],[84.0901,23.1125],[84.0722,23.109],[84.0626,23.1135],[84.0583,23.1262],[84.0492,23.1349],[84.0401,23.137],[84.0319,23.1579],[84.0433,23.1833],[84.0546,23.1915],[84.0634,23.2066],[84.0558,23.2201],[84.059,23.236],[84.0537,23.2474],[84.0598,23.2694],[84.0642,23.2772],[84.0625,23.2885],[84.0675,23.2942],[84.0616,23.3074],[84.0744,23.3336],[84.0516,23.3596],[84.051,23.3745],[84.0362,23.3786],[84.0231,23.378],[84.0153,23.3688],[84.0117,23.3537],[83.9968,23.3588],[83.9895,23.3569],[83.9693,23.3669],[83.9623,23.3854],[83.9694,23.3939],[83.9797,23.4136],[83.9817,23.4223],[83.9726,23.455],[83.971,23.467],[83.9762,23.4759],[83.998,23.4863],[84.0011,23.494],[84.0149,23.5042],[84.028,23.5457],[84.0264,23.5568],[84.0297,23.5681],[84.0281,23.5912],[84.03,23.5996],[84.0167,23.6085],[84.0087,23.6279],[84.0141,23.6337],[83.9809,23.6337],[83.9807,23.6252],[83.9425,23.626],[83.9319,23.6205],[83.933,23.6008],[83.9391,23.5906],[83.9397,23.5705],[83.9356,23.5691],[83.9185,23.5765],[83.9085,23.5763],[83.8941,23.5826],[83.8886,23.5789],[83.851,23.5875],[83.8258,23.5908],[83.817,23.5947],[83.8069,23.5876],[83.8014,23.6013],[83.7771,23.608],[83.7723,23.6238],[83.7594,23.6261],[83.7519,23.6387],[83.7605,23.6479],[83.7589,23.6536],[83.7388,23.6668],[83.7236,23.6839],[83.7249,23.6907],[83.741,23.7026],[83.746,23.7195],[83.74,23.7324],[83.7377,23.7605],[83.7212,23.7725],[83.722,23.788],[83.7136,23.7998],[83.7044,23.8067],[83.7076,23.8175],[83.6915,23.8265],[83.684,23.8195],[83.6743,23.8272],[83.6665,23.8443],[83.6561,23.85],[83.6463,23.8468],[83.6174,23.8556],[83.6122,23.8539],[83.5915,23.8628],[83.5746,23.8613],[83.5689,23.8667],[83.586,23.8827],[83.5791,23.892],[83.5578,23.8934],[83.5469,23.9144],[83.5488,23.934],[83.5369,23.9507],[83.5284,23.9583],[83.5151,23.9815],[83.5138,23.9964],[83.5238,24.0124],[83.5082,24.0312],[83.4748,24.0415],[83.4542,24.0415],[83.4377,24.0581],[83.4372,24.078],[83.4342,24.0843],[83.4066,24.0805],[83.4012,24.0918],[83.3878,24.1],[83.3642,24.1033],[83.3498,24.0964],[83.3299,24.1017]]]},"properties":{"ST_NM":"Chhattisgarh"}},
{"type":"Feature","geometry":{"type":"Polygon","coordinates":[[[77.2098,28.8579],[77.1971,28.8592],[77.173,28.8573],[77.1541,28.8375],[77.1424,28.8389],[77.1452,28.8522],[77.1405,28.8619],[77.1208,28.86],[77.1098,28.8701],[77.0938,28.8716],[77.0822,28.8821],[77.0792,28.872],[77.0692,28.8672],[77.0617,28.8708],[77.0451,28.8462],[77.04,28.8318],[77.0233,28.8394],[77.0065,28.8406],[76.9918,28.8384],[76.9802,28.8215],[76.9671,28.8281],[76.9616,28.8149],[76.9508,28.8183],[76.9457,28.8104],[76.9463,28.7979],[76.9533,28.7917],[76.9498,28.7771],[76.9559,28.7674],[76.9446,28.754],[76.9586,28.743],[76.9597,28.7293],[76.9482,28.7128],[76.9678,28.6996],[76.9585,28.6857],[76.9559,28.6712],[76.935,28.6675],[76.925,28.6499],[76.9446,28.6331],[76.9353,28.6183],[76.921,28.631],[76.9142,28.6323],[76.906,28.6239],[76.8883,28.6319],[76.8773,28.6088],[76.8631,28.5852],[76.8396,28.5825],[76.8425,28.5561],[76.8478,28.5491],[76.8647,28.5433],[76.877,28.5244],[76.8871,28.5206],[76.8796,28.5047],[76.8914,28.5008],[76.908,28.5137],[76.919,28.5091],[76.9335,28.5097],[76.9517,28.5042],[76.9781,28.5213],[76.9907,28.5135],[76.9966,28.5197],[77.0103,28.5147],[77.017,28.5209],[77.0005,28.5321],[77.0066,28.5413],[77.0319,28.5313],[77.0599,28.5123],[77.0804,28.5181],[77.0986,28.5115],[77.0981,28.5048],[77.1207,28.4963],[77.113,28.4713],[77.1218,28.4585],[77.1238,28.4454],[77.1288,28.4407],[77.1484,28.4373],[77.1659,28.4257],[77.1648,28.415],[77.1744,28.4047],[77.1844,28.4104],[77.1905,28.4072],[77.2285,28.4139],[77.2495,28.4245],[77.2526,28.4329],[77.2458,28.4542],[77.2329,28.4581],[77.2356,28.4711],[77.2433,28.4788],[77.2694,28.4867],[77.2765,28.4933],[77.2903,28.4966],[77.3007,28.494],[77.3141,28.4836],[77.3268,28.4901],[77.3361,28.5052],[77.3454,28.5133],[77.3466,28.521],[77.334,28.5254],[77.3209,28.5409],[77.3044,28.5519],[77.2971,28.566],[77.3013,28.5819],[77.3134,28.5966],[77.3368,28.6018],[77.3417,28.6061],[77.3426,28.622],[77.3163,28.6412],[77.3199,28.6511],[77.3239,28.6772],[77.3329,28.682],[77.3233,28.6986],[77.326,28.7099],[77.3048,28.7129],[77.2915,28.7062],[77.2862,28.7146],[77.2908,28.7224],[77.2764,28.7355],[77.2608,28.7342],[77.2556,28.7389],[77.2592,28.75],[77.2355,28.7609],[77.2359,28.7708],[77.2219,28.7774],[77.1994,28.7981],[77.2015,28.8124],[77.2189,28.8083],[77.2243,28.8261],[77.2166,28.8415],[77.2173,28.8514],[77.2098,28.8579]]]},"properties":{"ST_NM":"Delhi"}},
{"type":"Feature","geometry":{"type":"Polygon","coordinates":[[[74.1184,15.652],[74.1131,15.6461],[74.0948,15.6417],[74.0838,15.6341],[74.0491,15.6241],[74.0322,15.6224],[74.0265,15.6098],[74.0206,15.6062],[74.0032,15.6117],[73.9908,15.6115],[73.9789,15.627],[73.9707,15.6272],[73.9614,15.6415],[73.9678,15.66],[73.9632,15.6711],[73.9635,15.6921],[73.9566,15.6999],[73.9468,15.6985],[73.9518,15.7135],[73.9415,15.7284],[73.9387,15.7427],[73.9148,15.7444],[73.9087,15.748],[73.8991,15.7448],[73.8778,15.7492],[73.8721,15.7587],[73.8796,15.7741],[73.8657,15.7847],[73.8673,15.7965],[73.8565,15.8008],[73.8397,15.7748],[73.838,15.7675],[73.8295,15.7637],[73.8308,15.7526],[73.8252,15.7416],[73.7891,15.7343],[73.7855,15.7255],[73.7588,15.7346],[73.7425,15.7356],[73.7329,15.7283],[73.7312,15.7215],[73.7112,15.7258],[73.6943,15.7228],[73.6884,15.7293],[73.6754,15.727],[73.6892,15.7179],[73.7027,15.6884],[73.7055,15.6764],[73.723,15.6308],[73.7329,15.6177],[73.7344,15.5939],[73.7416,15.5707],[73.7488,15.5619],[73.7559,15.5416],[73.7693,15.4914],[73.7857,15.4933],[73.7924,15.5003],[73.81,15.4958],[73.808,15.4724],[73.7993,15.454],[73.8127,15.456],[73.8306,15.4535],[73.8408,15.4481],[73.8472,15.4527],[73.8604,15.4418],[73.8652,15.4289],[73.8842,15.4336],[73.8946,15.4197],[73.9042,15.4176],[73.9106,15.4251],[73.9184,15.4259],[73.9275,15.4356],[73.9361,15.4317],[73.9261,15.4225],[73.9257,15.4162],[73.9398,15.4086],[73.9217,15.4047],[73.8993,15.4042],[73.8927,15.4086],[73.8832,15.3989],[73.8749,15.3965],[73.8662,15.4023],[73.8508,15.401],[73.8413,15.4102],[73.8286,15.4033],[73.8039,15.4056],[73.7949,15.4144],[73.7841,15.414],[73.7915,15.3943],[73.8066,15.3926],[73.8082,15.3771],[73.835,15.369],[73.8427,15.3603],[73.8541,15.3663],[73.8711,15.3712],[73.8793,15.3634],[73.892,15.3372],[73.9023,15.3117],[73.9115,15.2787],[73.9171,15.2645],[73.929,15.2241],[73.9372,15.1893],[73.949,15.1452],[73.9387,15.1342],[73.9409,15.1206],[73.9259,15.11],[73.9236,15.0921],[73.9318,15.0791],[73.9539,15.074],[73.9697,15.0605],[73.9719,15.0523],[73.9816,15.0529],[73.9901,15.0341],[73.9886,15.0209],[74.0213,15.0115],[74.0349,14.9972],[74.0499,14.9592],[74.0444,14.9471],[74.0471,14.9316],[74.044,14.9175],[74.0604,14.9106],[74.081,14.9106],[74.0857,14.9006],[74.0944,14.9107],[74.1046,14.9126],[74.1241,14.925],[74.162,14.9118],[74.166,14.9162],[74.1545,14.9395],[74.1634,14.9582],[74.1793,14.9567],[74.182,14.9488],[74.1946,14.9396],[74.1915,14.9327],[74.1998,14.9261],[74.2174,14.9456],[74.2318,14.9534],[74.2372,14.9668],[74.2524,14.9588],[74.2552,14.9701],[74.2644,14.9786],[74.2519,14.9935],[74.2535,14.9979],[74.2679,15.0017],[74.2665,15.0068],[74.2833,15.0232],[74.2833,15.0315],[74.2966,15.0412],[74.2903,15.0536],[74.2896,15.0649],[74.2808,15.0689],[74.2797,15.0881],[74.2727,15.0975],[74.2849,15.1139],[74.2836,15.1429],[74.2955,15.1509],[74.3142,15.1804],[74.3161,15.1879],[74.3105,15.1947],[74.3017,15.2244],[74.2916,15.2339],[74.2596,15.2411],[74.2523,15.251],[74.2609,15.2599],[74.2714,15.2809],[74.2816,15.2801],[74.2962,15.2885],[74.3078,15.283],[74.3262,15.2834],[74.336,15.2956],[74.3245,15.3099],[74.3171,15.3292],[74.3219,15.3436],[74.3161,15.36],[74.323,15.3674],[74.2988,15.382],[74.2831,15.383],[74.2759,15.3916],[74.2784,15.4057],[74.2688,15.4191],[74.277,15.4352],[74.2755,15.4492],[74.2646,15.4714],[74.251,15.4916],[74.2523,15.4993],[74.2702,15.51],[74.2785,15.5175],[74.2823,15.5339],[74.2773,15.5469],[74.2654,15.5584],[74.2493,15.5679],[74.2488,15.5803],[74.2603,15.5927],[74.2601,15.6066],[74.2642,15.6159],[74.2538,15.6268],[74.2442,15.6261],[74.252,15.6543],[74.2387,15.6634],[74.2238,15.669],[74.215,15.6626],[74.2175,15.6528],[74.2052,15.6511],[74.2027,15.6632],[74.1869,15.6675],[74.182,15.6822],[74.1674,15.6721],[74.1645,15.6535],[74.1575,15.6547],[74.1356,15.6484],[74.1184,15.652]]]},"properties":{"ST_NM":"Goa"}},
{"type":"Feature","geometry":{"type":"Polygon","coordinates":[[[77.5856,30.3796],[77.581,30.3777],[77.5557,30.3901],[77.5517,30.399],[77.5323,30.4205],[77.5293,30.4366],[77.5185,30.4433],[77.5059,30.4263],[77.5052,30.4083],[77.4948,30.405],[77.4898,30.4106],[77.468,30.3998],[77.452,30.4001],[77.4432,30.3954],[77.4365,30.4032],[77.4234,30.4035],[77.432,30.4158],[77.4429,30.4174],[77.463,30.449],[77.4537,30.4561],[77.4493,30.4461],[77.4341,30.4311],[77.4028,30.4121],[77.4026,30.4293],[77.3908,30.43],[77.3889,30.4381],[77.3637,30.4413],[77.3542,30.4582],[77.3296,30.4534],[77.3226,30.4459],[77.305,30.4579],[77.2852,30.4652],[77.2705,30.4812],[77.2434,30.4756],[77.2265,30.4805],[77.2078,30.4744],[77.2068,30.5058],[77.1929,30.5256],[77.1853,30.5267],[77.169,30.5361],[77.1515,30.537],[77.1353,30.5455],[77.1243,30.5651],[77.1474,30.5782],[77.1627,30.5946],[77.1723,30.6013],[77.1713,30.6277],[77.177,30.6361],[77.1648,30.6468],[77.1629,30.6553],[77.1688,30.6698],[77.1608,30.6815],[77.1641,30.6861],[77.1479,30.6995],[77.1288,30.7108],[77.123,30.7212],[77.1157,30.7228],[77.0974,30.7382],[77.0793,30.7406],[77.0686,30.738],[77.0574,30.742],[77.0297,30.7337],[77.0205,30.7401],[77.0186,30.7648],[77.0113,30.8107],[76.9818,30.8142],[76.9647,30.8257],[76.9489,30.8245],[76.944,30.8377],[76.9512,30.8506],[76.9337,30.8746],[76.925,30.8735],[76.9149,30.8897],[76.8991,30.8928],[76.8953,30.8871],[76.8759,30.881],[76.8696,30.8732],[76.8511,30.89],[76.841,30.8917],[76.8267,30.9127],[76.8246,30.9272],[76.8111,30.9241],[76.7981,30.9153],[76.7868,30.9134],[76.7767,30.9043],[76.7843,30.8779],[76.7905,30.8698],[76.8014,30.8659],[76.8146,30.8525],[76.814,30.843],[76.8467,30.834],[76.8488,30.8142],[76.8453,30.8072],[76.857,30.7948],[76.8543,30.7873],[76.8418,30.7745],[76.8381,30.7549],[76.833,30.7389],[76.8455,30.7318],[76.8494,30.7234],[76.8439,30.708],[76.8286,30.6947],[76.8292,30.681],[76.8325,30.6632],[76.8458,30.6687],[76.8468,30.6567],[76.862,30.6636],[76.8742,30.674],[76.8712,30.6422],[76.8809,30.6454],[76.8964,30.6359],[76.8958,30.6288],[76.9101,30.6262],[76.9118,30.6131],[76.926,30.6101],[76.9271,30.6037],[76.9202,30.5933],[76.9177,30.5762],[76.9089,30.5648],[76.9164,30.5541],[76.8964,30.538],[76.9129,30.5336],[76.9156,30.5258],[76.932,30.5222],[76.9286,30.5076],[76.9311,30.5009],[76.9199,30.4901],[76.9108,30.4943],[76.8989,30.4888],[76.8969,30.4812],[76.9073,30.4744],[76.9122,30.4658],[76.9029,30.4542],[76.896,30.4395],[76.8864,30.4297],[76.9112,30.4192],[76.918,30.4065],[76.9394,30.3948],[76.9331,30.3817],[76.9211,30.3747],[76.9156,30.3653],[76.8975,30.3593],[76.8906,30.3724],[76.8979,30.3821],[76.8858,30.3943],[76.8833,30.4087],[76.8744,30.4096],[76.8559,30.4179],[76.851,30.4353],[76.8234,30.4116],[76.811,30.4164],[76.8039,30.4126],[76.7903,30.4147],[76.7773,30.4248],[76.7876,30.4335],[76.7764,30.4414],[76.7688,30.4308],[76.7488,30.4292],[76.735,30.4191],[76.7398,30.4111],[76.7282,30.4004],[76.7152,30.4029],[76.7134,30.3881],[76.7237,30.3721],[76.7254,30.3618],[76.7375,30.3705],[76.7461,30.3672],[76.7483,30.3525],[76.7326,30.3484],[76.7223,30.3333],[76.711,30.3258],[76.688,30.3269],[76.677,30.3079],[76.6705,30.3115],[76.65,30.2907],[76.6385,30.2844],[76.6234,30.2646],[76.6139,30.2722],[76.6011,30.2704],[76.5929,30.2618],[76.5838,30.2703],[76.5566,30.2623],[76.5581,30.2499],[76.5656,30.2319],[76.5853,30.2453],[76.5906,30.2535],[76.6029,30.2517],[76.6035,30.2378],[76.6239,30.2278],[76.6246,30.2187],[76.6151,30.2108],[76.6206,30.2054],[76.6388,30.2062],[76.6533,30.2011],[76.6498,30.1911],[76.6561,30.1852],[76.6518,30.1769],[76.6359,30.1686],[76.6286,30.1785],[76.645,30.1888],[76.6363,30.1966],[76.6171,30.201],[76.6034,30.1931],[76.6003,30.1839],[76.6224,30.1676],[76.6333,30.167],[76.6398,30.1503],[76.6208,30.1374],[76.5993,30.1125],[76.577,30.11],[76.5532,30.122],[76.5485,30.1117],[76.5749,30.1017],[76.5605,30.0934],[76.5581,30.0852],[76.547,30.0762],[76.5316,30.0783],[76.5162,30.0729],[76.5128,30.086],[76.5032,30.0946],[76.4913,30.0947],[76.4625,30.1011],[76.4563,30.1155],[76.4599,30.1295],[76.4413,30.131],[76.4377,30.1423],[76.4285,30.1509],[76.4365,30.156],[76.4406,30.1659],[76.4343,30.1831],[76.4218,30.1924],[76.4064,30.1904],[76.403,30.1821],[76.3872,30.1706],[76.395,30.158],[76.4091,30.1468],[76.3911,30.1348],[76.3988,30.116],[76.3889,30.1133],[76.3679,30.1176],[76.3627,30.1239],[76.3589,30.1402],[76.3505,30.1469],[76.3335,30.1382],[76.342,30.1264],[76.3544,30.1169],[76.3399,30.0987],[76.3187,30.0973],[76.3089,30.1076],[76.2966,30.1144],[76.2853,30.1062],[76.2746,30.1149],[76.2678,30.1145],[76.2537,30.1216],[76.2274,30.1445],[76.2095,30.1547],[76.2072,30.1446],[76.223,30.1271],[76.2197,30.1161],[76.2287,30.1074],[76.2412,30.1017],[76.2489,30.0922],[76.2489,30.0851],[76.2363,30.0676],[76.2262,30.0587],[76.2219,30.0476],[76.2225,30.0369],[76.2137,30.0317],[76.2139,30.0226],[76.231,30.0159],[76.2246,30.0084],[76.21,30.0052],[76.2066,29.9938],[76.2107,29.9882],[76.2054,29.9738],[76.1953,29.9659],[76.1906,29.9553],[76.1782,29.9422],[76.1816,29.9235],[76.1883,29.9171],[76.1856,29.8925],[76.1934,29.8857],[76.2187,29.8836],[76.2301,29.8854],[76.2467,29.8744],[76.2438,29.8524],[76.2324,29.8537],[76.2133,29.8425],[76.1958,29.8422],[76.1848,29.8228],[76.1721,29.8175],[76.148,29.82],[76.1292,29.797],[76.1203,29.8002],[76.1051,29.8119],[76.0981,29.8106],[76.085,29.8008],[76.0847,29.7846],[76.0768,29.7749],[76.0669,29.7738],[76.0434,29.7427],[76.0309,29.7476],[75.9942,29.7388],[75.9844,29.7271],[75.9507,29.732],[75.9387,29.7307],[75.9224,29.7377],[75.9063,29.754],[75.8988,29.7463],[75.8702,29.7493],[75.8667,29.7666],[75.8511,29.7731],[75.8437,29.7899],[75.837,29.7943],[75.8352,29.8144],[75.8158,29.8042],[75.8064,29.8047],[75.7885,29.8114],[75.7788,29.8224],[75.7578,29.8056],[75.7469,29.8073],[75.7378,29.814],[75.7211,29.8128],[75.7141,29.8019],[75.7161,29.7896],[75.7103,29.7808],[75.7123,29.7741],[75.7048,29.7641],[75.7028,29.7524],[75.6921,29.7554],[75.6783,29.7761],[75.661,29.7768],[75.6351,29.7723],[75.6345,29.7553],[75.6167,29.7443],[75.6009,29.7496],[75.5899,29.7475],[75.58,29.7394],[75.5721,29.7433],[75.5697,29.7568],[75.5611,29.7707],[75.5327,29.7706],[75.5271,29.7616],[75.5189,29.7756],[75.5027,29.7779],[75.4994,29.7829],[75.4796,29.7928],[75.4616,29.8077],[75.4528,29.8019],[75.4582,29.7948],[75.4539,29.782],[75.4383,29.78],[75.4281,29.7711],[75.4141,29.77],[75.4051,29.7576],[75.4048,29.739],[75.3881,29.728],[75.3932,29.7209],[75.384,29.7122],[75.3757,29.7141],[75.3708,29.7045],[75.3457,29.696],[75.3542,29.6749],[75.3328,29.6726],[75.3318,29.6632],[75.3222,29.6516],[75.3235,29.6425],[75.3166,29.6306],[75.3058,29.6245],[75.2957,29.625],[75.2901,29.6073],[75.3034,29.6026],[75.314,29.5893],[75.3094,29.5608],[75.2957,29.5588],[75.2811,29.5615],[75.2804,29.554],[75.2711,29.5492],[75.2421,29.5459],[75.2344,29.5698],[75.2217,29.5803],[75.2353,29.6021],[75.2191,29.6158],[75.2067,29.6219],[75.1975,29.6192],[75.1824,29.6293],[75.1876,29.6518],[75.1746,29.6556],[75.1679,29.667],[75.1881,29.6813],[75.1988,29.68],[75.2068,29.6875],[75.2072,29.7019],[75.1978,29.7033],[75.1969,29.7161],[75.2081,29.7375],[75.2156,29.7381],[75.2263,29.7289],[75.2381,29.74],[75.2416,29.7546],[75.2357,29.7597],[75.2244,29.7808],[75.2085,29.7932],[75.2097,29.8174],[75.214,29.824],[75.2103,29.8329],[75.191,29.8414],[75.1759,29.8281],[75.164,29.8241],[75.1591,29.8013],[75.1666,29.7882],[75.1649,29.7824],[75.151,29.7755],[75.1401,29.7865],[75.1368,29.806],[75.1191,29.8027],[75.1007,29.8068],[75.1003,29.8194],[75.1187,29.8309],[75.111,29.842],[75.1029,29.8419],[75.0908,29.8527],[75.1071,29.8683],[75.1147,29.8787],[75.1103,29.902],[75.0888,29.9172],[75.0753,29.8964],[75.0743,29.882],[75.0699,29.8771],[75.0561,29.8781],[75.0483,29.8852],[75.0329,29.8798],[75.0225,29.8663],[75.006,29.8688],[74.9905,29.868],[74.9774,29.8879],[74.9788,29.8942],[74.9517,29.9026],[74.9363,29.9265],[74.9228,29.952],[74.9052,29.94],[74.9033,29.9519],[74.888,29.9671],[74.8757,29.9575],[74.8635,29.9599],[74.8562,29.9565],[74.8385,29.9711],[74.8248,29.9747],[74.8243,29.9857],[74.816,29.9919],[74.8064,29.9921],[74.7794,29.972],[74.763,29.9732],[74.7533,29.9678],[74.7403,29.9684],[74.7314,29.9615],[74.7022,29.9719],[74.6936,29.9669],[74.6863,29.9493],[74.6582,29.9323],[74.6486,29.9205],[74.6468,29.9043],[74.6292,29.905],[74.5967,29.9123],[74.5824,29.9243],[74.5645,29.9276],[74.542,29.9401],[74.5317,29.9492],[74.5272,29.9428],[74.5188,29.9299],[74.5155,29.9155],[74.51,29.9082],[74.522,29.9022],[74.5436,29.9014],[74.5512,29.8823],[74.561,29.8696],[74.5458,29.8456],[74.5391,29.8406],[74.5079,29.833],[74.4844,29.8143],[74.4736,29.7867],[74.4738,29.7683],[74.4772,29.7453],[74.52,29.74],[74.535,29.7407],[74.5464,29.753],[74.5625,29.7556],[74.5813,29.7523],[74.5873,29.7669],[74.6009,29.7659],[74.6032,29.758],[74.6161,29.7522],[74.6097,29.744],[74.6098,29.7218],[74.6001,29.6972],[74.6012,29.691],[74.5931,29.6768],[74.5854,29.6539],[74.5913,29.6402],[74.5821,29.6283],[74.5776,29.6],[74.5759,29.5601],[74.5952,29.545],[74.6023,29.5439],[74.623,29.531],[74.6219,29.5222],[74.601,29.5011],[74.5963,29.482],[74.5846,29.4585],[74.5746,29.4646],[74.5433,29.4679],[74.538,29.4622],[74.5346,29.4477],[74.5366,29.4245],[74.5492,29.4247],[74.5661,29.4206],[74.5736,29.4065],[74.5779,29.3885],[74.5852,29.3785],[74.6026,29.3653],[74.6071,29.3545],[74.6002,29.329],[74.6042,29.3273],[74.6343,29.3296],[74.6545,29.3329],[74.6521,29.3513],[74.6582,29.372],[74.6894,29.366],[74.708,29.3668],[74.7194,29.37],[74.7396,29.354],[74.7622,29.3544],[74.7819,29.3579],[74.7919,29.3655],[74.8203,29.3972],[74.8448,29.3997],[74.8505,29.4036],[74.8728,29.3937],[74.8776,29.3835],[74.9,29.3848],[74.9185,29.3704],[74.9384,29.3618],[74.9399,29.34],[74.9545,29.3327],[74.9608,29.318],[74.9484,29.3015],[74.9617,29.2803],[74.9832,29.2806],[74.9986,29.2707],[75.0166,29.2844],[75.036,29.2877],[75.05,29.2862],[75.0605,29.2759],[75.0609,29.2653],[75.0741,29.2447],[75.0751,29.2299],[75.1196,29.2229],[75.1241,29.2395],[75.1378,29.2387],[75.157,29.242],[75.1743,29.2512],[75.1686,29.2589],[75.188,29.2683],[75.1957,29.2634],[75.2006,29.2495],[75.2101,29.2347],[75.2384,29.2302],[75.2446,29.25],[75.2558,29.2518],[75.2848,29.2493],[75.2859,29.2691],[75.3067,29.2746],[75.3229,29.2895],[75.34,29.2828],[75.3386,29.2518],[75.3296,29.2327],[75.3562,29.2231],[75.3613,29.2294],[75.3615,29.243],[75.3789,29.2569],[75.3895,29.2612],[75.4028,29.2603],[75.4106,29.2555],[75.4118,29.2424],[75.3968,29.2175],[75.411,29.2075],[75.4118,29.1911],[75.4067,29.1697],[75.382,29.1676],[75.3811,29.1511],[75.375,29.1352],[75.3833,29.1299],[75.4021,29.1279],[75.4058,29.1202],[75.3965,29.1129],[75.3921,29.102],[75.3944,29.0726],[75.3912,29.0627],[75.4106,29.0622],[75.4317,29.0564],[75.4418,29.0575],[75.4503,29.0424],[75.4429,29.0209],[75.4456,29.0085],[75.4582,29.0135],[75.4752,29.0141],[75.5051,29.0118],[75.5206,29.0044],[75.5266,28.9861],[75.5274,28.971],[75.51,28.9539],[75.5057,28.9359],[75.4772,28.9347],[75.4734,28.9234],[75.4875,28.9032],[75.4965,28.8963],[75.4986,28.8704],[75.4971,28.8549],[75.5053,28.8511],[75.5078,28.8392],[75.5196,28.8345],[75.5185,28.8167],[75.509,28.8029],[75.5081,28.7886],[75.5165,28.7707],[75.5303,28.7474],[75.5304,28.7383],[75.538,28.7266],[75.5389,28.6948],[75.544,28.6838],[75.5412,28.6605],[75.5495,28.6415],[75.5607,28.6359],[75.5615,28.6132],[75.5866,28.613],[75.5901,28.6061],[75.6189,28.6033],[75.624,28.5956],[75.6258,28.5654],[75.6337,28.5445],[75.6542,28.5364],[75.6637,28.5368],[75.6696,28.53],[75.6709,28.5173],[75.6842,28.511],[75.69,28.4999],[75.7009,28.4926],[75.7255,28.4895],[75.7345,28.4847],[75.7356,28.4688],[75.767,28.4613],[75.7883,28.4536],[75.7919,28.4454],[75.7885,28.4336],[75.7697,28.4228],[75.7702,28.4122],[75.777,28.4004],[75.7945,28.3996],[75.7995,28.4072],[75.822,28.4031],[75.8328,28.4054],[75.8454,28.3916],[75.8872,28.3848],[75.8931,28.3897],[75.9085,28.3709],[75.9166,28.3719],[75.9295,28.3591],[75.933,28.3366],[75.9544,28.3341],[75.9578,28.3139],[75.9723,28.3186],[75.978,28.3019],[75.9859,28.2935],[75.9989,28.2862],[76.0263,28.275],[76.0159,28.2549],[76.0132,28.244],[76.0182,28.2352],[76.0278,28.2326],[76.0403,28.222],[76.056,28.2203],[76.0515,28.1963],[76.0719,28.1943],[76.0761,28.1689],[76.0954,28.1509],[76.095,28.1414],[76.0844,28.1369],[76.0654,28.1415],[76.0703,28.1652],[76.0616,28.1668],[76.0261,28.1646],[76.017,28.1504],[76.0045,28.1487],[75.999,28.1228],[75.9767,28.1247],[75.9674,28.1138],[75.9622,28.1149],[75.946,28.1077],[75.9386,28.0879],[75.9651,28.0804],[75.9834,28.0813],[75.9887,28.069],[75.9751,28.0507],[75.9926,28.0462],[75.999,28.0573],[76.0072,28.0585],[76.0099,28.0676],[76.0232,28.086],[76.0408,28.074],[76.0254,28.0542],[76.0171,28.0527],[76.0164,28.0305],[75.9935,28.0352],[75.9769,28.0314],[75.9711,28.0161],[75.9952,28.0088],[75.9869,27.9976],[75.9667,28],[75.9674,27.9815],[75.9946,27.9754],[75.982,27.9653],[75.9779,27.9544],[75.983,27.951],[75.9727,27.9327],[75.9579,27.938],[75.9517,27.9477],[75.9369,27.9385],[75.9327,27.9295],[75.9424,27.9132],[75.9681,27.9144],[75.9873,27.9043],[75.9753,27.8937],[75.9844,27.8826],[75.9776,27.8738],[75.9794,27.8654],[75.9714,27.852],[75.987,27.8417],[76.0046,27.8344],[76.0095,27.8415],[76.0477,27.8351],[76.0606,27.8483],[76.0749,27.8438],[76.0857,27.8447],[76.0878,27.8606],[76.109,27.8534],[76.1233,27.851],[76.1354,27.8393],[76.1323,27.8245],[76.1537,27.8197],[76.1812,27.7975],[76.1923,27.8092],[76.1992,27.8212],[76.2171,27.8167],[76.2252,27.8332],[76.2089,27.84],[76.2122,27.8464],[76.1938,27.8595],[76.1944,27.8774],[76.2,27.878],[76.2013,27.8928],[76.1682,27.9034],[76.1677,27.9107],[76.177,27.9297],[76.1866,27.9655],[76.1635,27.9734],[76.1669,27.983],[76.1576,27.9872],[76.1604,27.9984],[76.1734,28.0166],[76.181,28.0214],[76.1968,28.0155],[76.2033,28.028],[76.2147,28.0266],[76.2166,28.0355],[76.2037,28.0377],[76.1974,28.0299],[76.1779,28.0456],[76.1798,28.0543],[76.1895,28.0565],[76.2281,28.0484],[76.238,28.0497],[76.2429,28.0644],[76.261,28.0675],[76.2838,28.057],[76.2936,28.0492],[76.2922,28.0259],[76.3208,28.016],[76.3287,28.0188],[76.3423,28.0306],[76.3565,28.0675],[76.333,28.0768],[76.3291,28.0875],[76.3188,28.0888],[76.3014,28.0979],[76.3093,28.1082],[76.3366,28.1026],[76.3599,28.1249],[76.3331,28.1336],[76.3299,28.1428],[76.3152,28.1504],[76.31,28.1456],[76.2976,28.1491],[76.3014,28.16],[76.2833,28.1639],[76.2923,28.1792],[76.3074,28.1791],[76.3322,28.1701],[76.3441,28.17],[76.3578,28.1611],[76.3566,28.1437],[76.3663,28.1368],[76.3814,28.1333],[76.3907,28.1348],[76.3997,28.1451],[76.4316,28.1411],[76.4363,28.1488],[76.4588,28.1476],[76.4651,28.1517],[76.4757,28.1486],[76.472,28.1351],[76.4919,28.1299],[76.4871,28.1199],[76.5018,28.1189],[76.4992,28.1002],[76.4812,28.1004],[76.4761,28.1081],[76.4578,28.1062],[76.452,28.0912],[76.4672,28.079],[76.4789,28.0777],[76.5012,28.0601],[76.4948,28.0532],[76.4819,28.0532],[76.4615,28.0587],[76.4547,28.0423],[76.4801,28.0407],[76.4974,28.0433],[76.5026,28.0314],[76.5193,28.0323],[76.5293,28.0404],[76.5438,28.0342],[76.5393,28.0235],[76.5449,28.0107],[76.5411,27.9848],[76.5359,27.9795],[76.5381,27.9677],[76.5447,27.9637],[76.5604,27.9659],[76.5634,27.9782],[76.5793,27.979],[76.5828,27.9921],[76.5888,27.998],[76.6049,28.0039],[76.6407,28.0023],[76.6592,28.0081],[76.6681,28.0138],[76.6654,28.0256],[76.6544,28.0347],[76.6586,28.0429],[76.6516,28.0616],[76.6571,28.0892],[76.685,28.0916],[76.6982,28.112],[76.703,28.1076],[76.716,28.1279],[76.7435,28.121],[76.7543,28.1363],[76.7624,28.1427],[76.7764,28.1441],[76.7837,28.1509],[76.7948,28.1484],[76.8003,28.1604],[76.7949,28.1699],[76.7971,28.1916],[76.808,28.1865],[76.8051,28.2056],[76.8141,28.2089],[76.8312,28.2092],[76.8382,28.22],[76.8485,28.2216],[76.8749,28.2178],[76.871,28.2066],[76.8909,28.205],[76.902,28.199],[76.8922,28.1933],[76.8925,28.1836],[76.9024,28.1811],[76.9112,28.1698],[76.9194,28.1672],[76.932,28.1531],[76.9508,28.1486],[76.9579,28.1422],[76.9705,28.1384],[76.9618,28.1107],[76.9579,28.0775],[76.9538,28.0626],[76.9399,28.0438],[76.9379,28.0219],[76.9308,27.9929],[76.9335,27.982],[76.9331,27.9615],[76.9302,27.9408],[76.9315,27.9226],[76.9493,27.9192],[76.9506,27.8961],[76.9376,27.8965],[76.9373,27.8793],[76.943,27.8539],[76.9423,27.8429],[76.9357,27.8291],[76.915,27.8348],[76.91,27.8152],[76.919,27.8044],[76.9115,27.7964],[76.9133,27.7889],[76.9023,27.7756],[76.8987,27.7381],[76.8924,27.7335],[76.8942,27.7179],[76.9047,27.7173],[76.9188,27.7098],[76.9244,27.6999],[76.9083,27.6937],[76.8942,27.7014],[76.8912,27.6948],[76.9059,27.6863],[76.8983,27.6775],[76.9106,27.668],[76.9064,27.6617],[76.9155,27.6526],[76.9253,27.6612],[76.9329,27.658],[76.9421,27.6738],[76.9582,27.6629],[76.9791,27.6536],[76.9822,27.6792],[76.9851,27.6838],[76.9905,27.7112],[77.0001,27.737],[77.0115,27.7318],[77.0198,27.7458],[77.0449,27.7434],[77.0487,27.7315],[77.0596,27.7265],[77.0857,27.7381],[77.0782,27.7512],[77.0745,27.767],[77.0595,27.7609],[77.0573,27.7706],[77.0358,27.7816],[77.0266,27.7793],[77.0322,27.7971],[77.0448,27.8218],[77.0639,27.8121],[77.0746,27.8144],[77.0811,27.8047],[77.1085,27.7863],[77.1219,27.7934],[77.1345,27.7869],[77.156,27.7854],[77.1615,27.8033],[77.1683,27.814],[77.1796,27.8176],[77.1897,27.8095],[77.1789,27.8052],[77.1691,27.7918],[77.1833,27.7876],[77.1986,27.7997],[77.1913,27.8099],[77.2017,27.823],[77.2131,27.8089],[77.2134,27.8016],[77.2266,27.7994],[77.2382,27.7931],[77.2427,27.7849],[77.2524,27.7907],[77.2644,27.8047],[77.2687,27.815],[77.2837,27.8011],[77.2988,27.8163],[77.2969,27.8254],[77.3125,27.828],[77.3207,27.8254],[77.3312,27.8311],[77.3351,27.8474],[77.3493,27.8557],[77.3609,27.8508],[77.377,27.8571],[77.39,27.8573],[77.397,27.8534],[77.4132,27.8517],[77.4223,27.8578],[77.4115,27.8668],[77.4104,27.8798],[77.422,27.8908],[77.4333,27.8873],[77.4505,27.8711],[77.4722,27.8836],[77.4795,27.8979],[77.4753,27.9293],[77.4922,27.9385],[77.5018,27.9254],[77.5166,27.9333],[77.5294,27.9255],[77.5366,27.9342],[77.545,27.9536],[77.5441,27.9624],[77.5188,27.9624],[77.5169,27.9712],[77.5411,27.982],[77.5424,27.9893],[77.5281,27.9979],[77.5213,28.0142],[77.5084,28.0228],[77.5101,28.0334],[77.4884,28.0367],[77.5013,28.0567],[77.5002,28.0625],[77.4782,28.0804],[77.4743,28.0875],[77.4902,28.1048],[77.5005,28.097],[77.5002,28.1129],[77.5124,28.1249],[77.5073,28.1311],[77.4935,28.133],[77.493,28.1392],[77.505,28.1475],[77.5021,28.1612],[77.5112,28.1669],[77.5223,28.1612],[77.5426,28.1687],[77.5486,28.176],[77.5452,28.1909],[77.5306,28.1859],[77.5156,28.1929],[77.5033,28.1808],[77.4985,28.1846],[77.4973,28.206],[77.5037,28.21],[77.516,28.2055],[77.5243,28.1959],[77.5326,28.2008],[77.5352,28.2103],[77.5225,28.2195],[77.5258,28.229],[77.5468,28.238],[77.5476,28.2467],[77.5374,28.2483],[77.5188,28.2425],[77.5095,28.2495],[77.4927,28.252],[77.4908,28.2713],[77.5017,28.2839],[77.5062,28.3041],[77.4819,28.3251],[77.4717,28.3281],[77.4725,28.3367],[77.4963,28.3492],[77.5052,28.3627],[77.4912,28.3852],[77.4828,28.3878],[77.4799,28.3985],[77.4838,28.4091],[77.4776,28.4191],[77.4635,28.4152],[77.462,28.424],[77.4516,28.4248],[77.4364,28.431],[77.4383,28.4387],[77.4334,28.4549],[77.4139,28.4525],[77.4001,28.4557],[77.4058,28.4658],[77.392,28.472],[77.3863,28.468],[77.3747,28.4765],[77.3701,28.4857],[77.3717,28.4985],[77.3516,28.5001],[77.3454,28.5133],[77.3361,28.5052],[77.3268,28.4901],[77.3141,28.4836],[77.3007,28.494],[77.2903,28.4966],[77.2765,28.4933],[77.2694,28.4867],[77.2433,28.4788],[77.2356,28.4711],[77.2329,28.4581],[77.2458,28.4542],[77.2526,28.4329],[77.2495,28.4245],[77.2285,28.4139],[77.1905,28.4072],[77.1844,28.4104],[77.1744,28.4047],[77.1648,28.415],[77.1659,28.4257],[77.1484,28.4373],[77.1288,28.4407],[77.1238,28.4454],[77.1218,28.4585],[77.113,28.4713],[77.1207,28.4963],[77.0981,28.5048],[77.0986,28.5115],[77.0804,28.5181],[77.0599,28.5123],[77.0319,28.5313],[77.0066,28.5413],[77.0005,28.5321],[77.017,28.5209],[77.0103,28.5147],[76.9966,28.5197],[76.9907,28.5135],[76.9781,28.5213],[76.9517,28.5042],[76.9335,28.5097],[76.919,28.5091],[76.908,28.5137],[76.8914,28.5008],[76.8796,28.5047],[76.8871,28.5206],[76.877,28.5244],[76.8647,28.5433],[76.8478,28.5491],[76.8425,28.5561],[76.8396,28.5825],[76.8631,28.5852],[76.8773,28.6088],[76.8883,28.6319],[76.906,28.6239],[76.9142,28.6323],[76.921,28.631],[76.9353,28.6183],[76.9446,28.6331],[76.925,28.6499],[76.935,28.6675],[76.9559,28.6712],[76.9585,28.6857],[76.9678,28.6996],[76.9482,28.7128],[76.9597,28.7293],[76.9586,28.743],[76.9446,28.754],[76.9559,28.7674],[76.9498,28.7771],[76.9533,28.7917],[76.9463,28.7979],[76.9457,28.8104],[76.9508,28.8183],[76.9616,28.8149],[76.9671,28.8281],[76.9802,28.8215],[76.9918,28.8384],[77.0065,28.8406],[77.0233,28.8394],[77.04,28.8318],[77.0451,28.8462],[77.0617,28.8708],[77.0692,28.8672],[77.0792,28.872],[77.0822,28.8821],[77.0938,28.8716],[77.1098,28.8701],[77.1208,28.86],[77.1405,28.8619],[77.1452,28.8522],[77.1424,28.8389],[77.1541,28.8375],[77.173,28.8573],[77.1971,28.8592],[77.2098,28.8579],[77.1907,28.8665],[77.1893,28.8809],[77.1982,28.8875],[77.213,28.8866],[77.2205,28.8788],[77.2281,28.8812],[77.2276,28.894],[77.2323,28.8976],[77.2329,28.9187],[77.2134,28.9332],[77.1967,28.9377],[77.1928,28.9589],[77.2001,28.9713],[77.2023,28.9872],[77.194,28.9978],[77.1931,29.0132],[77.188,29.0299],[77.1682,29.0329],[77.172,29.0468],[77.1687,29.0522],[77.1651,29.0766],[77.1434,29.0827],[77.1341,29.0952],[77.1363,29.103],[77.149,29.1169],[77.1478,29.1328],[77.1359,29.142],[77.1429,29.1563],[77.1473,29.1796],[77.1402,29.1922],[77.1422,29.2041],[77.1319,29.2139],[77.1325,29.2225],[77.15,29.2328],[77.1494,29.25],[77.1388,29.2663],[77.1527,29.2982],[77.1583,29.3029],[77.1565,29.3193],[77.1611,29.3324],[77.1488,29.3415],[77.1347,29.34],[77.1258,29.3506],[77.1289,29.3571],[77.1233,29.3704],[77.1284,29.376],[77.1398,29.3765],[77.1543,29.3844],[77.1366,29.3968],[77.1331,29.4188],[77.1443,29.4266],[77.1484,29.4341],[77.1458,29.4441],[77.1232,29.4554],[77.123,29.4697],[77.1334,29.4827],[77.113,29.5066],[77.1036,29.5073],[77.0964,29.5195],[77.0975,29.5274],[77.1083,29.5479],[77.1185,29.5504],[77.1271,29.5577],[77.121,29.5665],[77.105,29.5722],[77.0958,29.5825],[77.0839,29.5873],[77.0867,29.5935],[77.1064,29.5953],[77.113,29.6097],[77.1018,29.6186],[77.1062,29.6324],[77.1315,29.6419],[77.141,29.655],[77.1385,29.6671],[77.1465,29.6723],[77.1468,29.6827],[77.1559,29.6983],[77.145,29.7137],[77.1342,29.7185],[77.1393,29.7327],[77.1363,29.7433],[77.1202,29.755],[77.1253,29.7695],[77.1466,29.7719],[77.1514,29.7882],[77.168,29.7957],[77.1725,29.8078],[77.1792,29.8127],[77.1776,29.8418],[77.1832,29.8546],[77.1967,29.8583],[77.2021,29.8705],[77.2001,29.8895],[77.1863,29.8982],[77.1858,29.9076],[77.218,29.924],[77.2283,29.9379],[77.2367,29.9553],[77.2438,29.9594],[77.2469,29.9767],[77.2611,29.9821],[77.2764,29.9967],[77.2823,30.0295],[77.2764,30.0376],[77.2969,30.0534],[77.3189,30.0566],[77.3343,30.0538],[77.3482,30.0698],[77.3645,30.078],[77.3695,30.0851],[77.3825,30.0925],[77.3883,30.0879],[77.4058,30.0894],[77.4226,30.1035],[77.4093,30.1051],[77.4235,30.1309],[77.4183,30.135],[77.4241,30.1571],[77.4297,30.164],[77.4495,30.1658],[77.4551,30.1627],[77.4688,30.1802],[77.4772,30.1824],[77.4833,30.1932],[77.5003,30.2143],[77.501,30.2195],[77.5205,30.2447],[77.5306,30.2526],[77.5382,30.2786],[77.5453,30.2808],[77.5703,30.3003],[77.5826,30.3063],[77.5868,30.3139],[77.5783,30.3299],[77.5862,30.3402],[77.5919,30.355],[77.6008,30.3607],[77.6035,30.3692],[77.5906,30.3735],[77.5856,30.3796]]]},"properties":{"ST_NM":"Haryana"}},
{"type":"Feature","geometry":{"type":"Polygon","coordinates":[[[76.794,33.2565],[76.7755,33.2536],[76.7739,33.2529],[76.772,33.2514],[76.7712,33.2497],[76.7712,33.2496],[76.7714,33.2494],[76.7714,33.2493],[76.772,33.2489],[76.7719,33.2475],[76.7739,33.2415],[76.7789,33.2397],[76.7758,33.2205],[76.7669,33.211],[76.7582,33.1959],[76.7502,33.1918],[76.7469,33.1792],[76.7342,33.1778],[76.7271,33.1823],[76.7151,33.1815],[76.7069,33.1742],[76.67,33.1717],[76.6621,33.1649],[76.6463,33.1623],[76.6303,33.1672],[76.6185,33.1744],[76.6177,33.1876],[76.6111,33.1913],[76.6073,33.1891],[76.6054,33.1905],[76.6037,33.1932],[76.6053,33.2043],[76.5674,33.2103],[76.5542,33.1995],[76.5396,33.2003],[76.5316,33.197],[76.5244,33.1961],[76.5202,33.196],[76.5188,33.1962],[76.5161,33.1965],[76.4879,33.1797],[76.4742,33.1827],[76.4611,33.1801],[76.4344,33.1826],[76.4265,33.1883],[76.4104,33.1866],[76.3981,33.1755],[76.3838,33.1669],[76.3784,33.1613],[76.3762,33.156],[76.375,33.1546],[76.3745,33.1542],[76.3681,33.1539],[76.35,33.1438],[76.3322,33.1281],[76.3208,33.1258],[76.2918,33.1032],[76.2885,33.0856],[76.2894,33.0727],[76.295,33.0687],[76.2953,33.0576],[76.2816,33.0511],[76.2769,33.037],[76.2676,33.0368],[76.2526,33.0296],[76.2474,33.0216],[76.2259,33.0237],[76.2184,33.0177],[76.2057,33.0167],[76.1829,33.0207],[76.1737,33.0098],[76.1661,33.007],[76.1415,33.01],[76.1324,33.0078],[76.1218,33.008],[76.1176,33.0066],[76.114,33.0063],[76.1123,33.0063],[76.1123,33.0053],[76.1126,33.0042],[76.1128,33.0021],[76.1119,32.9991],[76.1109,32.9964],[76.1091,32.9922],[76.1115,32.9879],[76.0973,32.9643],[76.0884,32.9566],[76.0734,32.9529],[76.0663,32.942],[76.0456,32.9378],[76.0391,32.9324],[76.0321,32.9167],[76.014,32.9098],[76.0072,32.9026],[75.9858,32.8962],[75.9807,32.8875],[75.9539,32.8734],[75.9358,32.8883],[75.9245,32.9062],[75.9089,32.9139],[75.9018,32.9136],[75.87,32.9243],[75.8423,32.9293],[75.8243,32.9086],[75.8175,32.8944],[75.8064,32.8883],[75.8047,32.8865],[75.8013,32.8857],[75.8113,32.8778],[75.8157,32.8616],[75.8343,32.8474],[75.8449,32.8446],[75.8702,32.8214],[75.8719,32.8148],[75.8838,32.8122],[75.8888,32.8032],[75.8907,32.7828],[75.9039,32.7691],[75.9261,32.7456],[75.9261,32.7431],[75.9243,32.7405],[75.924,32.739],[75.9219,32.7354],[75.9221,32.7297],[75.921,32.7281],[75.9197,32.7263],[75.9183,32.7235],[75.9104,32.7179],[75.9103,32.7147],[75.9011,32.6986],[75.9038,32.6954],[75.9004,32.6704],[75.8897,32.6542],[75.8966,32.6497],[75.909,32.6593],[75.9185,32.654],[75.9175,32.6457],[75.9338,32.6427],[75.9186,32.6332],[75.9159,32.613],[75.9105,32.6099],[75.902,32.5928],[75.8809,32.5865],[75.8828,32.5778],[75.8817,32.5727],[75.8793,32.5688],[75.8691,32.5635],[75.8761,32.5505],[75.8578,32.5379],[75.8556,32.5282],[75.8413,32.5236],[75.8344,32.5118],[75.8453,32.5066],[75.8472,32.4971],[75.8576,32.4839],[75.8791,32.4704],[75.8904,32.4576],[75.9014,32.4531],[75.9057,32.4394],[75.9206,32.4291],[75.9192,32.4121],[75.9322,32.399],[75.9222,32.3923],[75.9156,32.397],[75.8938,32.3933],[75.8742,32.3958],[75.8565,32.3848],[75.8466,32.3723],[75.8453,32.3574],[75.827,32.3505],[75.8112,32.3486],[75.8079,32.3418],[75.8152,32.3304],[75.8022,32.3282],[75.7827,32.3103],[75.773,32.2903],[75.7448,32.2769],[75.7133,32.2726],[75.6571,32.2512],[75.6434,32.2524],[75.6179,32.2367],[75.6362,32.2316],[75.6387,32.2213],[75.6265,32.2155],[75.6247,32.1899],[75.6377,32.1876],[75.6519,32.1969],[75.6632,32.1916],[75.6589,32.1774],[75.6672,32.1776],[75.6661,32.1643],[75.6731,32.1588],[75.6613,32.1369],[75.6436,32.1265],[75.6289,32.1212],[75.6265,32.1063],[75.6203,32.0979],[75.6008,32.0931],[75.5943,32.0791],[75.6021,32.0659],[75.6316,32.0744],[75.6472,32.073],[75.6543,32.0776],[75.675,32.0701],[75.6768,32.0643],[75.691,32.0613],[75.7031,32.0547],[75.7107,32.0415],[75.7244,32.0331],[75.7424,32.0394],[75.7508,32.0377],[75.7797,32.0047],[75.8112,31.988],[75.824,31.9835],[75.851,31.9822],[75.8569,31.9739],[75.8742,31.9695],[75.8925,31.9618],[75.9107,31.9489],[75.9115,31.9399],[75.9373,31.8977],[75.9612,31.8549],[75.9694,31.8239],[75.9475,31.813],[75.937,31.8145],[75.9532,31.7884],[75.9602,31.7812],[75.9707,31.7568],[75.983,31.7189],[76.0048,31.6751],[76.0094,31.6526],[76.018,31.6496],[76.0177,31.6322],[76.0458,31.6036],[76.0551,31.6057],[76.0592,31.5812],[76.072,31.5696],[76.0799,31.554],[76.0985,31.5365],[76.1015,31.5228],[76.1131,31.4999],[76.1193,31.4985],[76.117,31.4831],[76.1283,31.4741],[76.1346,31.4615],[76.1345,31.4505],[76.1468,31.4337],[76.1525,31.4335],[76.1686,31.4097],[76.1698,31.399],[76.1634,31.3908],[76.1484,31.3807],[76.1493,31.3533],[76.159,31.3437],[76.1788,31.3405],[76.1813,31.3337],[76.1808,31.3105],[76.191,31.3],[76.2139,31.2995],[76.2408,31.3086],[76.2675,31.3107],[76.2749,31.3008],[76.2987,31.3114],[76.3112,31.3195],[76.3136,31.3294],[76.3076,31.3426],[76.3314,31.3466],[76.3377,31.3403],[76.3468,31.3434],[76.3408,31.3635],[76.3417,31.3782],[76.3297,31.3787],[76.3311,31.4012],[76.353,31.3986],[76.3721,31.4085],[76.3728,31.4237],[76.3792,31.4284],[76.3899,31.4166],[76.4033,31.3969],[76.3926,31.3895],[76.404,31.378],[76.4079,31.3659],[76.4195,31.3492],[76.4317,31.3269],[76.4546,31.3118],[76.4631,31.303],[76.4585,31.2954],[76.441,31.2876],[76.4397,31.279],[76.4586,31.2853],[76.4634,31.2935],[76.4795,31.3083],[76.4861,31.304],[76.4989,31.2699],[76.5064,31.2678],[76.5213,31.2803],[76.5303,31.2712],[76.5229,31.2601],[76.5306,31.2564],[76.5391,31.2609],[76.5377,31.2706],[76.5429,31.2821],[76.5513,31.2785],[76.5436,31.259],[76.5492,31.2528],[76.5612,31.2537],[76.5654,31.2618],[76.5877,31.2743],[76.5962,31.2612],[76.6117,31.2498],[76.6106,31.2441],[76.5984,31.2396],[76.5953,31.2272],[76.5887,31.223],[76.5929,31.2119],[76.6141,31.2179],[76.6277,31.2266],[76.6454,31.2091],[76.615,31.19],[76.6067,31.1778],[76.6018,31.1532],[76.6124,31.1482],[76.6016,31.1286],[76.617,31.1162],[76.6361,31.1164],[76.6385,31.1079],[76.6266,31.0929],[76.6179,31.0702],[76.6226,31.0551],[76.611,31.0459],[76.6165,31.0305],[76.6282,31.0246],[76.6247,30.9988],[76.638,30.9903],[76.6516,30.9877],[76.6658,30.9808],[76.6732,30.9688],[76.7081,30.9704],[76.7223,30.9611],[76.7361,30.9462],[76.7399,30.9355],[76.7492,30.9279],[76.7661,30.9208],[76.7712,30.9074],[76.7767,30.9043],[76.7868,30.9134],[76.7981,30.9153],[76.8111,30.9241],[76.8246,30.9272],[76.8267,30.9127],[76.841,30.8917],[76.8511,30.89],[76.8696,30.8732],[76.8759,30.881],[76.8953,30.8871],[76.8991,30.8928],[76.9149,30.8897],[76.925,30.8735],[76.9337,30.8746],[76.9512,30.8506],[76.944,30.8377],[76.9489,30.8245],[76.9647,30.8257],[76.9818,30.8142],[77.0113,30.8107],[77.0186,30.7648],[77.0205,30.7401],[77.0297,30.7337],[77.0574,30.742],[77.0686,30.738],[77.0793,30.7406],[77.0974,30.7382],[77.1157,30.7228],[77.123,30.7212],[77.1288,30.7108],[77.1479,30.6995],[77.1641,30.6861],[77.1608,30.6815],[77.1688,30.6698],[77.1629,30.6553],[77.1648,30.6468],[77.177,30.6361],[77.1713,30.6277],[77.1723,30.6013],[77.1627,30.5946],[77.1474,30.5782],[77.1243,30.5651],[77.1353,30.5455],[77.1515,30.537],[77.169,30.5361],[77.1853,30.5267],[77.1929,30.5256],[77.2068,30.5058],[77.2078,30.4744],[77.2265,30.4805],[77.2434,30.4756],[77.2705,30.4812],[77.2852,30.4652],[77.305,30.4579],[77.3226,30.4459],[77.3296,30.4534],[77.3542,30.4582],[77.3637,30.4413],[77.3889,30.4381],[77.3908,30.43],[77.4026,30.4293],[77.4028,30.4121],[77.4341,30.4311],[77.4493,30.4461],[77.4537,30.4561],[77.463,30.449],[77.4429,30.4174],[77.432,30.4158],[77.4234,30.4035],[77.4365,30.4032],[77.4432,30.3954],[77.452,30.4001],[77.468,30.3998],[77.4898,30.4106],[77.4948,30.405],[77.5052,30.4083],[77.5059,30.4263],[77.5185,30.4433],[77.5293,30.4366],[77.5323,30.4205],[77.5517,30.399],[77.5557,30.3901],[77.581,30.3777],[77.5856,30.3796],[77.576,30.3974],[77.5743,30.4134],[77.5987,30.4282],[77.6259,30.4348],[77.6319,30.4313],[77.6461,30.4335],[77.6541,30.4484],[77.6708,30.4443],[77.688,30.4475],[77.721,30.4731],[77.7394,30.4761],[77.7831,30.5006],[77.8035,30.5021],[77.8185,30.5081],[77.8197,30.5236],[77.8278,30.5311],[77.8166,30.5614],[77.8064,30.5546],[77.7907,30.5545],[77.7825,30.56],[77.7718,30.5593],[77.7566,30.5857],[77.7428,30.5957],[77.7566,30.6045],[77.7643,30.596],[77.7724,30.5986],[77.7711,30.6106],[77.7867,30.6144],[77.7869,30.6414],[77.7815,30.6473],[77.7812,30.66],[77.7733,30.6686],[77.7474,30.6799],[77.7467,30.6936],[77.7558,30.707],[77.7474,30.7125],[77.7458,30.7204],[77.7231,30.7407],[77.7074,30.7404],[77.7041,30.7656],[77.7213,30.7759],[77.7319,30.7919],[77.735,30.8046],[77.746,30.814],[77.7484,30.8217],[77.7613,30.8261],[77.7577,30.8352],[77.744,30.8467],[77.7572,30.8601],[77.7561,30.8709],[77.7632,30.8805],[77.7755,30.8765],[77.7792,30.8604],[77.8057,30.8533],[77.8001,30.8726],[77.8016,30.8943],[77.8088,30.8968],[77.8159,30.9104],[77.8041,30.9236],[77.7774,30.9171],[77.7623,30.9193],[77.7637,30.9311],[77.7539,30.9328],[77.749,30.9535],[77.7541,30.9645],[77.7688,30.974],[77.7937,30.9688],[77.8101,30.9557],[77.8163,30.9729],[77.8219,30.9762],[77.8242,30.9885],[77.8318,30.9941],[77.822,31.0044],[77.8099,31.0111],[77.807,31.0268],[77.8184,31.0329],[77.8171,31.0559],[77.8289,31.0583],[77.8371,31.072],[77.8512,31.0734],[77.8616,31.0921],[77.8638,31.1086],[77.8707,31.1138],[77.8888,31.1193],[77.889,31.1331],[77.9079,31.1541],[77.9248,31.1505],[77.9432,31.1613],[77.9515,31.1614],[77.9589,31.171],[77.9686,31.1726],[77.9847,31.157],[78.0008,31.162],[78.0303,31.151],[78.0291,31.1625],[78.0512,31.18],[78.0659,31.1872],[78.1036,31.1855],[78.1145,31.1946],[78.1286,31.2009],[78.1334,31.2084],[78.1471,31.2105],[78.1602,31.2256],[78.187,31.2271],[78.1981,31.2177],[78.215,31.2218],[78.2199,31.2338],[78.2258,31.2351],[78.2432,31.2294],[78.2687,31.2487],[78.2829,31.2663],[78.2919,31.26],[78.3076,31.2615],[78.3112,31.2812],[78.3319,31.2777],[78.3399,31.2828],[78.352,31.2807],[78.3703,31.2864],[78.3841,31.2817],[78.3863,31.2715],[78.3962,31.27],[78.4073,31.2559],[78.4028,31.248],[78.4127,31.2397],[78.4259,31.2443],[78.436,31.2545],[78.443,31.2449],[78.4617,31.2361],[78.4728,31.2185],[78.4798,31.2139],[78.4837,31.199],[78.5076,31.196],[78.552,31.2003],[78.5689,31.2196],[78.5797,31.226],[78.5973,31.2255],[78.6068,31.2293],[78.6226,31.2242],[78.6253,31.2184],[78.6486,31.2129],[78.65,31.2007],[78.6617,31.1893],[78.6719,31.197],[78.6878,31.1976],[78.704,31.189],[78.7267,31.1898],[78.7695,31.1865],[78.7967,31.1965],[78.8099,31.1984],[78.8174,31.1897],[78.8105,31.1803],[78.8107,31.172],[78.8249,31.1636],[78.823,31.1578],[78.8312,31.1407],[78.8381,31.1384],[78.8436,31.128],[78.8652,31.1201],[78.8729,31.1089],[78.89,31.0971],[78.9086,31.0989],[78.9136,31.1083],[78.9265,31.1089],[78.9322,31.1008],[78.9592,31.0995],[78.973,31.1082],[78.99,31.1086],[79.0022,31.1125],[79.0065,31.1192],[78.9986,31.1357],[78.9909,31.138],[78.9882,31.1552],[78.9905,31.1614],[78.9859,31.1739],[78.9575,31.1867],[78.9438,31.2066],[78.9466,31.2162],[78.9316,31.2161],[78.9221,31.2254],[78.9161,31.2487],[78.8875,31.2673],[78.882,31.2868],[78.876,31.3032],[78.86,31.3159],[78.8527,31.3127],[78.8521,31.2951],[78.8272,31.2963],[78.8162,31.3002],[78.8124,31.3071],[78.7916,31.3046],[78.7777,31.3134],[78.77,31.3237],[78.7738,31.333],[78.764,31.3437],[78.7679,31.3516],[78.7512,31.3633],[78.7572,31.3768],[78.7528,31.3854],[78.7688,31.4056],[78.7734,31.4163],[78.7977,31.4435],[78.7804,31.4501],[78.7739,31.4573],[78.7692,31.4721],[78.7587,31.4825],[78.7422,31.4809],[78.7274,31.4899],[78.7205,31.5073],[78.7269,31.5172],[78.7307,31.5323],[78.7436,31.5409],[78.7572,31.5423],[78.7613,31.5491],[78.7751,31.5436],[78.7798,31.5558],[78.7978,31.5625],[78.8067,31.5773],[78.818,31.5771],[78.8302,31.5933],[78.8469,31.608],[78.8399,31.6234],[78.8311,31.6241],[78.817,31.6384],[78.8098,31.6384],[78.8015,31.6483],[78.7988,31.6583],[78.7985,31.6823],[78.789,31.678],[78.764,31.6746],[78.7504,31.6814],[78.754,31.6953],[78.7451,31.7052],[78.743,31.718],[78.7296,31.7328],[78.7258,31.7583],[78.7057,31.774],[78.7071,31.784],[78.7027,31.8074],[78.7181,31.8237],[78.7454,31.8431],[78.7417,31.8621],[78.7498,31.8737],[78.741,31.8852],[78.7477,31.8924],[78.7417,31.9008],[78.7526,31.9134],[78.7714,31.9294],[78.767,31.9595],[78.7812,31.9658],[78.7737,31.9742],[78.7756,31.9875],[78.765,32.0027],[78.7343,32.0041],[78.7209,32.0293],[78.7221,32.0392],[78.7123,32.0466],[78.7057,32.0663],[78.6902,32.0713],[78.6751,32.0877],[78.6651,32.0942],[78.6633,32.1026],[78.6441,32.1105],[78.6216,32.113],[78.6118,32.119],[78.6038,32.143],[78.5898,32.1542],[78.6043,32.1671],[78.6098,32.1841],[78.6067,32.1996],[78.6085,32.2143],[78.5896,32.227],[78.5587,32.2444],[78.5394,32.2462],[78.4985,32.2389],[78.4798,32.2417],[78.4548,32.2422],[78.4573,32.2476],[78.48,32.2736],[78.4827,32.2877],[78.4804,32.3165],[78.477,32.3328],[78.4838,32.3539],[78.4988,32.3617],[78.5099,32.3732],[78.5118,32.3866],[78.518,32.3964],[78.5327,32.4084],[78.5348,32.4144],[78.5186,32.4221],[78.4941,32.4218],[78.4847,32.4381],[78.478,32.444],[78.4542,32.4524],[78.4534,32.4671],[78.4648,32.4861],[78.4612,32.4939],[78.4478,32.5063],[78.4253,32.5081],[78.4152,32.5225],[78.4105,32.5246],[78.3986,32.5257],[78.3725,32.5088],[78.3264,32.472],[78.3223,32.4738],[78.2946,32.5041],[78.3112,32.5186],[78.3153,32.5254],[78.3128,32.5737],[78.3342,32.5764],[78.348,32.5811],[78.3569,32.5893],[78.3934,32.6111],[78.4052,32.6194],[78.3923,32.6258],[78.3873,32.6344],[78.3796,32.6683],[78.3841,32.6958],[78.3944,32.7156],[78.3878,32.73],[78.3857,32.7499],[78.3877,32.7569],[78.3657,32.7535],[78.3572,32.7578],[78.3332,32.7498],[78.3305,32.7454],[78.3042,32.7342],[78.3112,32.728],[78.3151,32.7161],[78.3122,32.7092],[78.2892,32.6993],[78.2756,32.6993],[78.253,32.6911],[78.2459,32.6718],[78.2336,32.6719],[78.2195,32.6647],[78.204,32.6671],[78.1758,32.6809],[78.158,32.684],[78.1533,32.6831],[78.1488,32.6816],[78.1429,32.6819],[78.1477,32.6716],[78.1478,32.6546],[78.1271,32.6523],[78.1208,32.6605],[78.1106,32.6626],[78.107,32.6593],[78.0927,32.6479],[78.0927,32.6473],[78.0957,32.6448],[78.0992,32.6362],[78.0989,32.6304],[78.0872,32.6244],[78.0735,32.6307],[78.0621,32.6259],[78.0468,32.645],[78.0337,32.6366],[78.0158,32.6198],[78.0122,32.6248],[77.9941,32.6281],[77.9849,32.6412],[77.9794,32.6426],[77.9749,32.6458],[77.9718,32.646],[77.9701,32.6467],[77.9724,32.6528],[77.9706,32.6552],[77.9644,32.6578],[77.9518,32.6589],[77.9422,32.6663],[77.9405,32.6741],[77.9207,32.6886],[77.9222,32.7092],[77.9327,32.7283],[77.9295,32.7433],[77.9343,32.756],[77.9258,32.772],[77.9105,32.7728],[77.9035,32.772],[77.8841,32.7877],[77.8879,32.7988],[77.8809,32.8043],[77.8788,32.8188],[77.87,32.8263],[77.8391,32.8421],[77.8258,32.8364],[77.816,32.8484],[77.792,32.8558],[77.7809,32.8656],[77.7839,32.8828],[77.793,32.8931],[77.8031,32.8936],[77.8105,32.9071],[77.8,32.9122],[77.771,32.9388],[77.7635,32.9492],[77.7513,32.9544],[77.7405,32.9692],[77.7304,32.9743],[77.7302,32.9741],[77.7285,32.9728],[77.7269,32.9713],[77.7254,32.9696],[77.7198,32.9687],[77.7131,32.9826],[77.6945,32.9837],[77.6895,32.9879],[77.6822,32.9885],[77.6807,32.9838],[77.6821,32.9755],[77.6733,32.9608],[77.6559,32.959],[77.6468,32.9506],[77.6315,32.9452],[77.6053,32.9432],[77.5957,32.9273],[77.5875,32.9214],[77.5773,32.9147],[77.5651,32.9129],[77.5628,32.9114],[77.5581,32.906],[77.5508,32.9008],[77.5402,32.8874],[77.5127,32.8775],[77.5017,32.8856],[77.4807,32.8705],[77.469,32.8584],[77.4529,32.8636],[77.4449,32.8796],[77.4274,32.8757],[77.4136,32.884],[77.3974,32.8785],[77.3877,32.8635],[77.3744,32.8547],[77.38,32.8451],[77.3739,32.8245],[77.36,32.8176],[77.339,32.8168],[77.336,32.8249],[77.3254,32.8352],[77.3264,32.8397],[77.3286,32.8431],[77.3171,32.8516],[77.3012,32.8498],[77.274,32.8738],[77.2628,32.8642],[77.2544,32.8639],[77.237,32.8817],[77.2339,32.8937],[77.2193,32.9039],[77.1992,32.9089],[77.1886,32.9287],[77.1785,32.9228],[77.1702,32.9108],[77.1642,32.9189],[77.1595,32.9382],[77.1609,32.953],[77.149,32.9564],[77.1497,32.9781],[77.1161,32.9848],[77.1113,32.9754],[77.0955,32.9711],[77.0821,32.9755],[77.049,32.999],[77.0399,32.9981],[77.0332,32.9905],[77.0103,32.9891],[76.9894,33.0025],[76.973,32.9998],[76.9496,33.02],[76.9416,33.0284],[76.933,33.0285],[76.9258,33.0391],[76.9255,33.0477],[76.9056,33.0788],[76.9088,33.0946],[76.8977,33.099],[76.8852,33.1216],[76.8704,33.1135],[76.8553,33.1143],[76.8527,33.1248],[76.8429,33.1305],[76.844,33.1381],[76.83,33.1457],[76.8204,33.1536],[76.8138,33.1776],[76.8224,33.1835],[76.8193,33.1961],[76.8344,33.2049],[76.8258,33.2147],[76.8323,33.2296],[76.8445,33.2422],[76.8309,33.2493],[76.8184,33.2367],[76.8071,33.245],[76.8028,33.2538],[76.794,33.2565]]]},"properties":{"ST_NM":"Himachal Pradesh"}},
{"type":"Feature","geometry":{"type":"Polygon","coordinates":[[[87.7114,25.2577],[87.7113,25.2747],[87.6933,25.2847],[87.6963,25.2938],[87.692,25.3116],[87.6737,25.3129],[87.6729,25.3081],[87.6549,25.3076],[87.6305,25.3197],[87.6257,25.3129],[87.612,25.3128],[87.5923,25.3224],[87.5844,25.3336],[87.5519,25.3327],[87.5432,25.2972],[87.543,25.2811],[87.5321,25.2804],[87.5197,25.2917],[87.5045,25.2932],[87.4935,25.3036],[87.4873,25.2965],[87.4906,25.2799],[87.4987,25.2764],[87.5009,25.2667],[87.4814,25.2505],[87.4739,25.2402],[87.4781,25.1944],[87.463,25.1951],[87.4462,25.2042],[87.4272,25.2109],[87.3918,25.2279],[87.3821,25.2232],[87.3709,25.2072],[87.349,25.2146],[87.3345,25.2162],[87.3275,25.2236],[87.3183,25.1948],[87.3127,25.1502],[87.3081,25.1474],[87.2965,25.1137],[87.2982,25.0998],[87.2955,25.0886],[87.2699,25.094],[87.2608,25.1045],[87.2497,25.1055],[87.2415,25.1148],[87.235,25.107],[87.2441,25.1006],[87.2371,25.0892],[87.2268,25.0879],[87.2127,25.0912],[87.2112,25.0807],[87.2004,25.0782],[87.192,25.066],[87.1811,25.0658],[87.1713,25.0472],[87.1581,25.028],[87.1503,25.0261],[87.1461,25.009],[87.1531,24.9906],[87.1542,24.9754],[87.1499,24.9634],[87.15,24.948],[87.1462,24.9417],[87.1544,24.9324],[87.145,24.9192],[87.1463,24.9104],[87.1545,24.9028],[87.1571,24.883],[87.1391,24.8599],[87.1304,24.8601],[87.1181,24.8516],[87.1094,24.8517],[87.0895,24.8223],[87.0769,24.8238],[87.0772,24.8077],[87.095,24.8017],[87.0934,24.7928],[87.0787,24.7776],[87.084,24.7574],[87.0704,24.7434],[87.078,24.7369],[87.0805,24.7261],[87.068,24.7034],[87.0703,24.6971],[87.0619,24.6888],[87.0597,24.6764],[87.0543,24.6697],[87.0508,24.6519],[87.0524,24.6411],[87.0463,24.63],[87.0511,24.6086],[87.023,24.6157],[87.0239,24.6254],[87.0107,24.6312],[87.0069,24.623],[86.9954,24.6204],[86.9784,24.6401],[86.9538,24.6319],[86.9573,24.6495],[86.9387,24.6518],[86.9455,24.6358],[86.9298,24.6268],[86.9281,24.6152],[86.92,24.6024],[86.9087,24.5957],[86.9085,24.585],[86.918,24.5579],[86.9156,24.5461],[86.9048,24.5505],[86.8974,24.5608],[86.877,24.571],[86.8678,24.567],[86.86,24.5561],[86.8408,24.5628],[86.8439,24.5746],[86.8219,24.5747],[86.8113,24.5689],[86.8021,24.5703],[86.8098,24.5817],[86.8066,24.599],[86.787,24.6165],[86.7534,24.618],[86.7484,24.6042],[86.7502,24.5972],[86.7333,24.5791],[86.7244,24.5833],[86.6971,24.5735],[86.6921,24.5769],[86.6694,24.5662],[86.6529,24.57],[86.6478,24.5792],[86.6249,24.5901],[86.6242,24.6],[86.6032,24.602],[86.5889,24.589],[86.5893,24.5796],[86.5805,24.5667],[86.559,24.5648],[86.5631,24.5554],[86.5526,24.5444],[86.5343,24.5407],[86.5285,24.5445],[86.5167,24.5354],[86.5153,24.5253],[86.5041,24.5118],[86.5003,24.4894],[86.4934,24.4872],[86.485,24.47],[86.4954,24.4561],[86.4967,24.4444],[86.4912,24.428],[86.4837,24.435],[86.4771,24.4246],[86.4676,24.4249],[86.472,24.3935],[86.467,24.3809],[86.456,24.372],[86.4453,24.3679],[86.4327,24.3802],[86.4272,24.3774],[86.413,24.3803],[86.4104,24.3926],[86.3955,24.4153],[86.3797,24.4255],[86.3651,24.4255],[86.3579,24.4294],[86.3491,24.4466],[86.3341,24.4424],[86.3159,24.4422],[86.3115,24.4478],[86.2943,24.4514],[86.2988,24.4608],[86.2761,24.4659],[86.2829,24.4798],[86.2894,24.4788],[86.3028,24.5057],[86.3092,24.5112],[86.3052,24.5279],[86.2972,24.5333],[86.3078,24.5476],[86.3006,24.5609],[86.306,24.5713],[86.3177,24.5775],[86.3188,24.586],[86.3085,24.5885],[86.3025,24.5833],[86.2924,24.5879],[86.2755,24.5866],[86.2592,24.5782],[86.2547,24.5871],[86.243,24.5877],[86.2424,24.5967],[86.2243,24.6102],[86.215,24.6139],[86.2136,24.5943],[86.1888,24.5835],[86.1751,24.5828],[86.1583,24.5867],[86.1506,24.5925],[86.1501,24.6017],[86.1246,24.6113],[86.1184,24.6243],[86.1214,24.6354],[86.1154,24.6437],[86.1244,24.6546],[86.1313,24.6756],[86.1285,24.6987],[86.108,24.7263],[86.1071,24.735],[86.0942,24.7449],[86.0651,24.7515],[86.0538,24.7559],[86.0587,24.7713],[86.0553,24.7797],[86.0374,24.7765],[86.0247,24.7667],[86.0034,24.7609],[85.9965,24.7532],[85.9804,24.7487],[85.9702,24.733],[85.9601,24.7313],[85.9383,24.7347],[85.9204,24.7441],[85.9076,24.7586],[85.8977,24.7746],[85.8866,24.7839],[85.8897,24.7927],[85.8673,24.8047],[85.8412,24.8092],[85.8201,24.808],[85.8095,24.7942],[85.7781,24.7965],[85.7686,24.8076],[85.7416,24.8198],[85.7306,24.8126],[85.7284,24.7977],[85.7217,24.7853],[85.7122,24.7811],[85.7045,24.7663],[85.704,24.7521],[85.7089,24.7453],[85.7053,24.7364],[85.7086,24.7268],[85.6889,24.6982],[85.6814,24.6916],[85.649,24.6846],[85.6545,24.6739],[85.6667,24.6611],[85.6628,24.6509],[85.6755,24.618],[85.674,24.5975],[85.6776,24.5912],[85.6691,24.5798],[85.653,24.5759],[85.6152,24.5808],[85.6018,24.5957],[85.5806,24.6008],[85.568,24.5914],[85.5662,24.5792],[85.5712,24.5755],[85.5721,24.5623],[85.5564,24.5581],[85.5449,24.5631],[85.5457,24.5488],[85.5417,24.5319],[85.5238,24.521],[85.5182,24.5262],[85.5085,24.5249],[85.5086,24.5383],[85.491,24.5481],[85.471,24.5444],[85.4606,24.5365],[85.4485,24.5366],[85.432,24.5315],[85.4151,24.5396],[85.3975,24.5448],[85.3924,24.5312],[85.3732,24.5248],[85.3363,24.5232],[85.3216,24.5198],[85.2921,24.5237],[85.2811,24.5149],[85.2852,24.4952],[85.2825,24.4915],[85.2496,24.4908],[85.2247,24.4642],[85.2099,24.4666],[85.2011,24.4606],[85.1808,24.4622],[85.1722,24.4588],[85.1615,24.4607],[85.1526,24.4552],[85.154,24.4466],[85.1642,24.4437],[85.1739,24.4206],[85.1611,24.4123],[85.1232,24.402],[85.1161,24.3908],[85.1027,24.3845],[85.0988,24.3735],[85.089,24.3724],[85.0738,24.3774],[85.0817,24.3985],[85.0788,24.4152],[85.0806,24.4282],[85.0673,24.4228],[85.0618,24.4074],[85.0454,24.4092],[85.0315,24.4158],[85.0174,24.4097],[84.9978,24.3951],[84.984,24.3875],[84.9747,24.3747],[84.9552,24.3715],[84.9374,24.3798],[84.9166,24.3733],[84.9082,24.3815],[84.9042,24.3954],[84.8925,24.4052],[84.8914,24.4145],[84.882,24.4246],[84.8875,24.4334],[84.8846,24.441],[84.8874,24.4632],[84.8727,24.4663],[84.8709,24.4582],[84.8536,24.4665],[84.8488,24.4544],[84.8369,24.4589],[84.8329,24.4699],[84.838,24.4975],[84.8388,24.5127],[84.8257,24.5253],[84.8115,24.5216],[84.8022,24.5306],[84.79,24.519],[84.7894,24.5074],[84.7556,24.5001],[84.7463,24.4871],[84.7272,24.4692],[84.7103,24.4709],[84.703,24.4632],[84.6856,24.4556],[84.6653,24.3916],[84.6475,24.4017],[84.6413,24.399],[84.6307,24.405],[84.6146,24.3987],[84.5945,24.4047],[84.583,24.4129],[84.5675,24.4092],[84.565,24.3926],[84.5743,24.3854],[84.5589,24.376],[84.5323,24.3781],[84.5268,24.3745],[84.5347,24.3647],[84.5247,24.3506],[84.5313,24.3379],[84.5224,24.3319],[84.5163,24.3173],[84.5093,24.3148],[84.5099,24.3048],[84.5009,24.2876],[84.4896,24.2916],[84.4848,24.3023],[84.4888,24.3147],[84.5032,24.3205],[84.5004,24.3296],[84.487,24.3136],[84.4722,24.3149],[84.4649,24.321],[84.4659,24.3316],[84.4605,24.3371],[84.4516,24.333],[84.4244,24.3298],[84.4261,24.3572],[84.4034,24.3632],[84.3893,24.3801],[84.3879,24.3887],[84.3735,24.3835],[84.3627,24.3886],[84.3416,24.3936],[84.3331,24.4044],[84.3291,24.4188],[84.3364,24.4274],[84.3216,24.4461],[84.2972,24.4497],[84.2913,24.4662],[84.3028,24.48],[84.317,24.4868],[84.3274,24.4873],[84.3275,24.5003],[84.3221,24.5166],[84.3122,24.523],[84.3107,24.5355],[84.3,24.5454],[84.2981,24.5593],[84.2705,24.5601],[84.2771,24.5438],[84.259,24.5342],[84.2496,24.5357],[84.2361,24.5495],[84.2203,24.547],[84.217,24.5327],[84.2016,24.5437],[84.199,24.5529],[84.1883,24.5533],[84.1841,24.5451],[84.1728,24.5451],[84.1778,24.5263],[84.1854,24.5185],[84.1786,24.5052],[84.1564,24.5109],[84.1526,24.5158],[84.1634,24.5329],[84.1456,24.5375],[84.1346,24.5242],[84.1407,24.5005],[84.1251,24.4909],[84.1248,24.4809],[84.1111,24.4768],[84.1039,24.4809],[84.0887,24.5005],[84.0851,24.5136],[84.0893,24.5365],[84.0785,24.5406],[84.0728,24.555],[84.0731,24.5674],[84.0601,24.5712],[84.0619,24.5868],[84.0472,24.6049],[84.0424,24.6189],[84.034,24.6298],[84.0211,24.6385],[84.0084,24.6428],[83.998,24.6383],[83.9748,24.5914],[83.9511,24.5642],[83.933,24.5473],[83.899,24.5406],[83.8727,24.5322],[83.8625,24.537],[83.8169,24.5292],[83.8015,24.5299],[83.7891,24.5229],[83.7546,24.5094],[83.7452,24.5098],[83.7275,24.5042],[83.7145,24.504],[83.6878,24.5138],[83.6506,24.5148],[83.6294,24.5126],[83.596,24.5126],[83.576,24.516],[83.552,24.5233],[83.5033,24.5254],[83.4677,24.5165],[83.4309,24.5112],[83.4015,24.5035],[83.397,24.4969],[83.3982,24.4854],[83.3909,24.4736],[83.3859,24.458],[83.3866,24.4482],[83.3941,24.4347],[83.4049,24.436],[83.4034,24.4234],[83.4051,24.4048],[83.4167,24.4064],[83.43,24.4],[83.4426,24.3857],[83.4479,24.3711],[83.4559,24.3636],[83.4443,24.3579],[83.4336,24.3391],[83.4114,24.3399],[83.38,24.3131],[83.3868,24.2983],[83.4015,24.2956],[83.4072,24.2888],[83.408,24.2628],[83.4007,24.2569],[83.3977,24.2439],[83.3853,24.2391],[83.3785,24.2291],[83.3846,24.2206],[83.3786,24.2108],[83.3821,24.1952],[83.375,24.1861],[83.3617,24.1556],[83.3547,24.1268],[83.3449,24.1109],[83.3299,24.1017],[83.3498,24.0964],[83.3642,24.1033],[83.3878,24.1],[83.4012,24.0918],[83.4066,24.0805],[83.4342,24.0843],[83.4372,24.078],[83.4377,24.0581],[83.4542,24.0415],[83.4748,24.0415],[83.5082,24.0312],[83.5238,24.0124],[83.5138,23.9964],[83.5151,23.9815],[83.5284,23.9583],[83.5369,23.9507],[83.5488,23.934],[83.5469,23.9144],[83.5578,23.8934],[83.5791,23.892],[83.586,23.8827],[83.5689,23.8667],[83.5746,23.8613],[83.5915,23.8628],[83.6122,23.8539],[83.6174,23.8556],[83.6463,23.8468],[83.6561,23.85],[83.6665,23.8443],[83.6743,23.8272],[83.684,23.8195],[83.6915,23.8265],[83.7076,23.8175],[83.7044,23.8067],[83.7136,23.7998],[83.722,23.788],[83.7212,23.7725],[83.7377,23.7605],[83.74,23.7324],[83.746,23.7195],[83.741,23.7026],[83.7249,23.6907],[83.7236,23.6839],[83.7388,23.6668],[83.7589,23.6536],[83.7605,23.6479],[83.7519,23.6387],[83.7594,23.6261],[83.7723,23.6238],[83.7771,23.608],[83.8014,23.6013],[83.8069,23.5876],[83.817,23.5947],[83.8258,23.5908],[83.851,23.5875],[83.8886,23.5789],[83.8941,23.5826],[83.9085,23.5763],[83.9185,23.5765],[83.9356,23.5691],[83.9397,23.5705],[83.9391,23.5906],[83.933,23.6008],[83.9319,23.6205],[83.9425,23.626],[83.9807,23.6252],[83.9809,23.6337],[84.0141,23.6337],[84.0087,23.6279],[84.0167,23.6085],[84.03,23.5996],[84.0281,23.5912],[84.0297,23.5681],[84.0264,23.5568],[84.028,23.5457],[84.0149,23.5042],[84.0011,23.494],[83.998,23.4863],[83.9762,23.4759],[83.971,23.467],[83.9726,23.455],[83.9817,23.4223],[83.9797,23.4136],[83.9694,23.3939],[83.9623,23.3854],[83.9693,23.3669],[83.9895,23.3569],[83.9968,23.3588],[84.0117,23.3537],[84.0153,23.3688],[84.0231,23.378],[84.0362,23.3786],[84.051,23.3745],[84.0516,23.3596],[84.0744,23.3336],[84.0616,23.3074],[84.0675,23.2942],[84.0625,23.2885],[84.0642,23.2772],[84.0598,23.2694],[84.0537,23.2474],[84.059,23.236],[84.0558,23.2201],[84.0634,23.2066],[84.0546,23.1915],[84.0433,23.1833],[84.0319,23.1579],[84.0401,23.137],[84.0492,23.1349],[84.0583,23.1262],[84.0626,23.1135],[84.0722,23.109],[84.0901,23.1125],[84.1059,23.1049],[84.1193,23.0881],[84.1334,23.0831],[84.1325,23.0654],[84.1263,23.0583],[84.1261,23.0334],[84.14,23.0074],[84.1469,22.9905],[84.1495,22.9654],[84.171,22.97],[84.1783,22.9799],[84.1751,22.9967],[84.1754,23.0099],[84.1858,23.0271],[84.2016,23.0211],[84.2004,23.0062],[84.2168,22.9892],[84.2187,22.9793],[84.2302,22.9834],[84.2425,22.9834],[84.2535,22.9723],[84.2744,22.9857],[84.2805,22.964],[84.3076,22.9675],[84.3281,22.982],[84.365,22.9743],[84.3728,22.9793],[84.3804,22.9721],[84.3836,22.9529],[84.3959,22.9389],[84.3962,22.9259],[84.3889,22.9149],[84.3775,22.9097],[84.3749,22.9024],[84.3824,22.8966],[84.3796,22.8764],[84.3715,22.8647],[84.3604,22.8612],[84.3528,22.8654],[84.3441,22.8596],[84.3347,22.8616],[84.323,22.8481],[84.3256,22.8372],[84.322,22.8203],[84.3164,22.8136],[84.3147,22.8006],[84.2993,22.7959],[84.2923,22.7859],[84.2893,22.7663],[84.2598,22.7677],[84.2555,22.7602],[84.2431,22.7522],[84.2295,22.7369],[84.2344,22.7053],[84.2381,22.6919],[84.2334,22.6808],[84.221,22.668],[84.2002,22.6665],[84.188,22.6553],[84.1632,22.6455],[84.15,22.6365],[84.1239,22.6371],[84.1107,22.6408],[84.0948,22.6352],[84.084,22.6382],[84.0648,22.6119],[84.0494,22.595],[84.0244,22.5919],[84.0232,22.5858],[84.0116,22.576],[84.0075,22.5536],[84.0028,22.546],[84.01,22.5317],[84.0091,22.5261],[84.0257,22.5257],[84.0397,22.5157],[84.0576,22.5159],[84.0746,22.4994],[84.0901,22.4895],[84.1073,22.4836],[84.113,22.4765],[84.1342,22.478],[84.1424,22.4723],[84.1432,22.457],[84.1393,22.4488],[84.141,22.4259],[84.152,22.4132],[84.1544,22.4108],[84.1661,22.3998],[84.185,22.3902],[84.1968,22.3781],[84.2367,22.3804],[84.2504,22.379],[84.269,22.3545],[84.2913,22.3429],[84.3113,22.3451],[84.317,22.3423],[84.3385,22.3473],[84.3658,22.3481],[84.3675,22.3532],[84.4005,22.3464],[84.423,22.354],[84.4303,22.3528],[84.4289,22.371],[84.4529,22.3825],[84.4608,22.3789],[84.4771,22.3869],[84.479,22.394],[84.4747,22.408],[84.503,22.4198],[84.5246,22.4199],[84.5299,22.4255],[84.5476,22.4217],[84.5685,22.4281],[84.5943,22.43],[84.6028,22.4288],[84.6288,22.4345],[84.6666,22.4195],[84.6756,22.4205],[84.6988,22.4164],[84.7177,22.4196],[84.7501,22.4193],[84.759,22.4467],[84.8034,22.448],[84.8102,22.4533],[84.8176,22.4371],[84.8358,22.432],[84.8656,22.4397],[84.8801,22.4489],[84.8893,22.4282],[84.8858,22.4204],[84.9094,22.4227],[84.926,22.435],[84.9215,22.444],[84.9378,22.4456],[84.9443,22.4543],[84.9543,22.4587],[84.9625,22.4498],[84.9707,22.4516],[85.0199,22.4723],[85.0306,22.4735],[85.0367,22.4814],[85.0505,22.4822],[85.057,22.4862],[85.0777,22.4775],[85.0769,22.4637],[85.0597,22.4486],[85.0672,22.44],[85.0661,22.4305],[85.0775,22.4182],[85.0835,22.4062],[85.0877,22.3884],[85.0796,22.3699],[85.0765,22.3561],[85.0832,22.3453],[85.0956,22.3447],[85.0893,22.3196],[85.0941,22.3146],[85.1081,22.3213],[85.118,22.3176],[85.117,22.2947],[85.107,22.2957],[85.0912,22.2888],[85.0724,22.2761],[85.0705,22.2704],[85.0781,22.2578],[85.0701,22.2425],[85.0726,22.2385],[85.0524,22.1951],[85.0513,22.1801],[85.0298,22.1624],[85.0342,22.1381],[85.0248,22.1181],[85.0038,22.1087],[84.9841,22.0949],[84.9843,22.093],[84.9907,22.081],[85.0116,22.0904],[85.0149,22.1006],[85.0242,22.1093],[85.0418,22.116],[85.0554,22.1156],[85.0897,22.1056],[85.0999,22.1042],[85.1009,22.0939],[85.1267,22.0748],[85.145,22.0796],[85.1531,22.0789],[85.1679,22.0681],[85.1815,22.0719],[85.1872,22.0582],[85.2143,22.0494],[85.2216,22.0181],[85.2391,22.0094],[85.2516,22.0266],[85.2632,22.0588],[85.2813,22.0904],[85.3008,22.107],[85.3111,22.1192],[85.3231,22.1275],[85.3527,22.1287],[85.3588,22.1242],[85.364,22.1403],[85.3604,22.144],[85.371,22.161],[85.3846,22.1557],[85.3967,22.163],[85.4123,22.1616],[85.464,22.1391],[85.4766,22.1283],[85.4945,22.1194],[85.5119,22.117],[85.527,22.1093],[85.547,22.0901],[85.5626,22.0953],[85.5884,22.0853],[85.5994,22.0783],[85.6271,22.0813],[85.6449,22.0947],[85.6561,22.0934],[85.6585,22.0853],[85.6739,22.0667],[85.687,22.0544],[85.6902,22.0609],[85.7302,22.0653],[85.7574,22.0789],[85.757,22.084],[85.7681,22.0933],[85.7866,22.0985],[85.8074,22.1161],[85.8229,22.1064],[85.817,22.0991],[85.8363,22.0915],[85.8383,22.0795],[85.8232,22.0736],[85.7956,22.0807],[85.7772,22.0556],[85.7854,22.0398],[85.7833,22.0315],[85.7673,22.0207],[85.7612,22.0076],[85.766,21.9949],[85.784,21.9844],[85.8055,21.9886],[85.8208,21.9831],[85.8257,21.9751],[85.8524,21.9834],[85.8839,21.9794],[85.9008,21.9827],[85.9056,21.9726],[85.9139,21.98],[85.9144,21.9961],[85.9308,22.0233],[85.9436,22.0204],[85.9763,22.0709],[85.9839,22.0761],[86.0094,22.1178],[85.9967,22.1324],[86.0035,22.1396],[86.005,22.1501],[86.0148,22.1608],[86.0169,22.1711],[86.0314,22.1925],[86.0163,22.2068],[86.0028,22.2138],[85.9856,22.2371],[85.9738,22.2471],[85.9895,22.2542],[85.9885,22.2673],[86.0053,22.2787],[86.0171,22.2973],[86.0487,22.308],[86.0433,22.3121],[86.0314,22.3072],[86.0174,22.3132],[86.0143,22.3218],[86.029,22.3343],[86.0138,22.3405],[86.0055,22.3349],[85.998,22.3448],[86.0136,22.3523],[86.024,22.3643],[86.0291,22.3858],[86.0225,22.3977],[86.0181,22.4257],[86.0056,22.4254],[85.9864,22.4351],[85.968,22.4506],[85.9704,22.4601],[85.9603,22.4614],[85.9634,22.482],[85.9723,22.4919],[85.9734,22.5058],[85.9897,22.5167],[85.9984,22.5134],[86.0338,22.534],[86.024,22.5446],[86.0454,22.5675],[86.0512,22.5626],[86.0691,22.5559],[86.0892,22.5286],[86.104,22.5009],[86.1185,22.4867],[86.1237,22.4886],[86.1796,22.479],[86.1973,22.4723],[86.2115,22.4715],[86.2258,22.453],[86.2378,22.4525],[86.2693,22.4423],[86.2834,22.4478],[86.2974,22.424],[86.3041,22.4219],[86.3083,22.409],[86.3226,22.3968],[86.3229,22.3848],[86.33,22.3773],[86.3426,22.3718],[86.3519,22.3636],[86.3678,22.3438],[86.379,22.3408],[86.411,22.3198],[86.4297,22.3166],[86.4322,22.3069],[86.4459,22.3081],[86.446,22.327],[86.4641,22.3253],[86.4714,22.3358],[86.4855,22.3372],[86.4899,22.3478],[86.4994,22.3463],[86.5091,22.3345],[86.5101,22.3272],[86.5288,22.3229],[86.5276,22.3071],[86.5339,22.3021],[86.5417,22.3082],[86.553,22.299],[86.56,22.301],[86.5848,22.3006],[86.5964,22.2775],[86.613,22.2825],[86.6268,22.273],[86.6357,22.2728],[86.6426,22.2647],[86.6515,22.2632],[86.6567,22.2496],[86.656,22.2358],[86.6731,22.2413],[86.6797,22.2253],[86.6899,22.2213],[86.7073,22.2225],[86.727,22.2168],[86.7447,22.2159],[86.7569,22.2113],[86.7707,22.2206],[86.7777,22.2368],[86.7865,22.2366],[86.7782,22.2181],[86.7852,22.2152],[86.7917,22.2222],[86.8022,22.2179],[86.8125,22.2412],[86.7943,22.2438],[86.7922,22.2663],[86.8011,22.2656],[86.7981,22.2524],[86.8096,22.2507],[86.8198,22.2537],[86.8231,22.2661],[86.8301,22.2635],[86.8491,22.264],[86.8871,22.2576],[86.8902,22.285],[86.8881,22.2971],[86.876,22.3009],[86.8537,22.3145],[86.8332,22.3245],[86.832,22.3484],[86.8431,22.373],[86.8411,22.3822],[86.8455,22.3906],[86.8439,22.4015],[86.8312,22.4112],[86.813,22.4191],[86.7854,22.4247],[86.7647,22.4266],[86.7595,22.4447],[86.751,22.4564],[86.7472,22.4745],[86.7512,22.4827],[86.7937,22.4777],[86.8008,22.4879],[86.794,22.4956],[86.802,22.5018],[86.7931,22.5106],[86.7946,22.517],[86.7867,22.5381],[86.7861,22.5497],[86.7762,22.5496],[86.7669,22.5588],[86.7658,22.5757],[86.7575,22.5786],[86.7305,22.5776],[86.7101,22.5831],[86.6837,22.579],[86.6788,22.5752],[86.6585,22.5757],[86.6527,22.5825],[86.656,22.5915],[86.6385,22.5985],[86.6331,22.611],[86.6379,22.6256],[86.6379,22.6519],[86.6413,22.6587],[86.6273,22.6684],[86.6193,22.6785],[86.5952,22.69],[86.5843,22.6917],[86.562,22.7068],[86.5527,22.7171],[86.5428,22.7222],[86.5346,22.7179],[86.523,22.721],[86.5029,22.7172],[86.4936,22.7266],[86.4818,22.7319],[86.4718,22.745],[86.4695,22.7541],[86.4587,22.7646],[86.451,22.7638],[86.4397,22.7737],[86.4325,22.775],[86.4194,22.791],[86.425,22.8007],[86.4224,22.8108],[86.4358,22.8294],[86.4329,22.8533],[86.4378,22.8633],[86.4509,22.8624],[86.4532,22.8857],[86.4647,22.8949],[86.4473,22.9084],[86.4362,22.9229],[86.4428,22.9307],[86.4529,22.931],[86.4628,22.937],[86.465,22.9449],[86.4782,22.9461],[86.4912,22.9387],[86.5029,22.9515],[86.5255,22.9473],[86.5334,22.9621],[86.5445,22.9698],[86.5492,22.9784],[86.5476,22.9887],[86.5286,22.9805],[86.5206,22.9705],[86.4977,22.9928],[86.4703,22.9918],[86.465,22.9888],[86.4256,22.9968],[86.3939,22.981],[86.3858,22.996],[86.3713,22.9975],[86.37,22.998],[86.364,23.0009],[86.3418,22.9968],[86.3379,22.9906],[86.31,23.0042],[86.3089,23.0084],[86.2932,23.0139],[86.2719,23.0062],[86.265,23.0002],[86.2374,22.9951],[86.2244,22.9946],[86.2067,23.0003],[86.2075,23.0082],[86.1855,23.0052],[86.1802,23.0197],[86.156,23.0329],[86.1576,23.048],[86.1416,23.0573],[86.1459,23.0755],[86.1377,23.0767],[86.127,23.0868],[86.0981,23.0854],[86.0895,23.0952],[86.075,23.0946],[86.0492,23.1061],[86.0548,23.1239],[86.0375,23.1471],[86.0237,23.1445],[86.0188,23.148],[85.9967,23.1501],[85.9581,23.1609],[85.9512,23.1522],[85.9287,23.1515],[85.9167,23.1462],[85.9111,23.1527],[85.8951,23.155],[85.8821,23.1683],[85.8834,23.196],[85.8643,23.222],[85.8364,23.2216],[85.8392,23.2317],[85.838,23.247],[85.8235,23.2595],[85.8206,23.2704],[85.8308,23.2872],[85.8394,23.3073],[85.8679,23.3295],[85.8651,23.3403],[85.8743,23.3429],[85.8835,23.3517],[85.8761,23.3579],[85.8746,23.3776],[85.8702,23.3895],[85.8907,23.3972],[85.8905,23.4089],[85.8817,23.4201],[85.8845,23.43],[85.8636,23.4316],[85.8614,23.439],[85.8676,23.4647],[85.8761,23.4808],[85.9091,23.4843],[85.9331,23.4733],[85.9503,23.4709],[85.9619,23.4768],[85.9778,23.4768],[86.0256,23.4863],[86.0319,23.4835],[86.0541,23.4869],[86.0565,23.4951],[86.0388,23.4979],[86.0397,23.5149],[86.0168,23.5475],[86.0186,23.5597],[86.0307,23.5725],[86.0406,23.576],[86.042,23.5862],[86.0536,23.5845],[86.0747,23.5757],[86.0744,23.5689],[86.0947,23.5631],[86.1098,23.568],[86.1314,23.5626],[86.1475,23.5628],[86.1586,23.5595],[86.1516,23.5481],[86.1578,23.5413],[86.1558,23.5319],[86.1485,23.5246],[86.1531,23.5118],[86.1605,23.5083],[86.1583,23.4925],[86.1508,23.4821],[86.1485,23.4654],[86.1595,23.4685],[86.1819,23.4679],[86.1803,23.4609],[86.2288,23.4434],[86.2329,23.4623],[86.2474,23.4564],[86.2367,23.4452],[86.2305,23.4301],[86.2348,23.4213],[86.2457,23.4233],[86.2497,23.4109],[86.2604,23.4185],[86.2523,23.4268],[86.2641,23.4308],[86.2886,23.4295],[86.2902,23.4182],[86.3101,23.4118],[86.3169,23.4159],[86.3174,23.4271],[86.3054,23.4346],[86.3195,23.4434],[86.3326,23.4465],[86.3443,23.4408],[86.3448,23.4412],[86.3505,23.4417],[86.36,23.4522],[86.3579,23.4625],[86.3643,23.4718],[86.3793,23.4738],[86.3781,23.4846],[86.3682,23.4834],[86.3644,23.5016],[86.3751,23.5121],[86.3646,23.522],[86.3674,23.5398],[86.3885,23.5602],[86.3878,23.5741],[86.3974,23.5787],[86.415,23.5768],[86.4209,23.5897],[86.4487,23.6014],[86.4464,23.6175],[86.4563,23.6217],[86.4567,23.6234],[86.4906,23.6377],[86.5271,23.6296],[86.5745,23.6476],[86.5782,23.6526],[86.5991,23.6657],[86.5983,23.6739],[86.6216,23.6744],[86.6342,23.6771],[86.6614,23.6872],[86.6826,23.6884],[86.7047,23.697],[86.7182,23.6991],[86.7396,23.6945],[86.7453,23.68],[86.7712,23.6809],[86.7894,23.6877],[86.7985,23.6884],[86.8046,23.6961],[86.799,23.7047],[86.8082,23.7242],[86.8117,23.7451],[86.8283,23.7533],[86.8257,23.7776],[86.804,23.8024],[86.8088,23.8193],[86.8004,23.8339],[86.8062,23.8375],[86.815,23.8302],[86.8128,23.8202],[86.8242,23.8139],[86.8414,23.8239],[86.8533,23.8258],[86.8612,23.8345],[86.8634,23.8446],[86.8747,23.8476],[86.8791,23.8425],[86.8803,23.8293],[86.8943,23.8262],[86.8945,23.835],[86.8886,23.8436],[86.8888,23.8586],[86.8846,23.8658],[86.8935,23.8771],[86.9157,23.8832],[86.9307,23.8711],[86.9357,23.8522],[86.9469,23.8461],[86.9627,23.8494],[86.9657,23.8654],[86.9739,23.8689],[86.9863,23.8596],[87.0108,23.8525],[87.0403,23.8373],[87.0535,23.8227],[87.0867,23.8089],[87.0965,23.8139],[87.1025,23.8047],[87.1199,23.7978],[87.1311,23.7982],[87.1398,23.8038],[87.1517,23.7987],[87.1673,23.8251],[87.154,23.8293],[87.1394,23.8482],[87.13,23.8536],[87.1294,23.8689],[87.1649,23.8651],[87.1745,23.8547],[87.1876,23.8486],[87.2141,23.851],[87.2225,23.858],[87.2377,23.8548],[87.2304,23.8457],[87.2235,23.8457],[87.2174,23.8299],[87.2302,23.8251],[87.2407,23.8258],[87.2558,23.8439],[87.2439,23.8586],[87.241,23.8704],[87.2448,23.8823],[87.2444,23.903],[87.2518,23.9128],[87.261,23.8863],[87.2695,23.8744],[87.275,23.8839],[87.2822,23.886],[87.2951,23.9013],[87.291,23.9076],[87.2848,23.9387],[87.2912,23.9434],[87.2916,23.9585],[87.2796,23.9603],[87.2624,23.9673],[87.2619,23.9813],[87.2678,23.9897],[87.2628,24.0036],[87.2477,23.9987],[87.2351,24.0218],[87.2344,24.0325],[87.2475,24.0453],[87.26,24.0375],[87.2665,24.038],[87.2882,24.0285],[87.2916,24.0331],[87.3063,24.0316],[87.3163,24.0354],[87.337,24.034],[87.3362,24.0209],[87.3265,24.0177],[87.319,24.0075],[87.3292,23.9987],[87.3514,23.9985],[87.3605,24.0129],[87.4154,23.9935],[87.4402,23.9816],[87.4497,23.9888],[87.46,23.9842],[87.4607,23.9964],[87.4445,24.0072],[87.4523,24.0163],[87.4755,24.0124],[87.4906,24.0178],[87.4966,24.0251],[87.5091,24.0322],[87.5092,24.0482],[87.4933,24.0541],[87.4973,24.0634],[87.4905,24.0709],[87.5018,24.0756],[87.5018,24.0851],[87.4906,24.0889],[87.5003,24.1017],[87.4996,24.1157],[87.511,24.1108],[87.5221,24.1122],[87.5305,24.1074],[87.535,24.0953],[87.5468,24.085],[87.5588,24.0814],[87.5713,24.0892],[87.5746,24.1124],[87.5833,24.1141],[87.5852,24.1242],[87.602,24.1268],[87.6102,24.1329],[87.5782,24.1554],[87.5815,24.1624],[87.5936,24.1596],[87.6157,24.1658],[87.6307,24.1642],[87.6414,24.153],[87.6569,24.1585],[87.6755,24.1513],[87.6744,24.1422],[87.675,24.1424],[87.6937,24.1486],[87.6958,24.1612],[87.7021,24.1745],[87.6984,24.1873],[87.6766,24.1955],[87.6744,24.2076],[87.6558,24.2076],[87.6392,24.214],[87.6462,24.2302],[87.6359,24.2418],[87.6469,24.252],[87.6532,24.2393],[87.6621,24.2453],[87.6717,24.2433],[87.6887,24.2528],[87.7001,24.2628],[87.706,24.2612],[87.7132,24.2939],[87.727,24.2892],[87.7289,24.2885],[87.7465,24.2985],[87.7547,24.3098],[87.7615,24.3083],[87.7636,24.338],[87.7735,24.3511],[87.787,24.3637],[87.7936,24.3825],[87.8007,24.3821],[87.8011,24.4093],[87.7887,24.4155],[87.7952,24.4369],[87.8034,24.4543],[87.8238,24.4584],[87.8227,24.4702],[87.8107,24.4771],[87.8165,24.4897],[87.8122,24.5082],[87.8037,24.5085],[87.7991,24.5258],[87.7986,24.5392],[87.8088,24.5475],[87.7997,24.5652],[87.7884,24.5715],[87.7706,24.5746],[87.7717,24.5837],[87.792,24.584],[87.8123,24.5788],[87.8265,24.5694],[87.8278,24.5578],[87.8542,24.559],[87.8653,24.5568],[87.8688,24.5643],[87.8919,24.5656],[87.8925,24.5814],[87.9084,24.5852],[87.9133,24.5972],[87.9115,24.6103],[87.9057,24.6148],[87.9058,24.6314],[87.9143,24.6385],[87.9113,24.6517],[87.9171,24.6658],[87.8905,24.6755],[87.8898,24.6826],[87.8984,24.6885],[87.9075,24.7216],[87.8879,24.7282],[87.8852,24.7401],[87.8746,24.7326],[87.86,24.7341],[87.8367,24.746],[87.8293,24.7533],[87.819,24.7539],[87.8228,24.7701],[87.8298,24.7696],[87.8321,24.7866],[87.8429,24.7688],[87.8433,24.7694],[87.8521,24.7618],[87.869,24.7748],[87.8686,24.789],[87.8785,24.7904],[87.8816,24.799],[87.8748,24.8068],[87.8756,24.8218],[87.8862,24.8229],[87.8967,24.8297],[87.8997,24.8444],[87.8908,24.8552],[87.9153,24.883],[87.9524,24.9081],[87.9611,24.9227],[87.9623,24.9378],[87.958,24.9699],[87.9538,24.978],[87.9399,24.9914],[87.9228,25.0006],[87.9108,25.0017],[87.896,25.011],[87.8767,25.0344],[87.8484,25.0535],[87.8351,25.059],[87.8102,25.0758],[87.7946,25.0897],[87.8016,25.1043],[87.8014,25.1152],[87.7889,25.1348],[87.7792,25.1436],[87.7821,25.1624],[87.7814,25.1799],[87.7729,25.2058],[87.7732,25.2212],[87.7778,25.2349],[87.7787,25.2505],[87.7114,25.2577]]]},"properties":{"ST_NM":"Jharkhand"}},
{"type":"Feature","geometry":{"type":"MultiPolygon","coordinates":[[[[79.7814,11.9028],[79.7753,11.905],[79.7705,11.8909],[79.78,11.8755],[79.7784,11.8632],[79.7851,11.863],[79.7965,11.895],[79.7814,11.9028]]],[[[79.2114,9.2507],[79.1957,9.2575],[79.1873,9.2553],[79.1756,9.2438],[79.1788,9.2349],[79.1932,9.2235],[79.2047,9.226],[79.2214,9.2406],[79.2256,9.2501],[79.2114,9.2507]]],[[[79.8738,12.0426],[79.8846,12.0645],[79.9239,12.1256],[79.9743,12.2011],[79.9986,12.24],[80.0115,12.2571],[80.0305,12.2902],[80.0568,12.3262],[80.0806,12.351],[80.117,12.3851],[80.1377,12.4106],[80.1502,12.4365],[80.1564,12.4601],[80.1607,12.4879],[80.1606,12.5013],[80.1687,12.5373],[80.1845,12.576],[80.1867,12.5872],[80.1971,12.6137],[80.2009,12.6321],[80.212,12.6606],[80.2271,12.7079],[80.2464,12.754],[80.2551,12.7831],[80.2501,12.7946],[80.2478,12.8103],[80.2479,12.8307],[80.2519,12.8809],[80.2595,12.9369],[80.2675,12.9789],[80.2788,13.017],[80.2862,13.0602],[80.2941,13.0785],[80.3016,13.0899],[80.2948,13.0931],[80.3063,13.1304],[80.2984,13.1375],[80.3077,13.1542],[80.3194,13.1863],[80.3298,13.2245],[80.3351,13.2386],[80.3401,13.2676],[80.3447,13.2762],[80.3464,13.3154],[80.3386,13.3661],[80.329,13.4086],[80.3285,13.4282],[80.3238,13.4501],[80.3083,13.4663],[80.301,13.4787],[80.2768,13.5467],[80.2683,13.5645],[80.264,13.5627],[80.2511,13.5028],[80.2422,13.4725],[80.2352,13.474],[80.2259,13.4851],[80.1865,13.4907],[80.1619,13.4883],[80.1452,13.4914],[80.1446,13.5013],[80.1171,13.504],[80.111,13.4919],[80.0992,13.4876],[80.0782,13.4888],[80.0771,13.5264],[80.0886,13.535],[80.0812,13.5498],[80.0673,13.5445],[80.0569,13.5367],[80.0284,13.5388],[80.0246,13.5452],[80.0133,13.5472],[79.9997,13.5423],[80.0005,13.5257],[80.0168,13.5295],[80.0195,13.5193],[80.0272,13.5137],[80.0355,13.5183],[80.0484,13.5123],[80.0466,13.4937],[80.03,13.4982],[80.0159,13.498],[80.0078,13.4783],[79.984,13.4796],[79.9824,13.4705],[79.9724,13.4691],[79.9733,13.4297],[79.9619,13.4234],[79.9396,13.4251],[79.9444,13.4063],[79.9443,13.3969],[79.9625,13.3943],[79.958,13.3792],[79.9492,13.3777],[79.9452,13.3634],[79.9313,13.3515],[79.9253,13.3584],[79.9168,13.3581],[79.9038,13.3405],[79.8835,13.3329],[79.8776,13.3243],[79.8679,13.3303],[79.8632,13.3177],[79.8326,13.3154],[79.8173,13.3186],[79.8042,13.3117],[79.8016,13.3005],[79.7917,13.2935],[79.7795,13.3063],[79.7681,13.3139],[79.7618,13.3127],[79.7602,13.3016],[79.7524,13.2917],[79.7392,13.2914],[79.7309,13.2844],[79.735,13.276],[79.7479,13.2711],[79.7612,13.2575],[79.7816,13.2516],[79.7947,13.2421],[79.7943,13.2283],[79.7877,13.2292],[79.7769,13.2188],[79.7642,13.2191],[79.7598,13.2075],[79.75,13.208],[79.751,13.2165],[79.7326,13.2369],[79.7308,13.2235],[79.7216,13.2235],[79.7184,13.2165],[79.7027,13.2224],[79.7075,13.235],[79.714,13.2358],[79.7082,13.2501],[79.7009,13.2531],[79.6963,13.2433],[79.6842,13.2445],[79.6783,13.2617],[79.6936,13.2735],[79.6937,13.2799],[79.6832,13.2882],[79.6714,13.2802],[79.6552,13.2853],[79.6518,13.2918],[79.634,13.2825],[79.6287,13.2698],[79.6062,13.2882],[79.5956,13.2847],[79.5937,13.2662],[79.5825,13.2574],[79.574,13.259],[79.5584,13.2727],[79.54,13.2724],[79.5351,13.2851],[79.5411,13.2928],[79.5349,13.3015],[79.544,13.3171],[79.5373,13.3386],[79.5263,13.3443],[79.511,13.3419],[79.4952,13.3452],[79.4805,13.34],[79.4562,13.3386],[79.4456,13.3476],[79.4361,13.3502],[79.4316,13.3367],[79.3983,13.3302],[79.3987,13.3217],[79.3875,13.3179],[79.3937,13.2998],[79.4053,13.2976],[79.4138,13.3002],[79.42,13.2896],[79.4305,13.3003],[79.4452,13.3018],[79.4463,13.2916],[79.4357,13.2913],[79.4337,13.275],[79.419,13.272],[79.4114,13.2647],[79.4171,13.2585],[79.4185,13.243],[79.4376,13.2429],[79.4415,13.238],[79.4531,13.2384],[79.4538,13.217],[79.4397,13.2177],[79.4412,13.2083],[79.4324,13.197],[79.4316,13.1893],[79.3921,13.1925],[79.3755,13.1777],[79.38,13.163],[79.3561,13.1646],[79.365,13.1308],[79.3581,13.1217],[79.3485,13.1203],[79.3441,13.132],[79.329,13.1306],[79.3242,13.1186],[79.3099,13.112],[79.3072,13.1056],[79.2943,13.1096],[79.2992,13.1187],[79.284,13.1228],[79.2805,13.1526],[79.2773,13.1562],[79.2621,13.1491],[79.2603,13.1596],[79.2532,13.1603],[79.2539,13.1458],[79.2449,13.1489],[79.2356,13.1713],[79.2269,13.1589],[79.2147,13.157],[79.21,13.1485],[79.2219,13.1463],[79.2283,13.14],[79.2303,13.1264],[79.2384,13.1186],[79.2344,13.1053],[79.2127,13.0925],[79.1999,13.0881],[79.1856,13.0753],[79.1921,13.0675],[79.1829,13.057],[79.1827,13.0474],[79.1919,13.0484],[79.1848,13.0299],[79.1718,13.0273],[79.1631,13.0203],[79.1499,13.0238],[79.1383,13.0343],[79.1085,13.0388],[79.0983,13.0261],[79.0809,13.0258],[79.0638,13.0396],[79.0634,13.0531],[79.0387,13.0612],[79.0346,13.07],[79.0095,13.0773],[79.0039,13.0846],[78.9825,13.0864],[78.9723,13.0838],[78.9688,13.0779],[78.9554,13.0759],[78.9239,13.0808],[78.9217,13.0661],[78.9105,13.0634],[78.904,13.0496],[78.9061,13.0452],[78.9291,13.0458],[78.9291,13.0365],[78.9171,13.0338],[78.8919,13.033],[78.8913,13.0689],[78.8889,13.0734],[78.8957,13.0952],[78.8814,13.0982],[78.8611,13.0837],[78.842,13.0787],[78.813,13.0891],[78.7877,13.0642],[78.7513,13.055],[78.7403,13.064],[78.7145,13.0687],[78.7079,13.0356],[78.7052,13.0153],[78.6562,13.0312],[78.6555,13.0153],[78.6209,12.9913],[78.64,12.971],[78.638,12.9648],[78.65,12.9401],[78.653,12.9293],[78.6335,12.9314],[78.633,12.9247],[78.6228,12.9043],[78.6149,12.8827],[78.6131,12.868],[78.6015,12.8508],[78.6077,12.8219],[78.6004,12.8185],[78.6011,12.8037],[78.593,12.7983],[78.5925,12.7827],[78.5684,12.767],[78.5656,12.7594],[78.5575,12.7573],[78.5637,12.7376],[78.5543,12.7181],[78.5547,12.6991],[78.5409,12.6907],[78.5313,12.6971],[78.5285,12.7157],[78.5116,12.7269],[78.513,12.7333],[78.5052,12.743],[78.4931,12.7472],[78.4891,12.742],[78.5043,12.7249],[78.5206,12.7173],[78.512,12.7077],[78.5039,12.7113],[78.5038,12.682],[78.4998,12.6762],[78.4845,12.6717],[78.4679,12.6759],[78.4717,12.6323],[78.4646,12.6242],[78.4586,12.6296],[78.4332,12.6301],[78.4266,12.6351],[78.4133,12.6277],[78.3925,12.6274],[78.3794,12.6251],[78.3556,12.6365],[78.3436,12.6488],[78.3322,12.6493],[78.3183,12.662],[78.2964,12.6711],[78.2918,12.6818],[78.2765,12.7016],[78.2684,12.7055],[78.2522,12.7062],[78.2401,12.7027],[78.2377,12.6858],[78.2106,12.6861],[78.1997,12.6928],[78.2099,12.7006],[78.2074,12.7084],[78.2311,12.7126],[78.241,12.73],[78.2362,12.7378],[78.2309,12.7607],[78.2242,12.7658],[78.2128,12.7651],[78.2026,12.7712],[78.1774,12.776],[78.1676,12.7701],[78.1448,12.7811],[78.1344,12.7819],[78.1203,12.8018],[78.1093,12.8045],[78.0901,12.8174],[78.0862,12.832],[78.0738,12.8306],[78.0765,12.8397],[78.0504,12.8488],[78.0307,12.8525],[78.0183,12.8311],[78.0106,12.831],[78.0043,12.8234],[78.0153,12.8138],[78.0067,12.8085],[77.9885,12.8082],[77.9898,12.8216],[77.979,12.8275],[77.9804,12.835],[77.9643,12.8329],[77.9653,12.8482],[77.9527,12.8503],[77.9439,12.8579],[77.9406,12.8453],[77.9464,12.8397],[77.9407,12.8234],[77.9343,12.8231],[77.9173,12.838],[77.9228,12.8556],[77.9366,12.8669],[77.9389,12.8726],[77.9293,12.891],[77.9219,12.8848],[77.9087,12.8849],[77.9084,12.8789],[77.8949,12.8786],[77.8903,12.8697],[77.8759,12.8669],[77.836,12.8704],[77.8324,12.8621],[77.8164,12.8562],[77.8079,12.8477],[77.7991,12.8516],[77.7924,12.8422],[77.7959,12.8346],[77.8099,12.8316],[77.8021,12.8171],[77.8068,12.7942],[77.7992,12.7957],[77.7788,12.7681],[77.7943,12.7578],[77.7916,12.7467],[77.7835,12.7413],[77.7683,12.7401],[77.7616,12.7273],[77.7744,12.7243],[77.7657,12.7138],[77.7608,12.6971],[77.7399,12.6999],[77.7349,12.6921],[77.741,12.6858],[77.7404,12.6737],[77.7238,12.672],[77.7227,12.6797],[77.7116,12.6832],[77.7109,12.6671],[77.7042,12.6615],[77.6899,12.659],[77.6786,12.6604],[77.6764,12.6795],[77.6599,12.6839],[77.6379,12.6758],[77.6239,12.674],[77.5989,12.6672],[77.5961,12.6503],[77.606,12.6281],[77.5956,12.6224],[77.591,12.6153],[77.5914,12.5921],[77.5793,12.5731],[77.5803,12.5516],[77.5864,12.5458],[77.5885,12.5267],[77.5872,12.5148],[77.6111,12.5143],[77.615,12.5042],[77.6024,12.4972],[77.5837,12.4789],[77.5959,12.4749],[77.6074,12.4752],[77.6165,12.4829],[77.6261,12.4964],[77.6348,12.4869],[77.6323,12.4717],[77.6272,12.4585],[77.629,12.4453],[77.6261,12.4308],[77.6295,12.4183],[77.6233,12.4123],[77.6205,12.3826],[77.613,12.3612],[77.6009,12.3586],[77.5915,12.3402],[77.5786,12.3358],[77.5656,12.3061],[77.5579,12.3057],[77.5513,12.2913],[77.5327,12.2913],[77.5271,12.2788],[77.5085,12.276],[77.5011,12.2823],[77.4876,12.2806],[77.479,12.2713],[77.4782,12.2593],[77.4711,12.2436],[77.4785,12.2401],[77.4826,12.2303],[77.4722,12.21],[77.4857,12.2041],[77.493,12.1973],[77.5187,12.1945],[77.5352,12.1985],[77.5479,12.2044],[77.5633,12.1966],[77.5748,12.2009],[77.5825,12.1982],[77.5994,12.2003],[77.6125,12.206],[77.6209,12.1999],[77.6298,12.2023],[77.64,12.1965],[77.6551,12.1995],[77.6973,12.1856],[77.7313,12.1801],[77.7354,12.1696],[77.7471,12.155],[77.7472,12.1432],[77.7572,12.1305],[77.7755,12.1185],[77.7677,12.1067],[77.7557,12.0798],[77.7266,12.0612],[77.6963,12.0158],[77.678,11.974],[77.6745,11.954],[77.669,11.9492],[77.646,11.95],[77.624,11.9474],[77.6043,11.938],[77.5935,11.9403],[77.5753,11.9366],[77.561,11.942],[77.5425,11.9383],[77.5379,11.9325],[77.5036,11.9412],[77.4928,11.9414],[77.4905,11.9086],[77.4741,11.8951],[77.4636,11.8956],[77.4604,11.8817],[77.4654,11.8752],[77.4619,11.8529],[77.4664,11.8464],[77.4576,11.8299],[77.4521,11.8131],[77.4498,11.7961],[77.4421,11.7837],[77.4338,11.7782],[77.428,11.7671],[77.3955,11.7862],[77.388,11.7886],[77.3692,11.7869],[77.3599,11.78],[77.3351,11.7713],[77.3268,11.7763],[77.3126,11.7936],[77.2938,11.8091],[77.2879,11.8005],[77.2498,11.8131],[77.2496,11.8043],[77.2386,11.7948],[77.2175,11.7954],[77.1892,11.7926],[77.182,11.7864],[77.147,11.782],[77.138,11.7728],[77.1107,11.7736],[77.1126,11.7657],[77.1119,11.7426],[77.1179,11.7225],[77.105,11.7329],[77.0827,11.7399],[77.071,11.7514],[77.0564,11.7699],[77.0689,11.7844],[77.0629,11.7905],[77.0504,11.7897],[77.04,11.7807],[77.0351,11.7699],[77.0288,11.7748],[77.0387,11.794],[77.0298,11.8048],[77.0129,11.8147],[76.9935,11.8093],[76.9829,11.812],[76.9832,11.8011],[76.9699,11.777],[76.9611,11.7817],[76.956,11.7913],[76.9441,11.788],[76.932,11.7929],[76.9221,11.7919],[76.9088,11.7952],[76.8966,11.7766],[76.8958,11.7579],[76.888,11.7418],[76.8883,11.7338],[76.8742,11.7242],[76.8626,11.7111],[76.862,11.7043],[76.85,11.6867],[76.8418,11.6622],[76.8337,11.6491],[76.8346,11.6398],[76.8455,11.6323],[76.851,11.616],[76.8581,11.6141],[76.8564,11.5994],[76.8397,11.597],[76.8228,11.6082],[76.7956,11.6088],[76.7915,11.6129],[76.7747,11.6125],[76.7569,11.6186],[76.7485,11.6142],[76.7027,11.616],[76.6845,11.6141],[76.6714,11.616],[76.6501,11.6136],[76.629,11.6137],[76.6136,11.6078],[76.5976,11.6108],[76.5896,11.6178],[76.5832,11.6139],[76.5696,11.6182],[76.5596,11.6253],[76.5612,11.6328],[76.5533,11.6486],[76.5494,11.6654],[76.5513,11.6724],[76.5388,11.6896],[76.5116,11.7051],[76.475,11.6818],[76.4566,11.6646],[76.4434,11.6637],[76.4313,11.6665],[76.4434,11.6437],[76.4271,11.6335],[76.4066,11.6343],[76.3881,11.6297],[76.3833,11.6241],[76.3839,11.6121],[76.378,11.602],[76.3671,11.5984],[76.3546,11.5894],[76.3404,11.5873],[76.3359,11.5958],[76.3223,11.5872],[76.3159,11.5767],[76.3024,11.5713],[76.296,11.5902],[76.2861,11.5903],[76.279,11.6009],[76.2334,11.5679],[76.2501,11.5358],[76.2502,11.527],[76.2407,11.526],[76.2514,11.5024],[76.2472,11.468],[76.2647,11.4813],[76.2735,11.4771],[76.2844,11.483],[76.2946,11.4742],[76.2948,11.4658],[76.3051,11.4679],[76.326,11.4541],[76.3422,11.4677],[76.3687,11.4563],[76.3979,11.4364],[76.4187,11.4419],[76.4156,11.4233],[76.4604,11.3889],[76.4752,11.3836],[76.5177,11.3716],[76.5151,11.3598],[76.5082,11.3542],[76.5478,11.359],[76.5499,11.3311],[76.5373,11.3141],[76.5422,11.2967],[76.5268,11.2886],[76.5217,11.2707],[76.4871,11.2584],[76.4663,11.2452],[76.4531,11.2395],[76.4489,11.2056],[76.4584,11.1878],[76.4734,11.195],[76.4723,11.2088],[76.499,11.2114],[76.5094,11.2083],[76.5157,11.1946],[76.5338,11.1857],[76.6008,11.1976],[76.6155,11.1924],[76.6289,11.1943],[76.6524,11.2098],[76.6783,11.2218],[76.684,11.2336],[76.6982,11.2396],[76.707,11.2383],[76.7355,11.2157],[76.7269,11.2075],[76.7302,11.1937],[76.7228,11.1872],[76.7143,11.1877],[76.698,11.1742],[76.695,11.1668],[76.7057,11.1418],[76.712,11.1509],[76.7189,11.1495],[76.7253,11.1369],[76.7481,11.1348],[76.7486,11.1129],[76.7434,11.1026],[76.7511,11.0937],[76.7546,11.0791],[76.7438,11.0731],[76.7465,11.0568],[76.761,11.0521],[76.7689,11.0435],[76.7818,11.0424],[76.7666,11.0292],[76.7418,11.0382],[76.7158,11.0405],[76.6997,11.0267],[76.6891,11.0086],[76.6859,10.9892],[76.6667,10.9682],[76.6647,10.9436],[76.6558,10.9391],[76.6591,10.9306],[76.6767,10.9181],[76.6952,10.9103],[76.708,10.9102],[76.7392,10.8946],[76.7606,10.8944],[76.768,10.8878],[76.7798,10.8913],[76.7919,10.8818],[76.8115,10.8786],[76.8308,10.8707],[76.832,10.8609],[76.8485,10.8501],[76.854,10.8353],[76.8451,10.8261],[76.8482,10.8195],[76.864,10.818],[76.8701,10.809],[76.8891,10.8103],[76.901,10.8079],[76.9073,10.7834],[76.9039,10.7627],[76.8966,10.7532],[76.896,10.7448],[76.8896,10.736],[76.8912,10.7165],[76.8822,10.7168],[76.8715,10.6988],[76.8661,10.6841],[76.8778,10.6679],[76.8841,10.648],[76.8821,10.639],[76.8676,10.6327],[76.8394,10.6336],[76.8309,10.6369],[76.8143,10.635],[76.8117,10.6196],[76.8185,10.6106],[76.8175,10.6027],[76.8269,10.5961],[76.8387,10.5959],[76.838,10.5815],[76.834,10.574],[76.8395,10.5646],[76.8356,10.5574],[76.8353,10.5446],[76.8418,10.5347],[76.8303,10.4973],[76.828,10.4497],[76.816,10.423],[76.8302,10.4108],[76.8337,10.4028],[76.8233,10.3946],[76.8441,10.3745],[76.8486,10.3674],[76.8459,10.3568],[76.836,10.3454],[76.8374,10.3365],[76.8299,10.3032],[76.8382,10.3008],[76.8475,10.287],[76.8701,10.2981],[76.8744,10.293],[76.873,10.2763],[76.8967,10.2621],[76.9044,10.2429],[76.9104,10.2351],[76.9219,10.2316],[76.9396,10.2382],[76.9707,10.229],[76.9841,10.2223],[76.9985,10.2296],[77.0054,10.239],[77.0266,10.2506],[77.0396,10.2529],[77.0516,10.2638],[77.0528,10.2723],[77.0436,10.2841],[77.056,10.2873],[77.066,10.2982],[77.0785,10.3029],[77.092,10.3131],[77.1202,10.318],[77.1284,10.3263],[77.1512,10.3382],[77.1613,10.3486],[77.176,10.3586],[77.1954,10.3547],[77.2353,10.3529],[77.2354,10.3391],[77.2288,10.3311],[77.2278,10.3154],[77.2348,10.309],[77.2391,10.2957],[77.2636,10.2639],[77.2573,10.2595],[77.2591,10.2305],[77.2646,10.2351],[77.2804,10.2355],[77.2882,10.2323],[77.2953,10.2185],[77.2846,10.2088],[77.2835,10.1977],[77.2778,10.1934],[77.2721,10.166],[77.2749,10.1313],[77.2657,10.1223],[77.2525,10.1254],[77.2443,10.1317],[77.2177,10.1186],[77.2075,10.1191],[77.2012,10.1072],[77.204,10.0885],[77.2185,10.0794],[77.223,10.0707],[77.2316,10.0669],[77.2358,10.0585],[77.2509,10.0458],[77.2616,10.0336],[77.2638,10.0255],[77.2554,10.0112],[77.2649,10.0043],[77.2607,9.9959],[77.2726,9.9764],[77.2728,9.9643],[77.2606,9.9525],[77.2529,9.9536],[77.2382,9.9376],[77.2318,9.9247],[77.2299,9.9127],[77.2183,9.9049],[77.2208,9.8851],[77.2154,9.878],[77.2197,9.8653],[77.2364,9.8602],[77.2373,9.852],[77.223,9.8455],[77.2276,9.8387],[77.2239,9.8293],[77.2269,9.822],[77.2403,9.8171],[77.2469,9.8086],[77.2468,9.7985],[77.2361,9.7906],[77.2228,9.7884],[77.2242,9.779],[77.2318,9.77],[77.2202,9.7451],[77.2234,9.7301],[77.2049,9.724],[77.2019,9.704],[77.2066,9.6945],[77.1945,9.6742],[77.1797,9.6563],[77.1792,9.6449],[77.174,9.6374],[77.1762,9.6296],[77.1682,9.6221],[77.1677,9.6151],[77.1886,9.6062],[77.2036,9.6145],[77.2098,9.6051],[77.2221,9.5978],[77.2225,9.5929],[77.2342,9.5816],[77.2427,9.5853],[77.253,9.5831],[77.2696,9.5729],[77.2903,9.5849],[77.3037,9.5988],[77.3223,9.5984],[77.3253,9.5801],[77.3394,9.5734],[77.3545,9.6042],[77.3559,9.5883],[77.3599,9.5786],[77.3502,9.5672],[77.3528,9.5597],[77.3615,9.5579],[77.3657,9.551],[77.3655,9.5351],[77.3851,9.5193],[77.3972,9.5242],[77.4003,9.518],[77.4123,9.5091],[77.3991,9.4962],[77.3981,9.4714],[77.3915,9.4689],[77.3925,9.4595],[77.3771,9.4529],[77.3659,9.4602],[77.3495,9.4414],[77.3438,9.4233],[77.3364,9.4124],[77.3436,9.401],[77.3346,9.3789],[77.338,9.3687],[77.3252,9.3446],[77.3252,9.3372],[77.3155,9.335],[77.3,9.3368],[77.3026,9.3191],[77.2995,9.311],[77.2888,9.302],[77.2831,9.2925],[77.2878,9.282],[77.2833,9.2729],[77.2825,9.2561],[77.2753,9.2348],[77.281,9.2165],[77.2707,9.2009],[77.2567,9.1967],[77.2525,9.1895],[77.2643,9.1862],[77.2682,9.1753],[77.2658,9.1649],[77.2678,9.1534],[77.2534,9.1396],[77.2469,9.1239],[77.231,9.1168],[77.2187,9.1009],[77.2121,9.0999],[77.2056,9.0839],[77.209,9.0752],[77.2053,9.0658],[77.1967,9.0566],[77.1925,9.0436],[77.1828,9.0468],[77.167,9.0449],[77.1609,9.0292],[77.1537,9.0221],[77.1493,9.0097],[77.1616,8.9952],[77.1733,8.9916],[77.1781,8.9692],[77.1855,8.9703],[77.1969,8.9518],[77.197,8.9366],[77.1924,8.9285],[77.201,8.9247],[77.2104,8.932],[77.2238,8.9243],[77.2182,8.9167],[77.2211,8.9041],[77.2385,8.8979],[77.2376,8.8858],[77.2449,8.8802],[77.2567,8.8782],[77.264,8.8421],[77.2471,8.8237],[77.2423,8.8094],[77.232,8.8072],[77.2297,8.7847],[77.2144,8.775],[77.2184,8.7689],[77.2001,8.7628],[77.1969,8.7496],[77.191,8.7416],[77.17,8.7419],[77.179,8.7307],[77.1777,8.724],[77.1848,8.7135],[77.1949,8.7079],[77.2072,8.6809],[77.2009,8.669],[77.2082,8.6638],[77.2142,8.6493],[77.2321,8.6357],[77.2346,8.627],[77.2514,8.6203],[77.252,8.6084],[77.2569,8.591],[77.2669,8.584],[77.2742,8.5598],[77.2838,8.5469],[77.2751,8.5386],[77.2621,8.5067],[77.2512,8.5055],[77.2387,8.496],[77.231,8.5069],[77.2135,8.512],[77.2011,8.4977],[77.2104,8.4919],[77.213,8.4704],[77.2252,8.4596],[77.227,8.4467],[77.2065,8.4443],[77.196,8.4289],[77.1969,8.4196],[77.1826,8.4049],[77.1817,8.3961],[77.167,8.3839],[77.1606,8.3894],[77.1597,8.368],[77.1691,8.3633],[77.1751,8.35],[77.1666,8.343],[77.1685,8.3326],[77.1585,8.3277],[77.1394,8.3284],[77.1291,8.3215],[77.1186,8.3203],[77.1134,8.3041],[77.1026,8.3059],[77.0978,8.2925],[77.1524,8.2517],[77.1729,8.2336],[77.1834,8.2198],[77.222,8.1971],[77.2336,8.1816],[77.249,8.1711],[77.2563,8.1717],[77.2753,8.1627],[77.2987,8.1465],[77.3037,8.1316],[77.3153,8.1222],[77.3314,8.1274],[77.357,8.1224],[77.3685,8.1165],[77.4052,8.1051],[77.4474,8.0945],[77.508,8.0833],[77.5262,8.0812],[77.5309,8.0767],[77.5559,8.0766],[77.5614,8.0881],[77.5709,8.0926],[77.5659,8.1015],[77.5666,8.1184],[77.5836,8.1379],[77.6043,8.1458],[77.6213,8.1455],[77.6373,8.1533],[77.6823,8.1595],[77.733,8.1639],[77.758,8.1453],[77.7739,8.1562],[77.7937,8.1623],[77.8053,8.1791],[77.8029,8.1901],[77.8045,8.203],[77.8326,8.2291],[77.8411,8.2517],[77.8687,8.2609],[77.8909,8.2705],[77.9147,8.2918],[77.9491,8.3116],[77.9704,8.3346],[77.9915,8.3501],[78.0278,8.3636],[78.0652,8.3729],[78.0579,8.3786],[78.057,8.3894],[78.0637,8.4124],[78.0969,8.4498],[78.1253,8.4741],[78.13,8.4851],[78.1433,8.5017],[78.1357,8.537],[78.1306,8.5479],[78.1404,8.576],[78.1447,8.598],[78.135,8.6162],[78.1344,8.6234],[78.1391,8.662],[78.1385,8.6802],[78.1518,8.6972],[78.1636,8.7239],[78.1954,8.7516],[78.2008,8.7654],[78.2027,8.7913],[78.1978,8.7912],[78.1994,8.7677],[78.1907,8.7685],[78.1694,8.7756],[78.163,8.7844],[78.1608,8.8052],[78.1706,8.8296],[78.167,8.8412],[78.1706,8.8613],[78.1721,8.8838],[78.1823,8.8911],[78.1813,8.9005],[78.1886,8.9198],[78.1987,8.9388],[78.2103,8.9543],[78.228,8.9741],[78.2925,9.0197],[78.3236,9.0445],[78.3458,9.0604],[78.3737,9.0856],[78.401,9.1062],[78.4151,9.1141],[78.4554,9.125],[78.4899,9.1289],[78.5168,9.1356],[78.536,9.1376],[78.5629,9.1355],[78.5748,9.1304],[78.6015,9.1459],[78.6335,9.1546],[78.65,9.1613],[78.6426,9.1706],[78.6443,9.1802],[78.6649,9.1938],[78.6854,9.1953],[78.7146,9.1889],[78.7178,9.2013],[78.7274,9.2093],[78.7566,9.2164],[78.7793,9.2268],[78.7931,9.2288],[78.8065,9.2365],[78.8157,9.237],[78.8326,9.2457],[78.8564,9.2487],[78.857,9.2537],[78.8758,9.2573],[78.9045,9.2493],[78.9259,9.2671],[78.9541,9.2729],[78.9807,9.2745],[79.0149,9.2697],[79.0643,9.2604],[79.0909,9.2602],[79.1295,9.27],[79.1467,9.2693],[79.1528,9.276],[79.1904,9.2817],[79.2046,9.2777],[79.2094,9.269],[79.2239,9.2581],[79.2565,9.2589],[79.2726,9.2555],[79.2999,9.2458],[79.3467,9.2203],[79.3917,9.1898],[79.4158,9.1765],[79.4074,9.191],[79.375,9.2146],[79.3277,9.2584],[79.3138,9.2793],[79.3274,9.2943],[79.3352,9.3087],[79.3302,9.3197],[79.3115,9.3278],[79.2946,9.3212],[79.2789,9.3105],[79.2718,9.297],[79.265,9.2923],[79.2219,9.2913],[79.2127,9.2833],[79.1613,9.2839],[79.1445,9.291],[79.1305,9.2881],[79.1063,9.2907],[79.0665,9.298],[79.0389,9.3148],[79.0163,9.331],[78.9779,9.3645],[78.9336,9.412],[78.9168,9.4375],[78.9027,9.4635],[78.898,9.4817],[78.899,9.4912],[78.9144,9.493],[78.9133,9.5056],[78.9198,9.5254],[78.9191,9.542],[78.9227,9.566],[78.9307,9.5959],[78.9463,9.6191],[78.9549,9.6239],[78.9712,9.6573],[78.9702,9.664],[78.9803,9.6896],[78.9943,9.7093],[79.0078,9.7248],[79.0344,9.7594],[79.0411,9.7663],[79.059,9.773],[79.0611,9.781],[79.0789,9.8015],[79.0826,9.8156],[79.0966,9.8328],[79.1189,9.8524],[79.1233,9.8641],[79.1192,9.8772],[79.1258,9.8909],[79.1515,9.9161],[79.1527,9.9283],[79.1744,9.9511],[79.1984,9.9734],[79.2016,9.9801],[79.2187,10.0005],[79.2443,10.0273],[79.266,10.0393],[79.2518,10.0511],[79.252,10.0657],[79.246,10.0738],[79.2382,10.075],[79.2285,10.0903],[79.2259,10.1015],[79.2314,10.1244],[79.2276,10.1338],[79.2287,10.1493],[79.2397,10.1605],[79.2381,10.1698],[79.2464,10.1877],[79.2649,10.1974],[79.2786,10.2155],[79.2779,10.2221],[79.2669,10.229],[79.2726,10.2391],[79.3003,10.265],[79.3092,10.2682],[79.3193,10.2779],[79.3366,10.2873],[79.3538,10.2894],[79.3666,10.294],[79.3695,10.3029],[79.3811,10.3164],[79.3902,10.3174],[79.4839,10.3155],[79.5166,10.3134],[79.5326,10.3067],[79.5908,10.3014],[79.6363,10.2946],[79.6537,10.288],[79.6802,10.282],[79.7685,10.2719],[79.8236,10.2755],[79.8619,10.2831],[79.8764,10.2954],[79.8814,10.3058],[79.8822,10.3232],[79.8764,10.3432],[79.8699,10.3745],[79.8671,10.4016],[79.8662,10.4435],[79.862,10.488],[79.8623,10.4967],[79.8587,10.5446],[79.8585,10.5677],[79.8546,10.6038],[79.8534,10.6359],[79.8537,10.706],[79.8509,10.7533],[79.8517,10.7993],[79.8507,10.8278],[79.8413,10.828],[79.831,10.8274],[79.828,10.8497],[79.821,10.8456],[79.8079,10.8557],[79.8248,10.8649],[79.824,10.8842],[79.8118,10.8884],[79.7899,10.8904],[79.7924,10.8985],[79.7892,10.9085],[79.7766,10.9055],[79.7769,10.8966],[79.7583,10.8928],[79.7581,10.9092],[79.7448,10.9161],[79.7429,10.9243],[79.7248,10.929],[79.7246,10.9398],[79.7313,10.9475],[79.7212,10.9514],[79.7209,10.9692],[79.7349,10.9694],[79.7446,10.9662],[79.745,10.9566],[79.7592,10.9607],[79.7595,10.972],[79.7536,10.977],[79.7467,11.0026],[79.7788,10.997],[79.7938,10.9831],[79.8029,10.9885],[79.8049,10.9985],[79.8402,11.0021],[79.8512,10.9943],[79.8544,10.9833],[79.8556,11.0427],[79.8579,11.0992],[79.8584,11.1293],[79.8562,11.1761],[79.8484,11.2362],[79.8446,11.2515],[79.8365,11.2999],[79.8346,11.3218],[79.8363,11.3338],[79.8431,11.3512],[79.8323,11.3606],[79.8234,11.3787],[79.8188,11.3943],[79.8114,11.4322],[79.8034,11.4541],[79.7932,11.471],[79.779,11.4992],[79.7784,11.5069],[79.7661,11.5216],[79.7607,11.5376],[79.7572,11.5575],[79.7578,11.5967],[79.761,11.6238],[79.7719,11.6788],[79.7787,11.702],[79.7884,11.7424],[79.7958,11.7855],[79.7844,11.7874],[79.7804,11.7812],[79.7702,11.7835],[79.7619,11.7908],[79.7559,11.7754],[79.7397,11.781],[79.7198,11.785],[79.7123,11.7916],[79.7228,11.7965],[79.7245,11.8105],[79.7357,11.8094],[79.7316,11.8256],[79.7369,11.8423],[79.7486,11.8407],[79.7644,11.8338],[79.7649,11.8242],[79.773,11.8227],[79.7783,11.8318],[79.7983,11.8276],[79.807,11.8336],[79.8077,11.8364],[79.8081,11.8453],[79.8006,11.8553],[79.7815,11.8557],[79.7735,11.8366],[79.764,11.8473],[79.7708,11.8622],[79.77,11.8747],[79.7574,11.8761],[79.7537,11.8642],[79.7539,11.8502],[79.7431,11.8485],[79.7403,11.8644],[79.7134,11.8607],[79.7082,11.8691],[79.71,11.8892],[79.687,11.8865],[79.685,11.881],[79.674,11.8807],[79.6738,11.8916],[79.6954,11.8948],[79.6962,11.9192],[79.7066,11.9135],[79.7053,11.8939],[79.7117,11.8908],[79.7289,11.8903],[79.7307,11.902],[79.7406,11.9055],[79.7261,11.9225],[79.7175,11.929],[79.7208,11.9449],[79.7096,11.9498],[79.7081,11.9407],[79.6972,11.9418],[79.6916,11.9514],[79.7109,11.9746],[79.7206,11.9927],[79.7334,11.9933],[79.7476,12.0078],[79.7623,12.0027],[79.7604,11.9892],[79.7481,11.9848],[79.7428,11.9778],[79.7264,11.9858],[79.7245,11.9713],[79.7445,11.965],[79.7486,11.944],[79.7493,11.9222],[79.7562,11.9204],[79.7609,11.9307],[79.7599,11.9436],[79.7715,11.9439],[79.7847,11.9599],[79.8033,11.9532],[79.8098,11.9753],[79.8184,11.9779],[79.8248,11.9616],[79.8406,11.9558],[79.8469,11.9785],[79.8571,12.0068],[79.8405,12.0133],[79.8434,12.0341],[79.8498,12.0518],[79.8738,12.0426]],[[79.6928,12.0353],[79.7048,12.032],[79.7028,12.0111],[79.7184,11.9952],[79.6935,11.9899],[79.6854,11.9916],[79.6808,11.9833],[79.6721,11.9948],[79.6573,11.9913],[79.6614,12.0123],[79.6722,12.0097],[79.6765,12.0216],[79.6842,12.0217],[79.6928,12.0353]],[[79.7983,12.017],[79.7883,12.0192],[79.7893,12.0277],[79.8051,12.0247],[79.7983,12.017]],[[79.6384,11.9863],[79.6364,11.9778],[79.6483,11.9673],[79.6473,11.9534],[79.6693,11.9375],[79.6689,11.9184],[79.6559,11.9079],[79.6411,11.9077],[79.6406,11.9022],[79.6253,11.903],[79.6284,11.9191],[79.6184,11.9261],[79.6189,11.9432],[79.6285,11.9452],[79.6275,11.9681],[79.6236,11.9893],[79.6262,12.0004],[79.6189,12.0013],[79.621,12.0143],[79.6292,12.0187],[79.6279,12.0318],[79.644,12.0276],[79.6485,12.0195],[79.646,12.0057],[79.6384,11.9863]],[[79.6865,11.9732],[79.6835,11.9544],[79.6765,11.9485],[79.6545,11.9537],[79.66,11.9584],[79.6622,11.9691],[79.6726,11.9677],[79.6865,11.9732]],[[79.6175,11.8839],[79.6212,11.8906],[79.6411,11.8866],[79.6484,11.8803],[79.6485,11.8705],[79.6627,11.8673],[79.6568,11.8521],[79.6471,11.8502],[79.6264,11.8548],[79.6285,11.8698],[79.6197,11.8686],[79.602,11.8578],[79.6031,11.8686],[79.6175,11.8839]],[[79.6473,11.8442],[79.6617,11.8393],[79.6594,11.8298],[79.6713,11.8236],[79.6712,11.8149],[79.6634,11.813],[79.6463,11.8163],[79.6432,11.8261],[79.6473,11.8442]],[[79.6793,11.8146],[79.6881,11.8122],[79.6896,11.8021],[79.6746,11.8036],[79.6793,11.8146]]]]},"properties":{"ST_NM":"Tamil Nadu"}},
{"type":"Feature","geometry":{"type":"MultiPolygon","coordinates":[[[[79.3654,25.1711],[79.3722,25.1794],[79.36,25.1884],[79.3545,25.1759],[79.3654,25.1711]]],[[[79.396,25.0322],[79.4092,25.0338],[79.4239,25.045],[79.4259,25.0586],[79.4074,25.0648],[79.4054,25.0758],[79.3894,25.0918],[79.3813,25.1071],[79.3809,25.1224],[79.3646,25.1281],[79.3732,25.1402],[79.3603,25.1443],[79.3522,25.1199],[79.3619,25.1062],[79.3739,25.1041],[79.3738,25.0918],[79.3781,25.0838],[79.379,25.0644],[79.3638,25.0596],[79.3561,25.0405],[79.3738,25.0453],[79.3942,25.0357],[79.396,25.0322]]],[[[80.0651,28.8367],[80.0592,28.8169],[80.0681,28.8029],[80.0523,28.7783],[80.0301,28.7487],[79.9544,28.7229],[79.9438,28.7343],[79.9465,28.7424],[79.9388,28.7504],[79.9432,28.76],[79.9326,28.7628],[79.9246,28.7751],[79.9398,28.7878],[79.9265,28.7901],[79.9065,28.782],[79.8843,28.7901],[79.8741,28.7963],[79.8701,28.8058],[79.8785,28.8149],[79.9056,28.8031],[79.914,28.8178],[79.8941,28.8205],[79.8939,28.8315],[79.8881,28.8367],[79.8735,28.8323],[79.8632,28.8381],[79.8541,28.8242],[79.8523,28.8156],[79.8385,28.7977],[79.8269,28.795],[79.8077,28.8065],[79.8178,28.8163],[79.8243,28.8073],[79.8369,28.8318],[79.838,28.8484],[79.8453,28.8512],[79.8492,28.8606],[79.8461,28.8732],[79.829,28.8769],[79.8277,28.8845],[79.8147,28.8838],[79.7998,28.8875],[79.7886,28.8728],[79.7668,28.875],[79.7491,28.8718],[79.7457,28.86],[79.7365,28.8563],[79.7264,28.861],[79.7188,28.8484],[79.7096,28.8512],[79.7067,28.8411],[79.6825,28.8507],[79.6657,28.8656],[79.6561,28.8698],[79.6449,28.8635],[79.636,28.8669],[79.6206,28.8635],[79.6133,28.8529],[79.6039,28.8569],[79.5844,28.8463],[79.5757,28.8505],[79.5843,28.8792],[79.577,28.889],[79.5565,28.8993],[79.533,28.8698],[79.5215,28.8648],[79.4973,28.8729],[79.4819,28.8718],[79.4772,28.8646],[79.4501,28.8711],[79.4392,28.8621],[79.4256,28.8665],[79.4303,28.8898],[79.4225,28.8995],[79.4276,28.9128],[79.4253,28.923],[79.4162,28.9276],[79.4158,28.9439],[79.408,28.952],[79.3906,28.9474],[79.3771,28.9714],[79.372,28.9858],[79.3621,28.9815],[79.3563,28.9678],[79.3372,28.9722],[79.3106,28.9738],[79.3068,28.9667],[79.2607,28.9914],[79.2478,29.0034],[79.2449,29.0101],[79.222,29.0195],[79.2117,29.0276],[79.2045,29.021],[79.1937,29.0202],[79.1782,29.0135],[79.1665,29.0178],[79.1622,29.0254],[79.1719,29.0452],[79.1489,29.0583],[79.1425,29.067],[79.1434,29.0868],[79.1529,29.1141],[79.1502,29.1187],[79.1265,29.1329],[79.1193,29.1259],[79.1014,29.1342],[79.0906,29.1434],[79.0749,29.1517],[79.0505,29.157],[79.0394,29.1686],[79.0292,29.1652],[79.0359,29.1531],[79.0208,29.1441],[79.0155,29.1355],[79.0405,29.1279],[79.0346,29.1178],[79.0248,29.1125],[79.0174,29.1162],[79.0077,29.1133],[79.0044,29.1255],[78.9913,29.1307],[78.9898,29.1396],[78.9823,29.1431],[78.9642,29.1306],[78.9565,29.12],[78.9346,29.1297],[78.9269,29.1181],[78.9067,29.127],[78.9187,29.1355],[78.9115,29.1436],[78.9156,29.1503],[78.9086,29.1643],[78.9017,29.1696],[78.9087,29.1773],[78.8984,29.1826],[78.8996,29.1886],[78.8866,29.1953],[78.8906,29.2012],[78.8733,29.2237],[78.8585,29.2334],[78.8419,29.2349],[78.8382,29.2411],[78.82,29.2321],[78.809,29.236],[78.7899,29.2477],[78.7702,29.2671],[78.765,29.2794],[78.7361,29.2968],[78.7313,29.3136],[78.7349,29.3217],[78.7497,29.3173],[78.7543,29.3315],[78.7669,29.3366],[78.7772,29.3259],[78.7954,29.3251],[78.8013,29.3356],[78.8099,29.3395],[78.8221,29.3592],[78.8402,29.346],[78.849,29.3444],[78.8511,29.3556],[78.8717,29.3623],[78.8873,29.3731],[78.8922,29.381],[78.9122,29.3943],[78.9255,29.4256],[78.9253,29.4339],[78.9002,29.4415],[78.8809,29.4434],[78.8384,29.4577],[78.8227,29.4598],[78.8112,29.4657],[78.7997,29.4646],[78.7791,29.4762],[78.7464,29.5002],[78.7207,29.5022],[78.7109,29.5005],[78.7004,29.5058],[78.667,29.5339],[78.6505,29.5461],[78.6385,29.5467],[78.6177,29.5581],[78.5844,29.5838],[78.5651,29.6011],[78.5416,29.6263],[78.5215,29.6579],[78.5208,29.6979],[78.5165,29.7195],[78.5068,29.7295],[78.4885,29.7382],[78.4737,29.7399],[78.4451,29.7504],[78.4274,29.7646],[78.4091,29.7634],[78.3927,29.7675],[78.3773,29.7744],[78.3357,29.7967],[78.3179,29.7829],[78.3036,29.7748],[78.2927,29.7591],[78.2861,29.762],[78.2787,29.7537],[78.2623,29.7437],[78.2602,29.7387],[78.2459,29.7346],[78.2407,29.7414],[78.2282,29.7369],[78.2216,29.7407],[78.2039,29.7373],[78.202,29.7145],[78.196,29.6927],[78.1805,29.6969],[78.1376,29.6636],[78.1305,29.6526],[78.1171,29.6491],[78.1031,29.641],[78.0815,29.6352],[78.0842,29.6246],[78.0671,29.6307],[78.0575,29.6307],[78.0528,29.6189],[78.0343,29.6104],[78.0183,29.5983],[78.0152,29.5873],[78.0008,29.5863],[77.9962,29.5915],[77.9827,29.5836],[77.9675,29.5801],[77.9403,29.5928],[77.9333,29.6006],[77.9484,29.617],[77.9669,29.6115],[77.976,29.6174],[77.9774,29.6313],[77.9826,29.6406],[77.9664,29.6502],[77.9691,29.6675],[77.9476,29.6821],[77.9506,29.6873],[77.9399,29.6961],[77.951,29.7016],[77.9455,29.7131],[77.9264,29.7143],[77.9113,29.6958],[77.9021,29.7012],[77.879,29.7003],[77.8747,29.6873],[77.8616,29.6869],[77.8386,29.6705],[77.83,29.6683],[77.799,29.6862],[77.8105,29.7024],[77.7918,29.71],[77.7787,29.7107],[77.7697,29.7177],[77.7827,29.7363],[77.7695,29.7454],[77.7803,29.7651],[77.7724,29.7801],[77.7746,29.7889],[77.7564,29.8065],[77.7589,29.8186],[77.7557,29.8254],[77.7418,29.8334],[77.7415,29.8521],[77.7235,29.8556],[77.7148,29.8706],[77.7173,29.8875],[77.7317,29.8931],[77.7282,29.8988],[77.7472,29.9101],[77.7439,29.9232],[77.7305,29.9317],[77.7453,29.9445],[77.7484,29.9517],[77.7337,29.9553],[77.7441,29.9837],[77.7604,29.9952],[77.7616,30.0087],[77.782,30.0187],[77.7855,30.0279],[77.77,30.0426],[77.7748,30.0553],[77.7958,30.0799],[77.8012,30.0955],[77.8217,30.0857],[77.828,30.086],[77.8385,30.1027],[77.8532,30.107],[77.8661,30.1192],[77.8801,30.1464],[77.9022,30.1743],[77.912,30.1826],[77.9189,30.2113],[77.9331,30.2156],[77.9472,30.2343],[77.937,30.2492],[77.9166,30.255],[77.8865,30.2671],[77.879,30.2621],[77.8587,30.2715],[77.8463,30.2721],[77.7932,30.2979],[77.7846,30.3054],[77.7658,30.3142],[77.7208,30.3309],[77.6947,30.3658],[77.6896,30.3769],[77.679,30.3752],[77.6765,30.3878],[77.6614,30.39],[77.6472,30.4048],[77.6359,30.3991],[77.6185,30.4024],[77.605,30.4018],[77.5958,30.4062],[77.5854,30.405],[77.576,30.3974],[77.5856,30.3796],[77.5906,30.3735],[77.6035,30.3692],[77.6008,30.3607],[77.5919,30.355],[77.5862,30.3402],[77.5783,30.3299],[77.5868,30.3139],[77.5826,30.3063],[77.5703,30.3003],[77.5453,30.2808],[77.5382,30.2786],[77.5306,30.2526],[77.5205,30.2447],[77.501,30.2195],[77.5003,30.2143],[77.4833,30.1932],[77.4772,30.1824],[77.4688,30.1802],[77.4551,30.1627],[77.4495,30.1658],[77.4297,30.164],[77.4241,30.1571],[77.4183,30.135],[77.4235,30.1309],[77.4093,30.1051],[77.4226,30.1035],[77.4058,30.0894],[77.3883,30.0879],[77.3825,30.0925],[77.3695,30.0851],[77.3645,30.078],[77.3482,30.0698],[77.3343,30.0538],[77.3189,30.0566],[77.2969,30.0534],[77.2764,30.0376],[77.2823,30.0295],[77.2764,29.9967],[77.2611,29.9821],[77.2469,29.9767],[77.2438,29.9594],[77.2367,29.9553],[77.2283,29.9379],[77.218,29.924],[77.1858,29.9076],[77.1863,29.8982],[77.2001,29.8895],[77.2021,29.8705],[77.1967,29.8583],[77.1832,29.8546],[77.1776,29.8418],[77.1792,29.8127],[77.1725,29.8078],[77.168,29.7957],[77.1514,29.7882],[77.1466,29.7719],[77.1253,29.7695],[77.1202,29.755],[77.1363,29.7433],[77.1393,29.7327],[77.1342,29.7185],[77.145,29.7137],[77.1559,29.6983],[77.1468,29.6827],[77.1465,29.6723],[77.1385,29.6671],[77.141,29.655],[77.1315,29.6419],[77.1062,29.6324],[77.1018,29.6186],[77.113,29.6097],[77.1064,29.5953],[77.0867,29.5935],[77.0839,29.5873],[77.0958,29.5825],[77.105,29.5722],[77.121,29.5665],[77.1271,29.5577],[77.1185,29.5504],[77.1083,29.5479],[77.0975,29.5274],[77.0964,29.5195],[77.1036,29.5073],[77.113,29.5066],[77.1334,29.4827],[77.123,29.4697],[77.1232,29.4554],[77.1458,29.4441],[77.1484,29.4341],[77.1443,29.4266],[77.1331,29.4188],[77.1366,29.3968],[77.1543,29.3844],[77.1398,29.3765],[77.1284,29.376],[77.1233,29.3704],[77.1289,29.3571],[77.1258,29.3506],[77.1347,29.34],[77.1488,29.3415],[77.1611,29.3324],[77.1565,29.3193],[77.1583,29.3029],[77.1527,29.2982],[77.1388,29.2663],[77.1494,29.25],[77.15,29.2328],[77.1325,29.2225],[77.1319,29.2139],[77.1422,29.2041],[77.1402,29.1922],[77.1473,29.1796],[77.1429,29.1563],[77.1359,29.142],[77.1478,29.1328],[77.149,29.1169],[77.1363,29.103],[77.1341,29.0952],[77.1434,29.0827],[77.1651,29.0766],[77.1687,29.0522],[77.172,29.0468],[77.1682,29.0329],[77.188,29.0299],[77.1931,29.0132],[77.194,28.9978],[77.2023,28.9872],[77.2001,28.9713],[77.1928,28.9589],[77.1967,28.9377],[77.2134,28.9332],[77.2329,28.9187],[77.2323,28.8976],[77.2276,28.894],[77.2281,28.8812],[77.2205,28.8788],[77.213,28.8866],[77.1982,28.8875],[77.1893,28.8809],[77.1907,28.8665],[77.2098,28.8579],[77.2173,28.8514],[77.2166,28.8415],[77.2243,28.8261],[77.2189,28.8083],[77.2015,28.8124],[77.1994,28.7981],[77.2219,28.7774],[77.2359,28.7708],[77.2355,28.7609],[77.2592,28.75],[77.2556,28.7389],[77.2608,28.7342],[77.2764,28.7355],[77.2908,28.7224],[77.2862,28.7146],[77.2915,28.7062],[77.3048,28.7129],[77.326,28.7099],[77.3233,28.6986],[77.3329,28.682],[77.3239,28.6772],[77.3199,28.6511],[77.3163,28.6412],[77.3426,28.622],[77.3417,28.6061],[77.3368,28.6018],[77.3134,28.5966],[77.3013,28.5819],[77.2971,28.566],[77.3044,28.5519],[77.3209,28.5409],[77.334,28.5254],[77.3466,28.521],[77.3454,28.5133],[77.3516,28.5001],[77.3717,28.4985],[77.3701,28.4857],[77.3747,28.4765],[77.3863,28.468],[77.392,28.472],[77.4058,28.4658],[77.4001,28.4557],[77.4139,28.4525],[77.4334,28.4549],[77.4383,28.4387],[77.4364,28.431],[77.4516,28.4248],[77.462,28.424],[77.4635,28.4152],[77.4776,28.4191],[77.4838,28.4091],[77.4799,28.3985],[77.4828,28.3878],[77.4912,28.3852],[77.5052,28.3627],[77.4963,28.3492],[77.4725,28.3367],[77.4717,28.3281],[77.4819,28.3251],[77.5062,28.3041],[77.5017,28.2839],[77.4908,28.2713],[77.4927,28.252],[77.5095,28.2495],[77.5188,28.2425],[77.5374,28.2483],[77.5476,28.2467],[77.5468,28.238],[77.5258,28.229],[77.5225,28.2195],[77.5352,28.2103],[77.5326,28.2008],[77.5243,28.1959],[77.516,28.2055],[77.5037,28.21],[77.4973,28.206],[77.4985,28.1846],[77.5033,28.1808],[77.5156,28.1929],[77.5306,28.1859],[77.5452,28.1909],[77.5486,28.176],[77.5426,28.1687],[77.5223,28.1612],[77.5112,28.1669],[77.5021,28.1612],[77.505,28.1475],[77.493,28.1392],[77.4935,28.133],[77.5073,28.1311],[77.5124,28.1249],[77.5002,28.1129],[77.5005,28.097],[77.4902,28.1048],[77.4743,28.0875],[77.4782,28.0804],[77.5002,28.0625],[77.5013,28.0567],[77.4884,28.0367],[77.5101,28.0334],[77.5084,28.0228],[77.5213,28.0142],[77.5281,27.9979],[77.5424,27.9893],[77.5411,27.982],[77.5169,27.9712],[77.5188,27.9624],[77.5441,27.9624],[77.545,27.9536],[77.5366,27.9342],[77.5294,27.9255],[77.5166,27.9333],[77.5018,27.9254],[77.4922,27.9385],[77.4753,27.9293],[77.4795,27.8979],[77.4722,27.8836],[77.4505,27.8711],[77.4333,27.8873],[77.422,27.8908],[77.4104,27.8798],[77.4115,27.8668],[77.4223,27.8578],[77.4132,27.8517],[77.397,27.8534],[77.39,27.8573],[77.377,27.8571],[77.3609,27.8508],[77.3493,27.8557],[77.3351,27.8474],[77.3312,27.8311],[77.3207,27.8254],[77.3125,27.828],[77.2969,27.8254],[77.2988,27.8163],[77.2837,27.8011],[77.2858,27.7962],[77.3015,27.7949],[77.309,27.7859],[77.3116,27.774],[77.3078,27.7672],[77.308,27.7528],[77.3194,27.7335],[77.3028,27.7254],[77.3044,27.7099],[77.3224,27.7067],[77.3302,27.7091],[77.3412,27.7032],[77.341,27.6771],[77.3457,27.6734],[77.3448,27.6609],[77.3526,27.6512],[77.3462,27.6395],[77.3334,27.6272],[77.3171,27.6068],[77.3345,27.5913],[77.3441,27.5971],[77.3582,27.589],[77.3508,27.5835],[77.3441,27.5718],[77.3378,27.5714],[77.34,27.5266],[77.3557,27.5173],[77.374,27.5119],[77.3828,27.5157],[77.399,27.5002],[77.3988,27.4828],[77.4019,27.4768],[77.4187,27.4704],[77.4216,27.4619],[77.4337,27.46],[77.4387,27.4491],[77.4267,27.4451],[77.4211,27.422],[77.4381,27.4089],[77.4395,27.3907],[77.4705,27.3833],[77.4846,27.3835],[77.5072,27.3771],[77.5165,27.3623],[77.5334,27.3492],[77.5456,27.3496],[77.5483,27.3366],[77.5776,27.3277],[77.5838,27.3213],[77.5912,27.3305],[77.6125,27.3319],[77.6227,27.3362],[77.6226,27.3164],[77.6032,27.2923],[77.6168,27.2865],[77.6218,27.275],[77.6131,27.2652],[77.6212,27.2552],[77.6273,27.2595],[77.6528,27.2348],[77.6525,27.2261],[77.6451,27.2169],[77.6503,27.2081],[77.6656,27.209],[77.6811,27.1944],[77.6752,27.1845],[77.6584,27.1701],[77.6441,27.1655],[77.6218,27.1722],[77.61,27.1629],[77.6137,27.1506],[77.5975,27.1389],[77.6037,27.1238],[77.5978,27.118],[77.5812,27.1192],[77.5625,27.1102],[77.5503,27.1113],[77.5376,27.0983],[77.5204,27.1044],[77.5054,27.0923],[77.5226,27.0892],[77.5264,27.0782],[77.5193,27.0666],[77.5416,27.0626],[77.5497,27.0743],[77.5667,27.0732],[77.5772,27.0683],[77.5729,27.0488],[77.568,27.0473],[77.5632,27.0294],[77.5792,27.0382],[77.5968,27.0327],[77.6018,27.0225],[77.6235,27.022],[77.6341,27.0125],[77.6419,27.0256],[77.6656,27.0173],[77.6798,27.0471],[77.6934,27.0402],[77.6896,27.0267],[77.7054,27.0148],[77.7053,27.0038],[77.7114,26.9974],[77.7301,26.9939],[77.7293,27.0075],[77.7328,27.0235],[77.7377,27.0298],[77.7485,27.0309],[77.7495,27.0212],[77.7622,27.001],[77.7453,26.9845],[77.7288,26.9831],[77.7224,26.9878],[77.6995,26.9751],[77.6762,26.9732],[77.671,26.9606],[77.6609,26.9712],[77.6513,26.964],[77.6242,26.9505],[77.6021,26.9333],[77.5922,26.9403],[77.5832,26.9242],[77.5534,26.92],[77.4902,26.9005],[77.4683,26.8872],[77.4618,26.8765],[77.4374,26.8629],[77.4266,26.859],[77.4308,26.8488],[77.4221,26.8403],[77.3979,26.8304],[77.4082,26.8167],[77.4206,26.8106],[77.4283,26.7932],[77.4371,26.7843],[77.4313,26.7711],[77.4418,26.7686],[77.4544,26.778],[77.4669,26.7737],[77.4695,26.7658],[77.4562,26.7497],[77.4546,26.7419],[77.4864,26.7488],[77.5028,26.7693],[77.4889,26.779],[77.4875,26.7881],[77.5007,26.817],[77.5012,26.8444],[77.5078,26.8457],[77.5174,26.8364],[77.5174,26.8247],[77.5257,26.8189],[77.542,26.8224],[77.556,26.8177],[77.5745,26.8209],[77.578,26.8272],[77.5924,26.8279],[77.6008,26.8356],[77.6076,26.8278],[77.6182,26.832],[77.6204,26.8428],[77.6298,26.8415],[77.6747,26.8575],[77.6764,26.8685],[77.6866,26.8752],[77.7012,26.8677],[77.7061,26.8767],[77.7226,26.8743],[77.7279,26.8853],[77.7176,26.8973],[77.7324,26.9201],[77.7457,26.921],[77.7532,26.9169],[77.7606,26.9326],[77.7747,26.9322],[77.7982,26.916],[77.8102,26.9242],[77.8505,26.9127],[77.8576,26.9064],[77.8776,26.9024],[77.8851,26.8905],[77.9043,26.8833],[77.9088,26.9064],[77.9268,26.9098],[77.9406,26.9059],[77.9484,26.8936],[77.9678,26.9037],[77.9764,26.8922],[77.987,26.8893],[78.0022,26.9029],[78.0221,26.8993],[78.0272,26.884],[78.0245,26.8724],[78.0323,26.8652],[78.021,26.8575],[78.0308,26.8507],[78.05,26.8787],[78.0569,26.9068],[78.0717,26.9064],[78.096,26.8938],[78.0948,26.9038],[78.1124,26.9036],[78.1062,26.9145],[78.1052,26.9268],[78.1218,26.9226],[78.122,26.9354],[78.1118,26.9403],[78.1245,26.9493],[78.1445,26.9499],[78.1583,26.9435],[78.1687,26.9478],[78.1843,26.9406],[78.1916,26.9425],[78.2106,26.9313],[78.2206,26.9434],[78.2374,26.936],[78.2386,26.9266],[78.2573,26.9346],[78.2723,26.9192],[78.2591,26.8967],[78.2437,26.8887],[78.2371,26.889],[78.2326,26.8743],[78.2086,26.8689],[78.2026,26.8817],[78.1965,26.8809],[78.2127,26.8461],[78.223,26.8306],[78.2357,26.8278],[78.2519,26.8171],[78.2711,26.8142],[78.2749,26.8235],[78.273,26.8405],[78.2835,26.8545],[78.307,26.8626],[78.3317,26.8614],[78.3501,26.8681],[78.3615,26.8691],[78.3748,26.8597],[78.3783,26.8444],[78.3952,26.8171],[78.4269,26.8256],[78.4406,26.8188],[78.4492,26.8022],[78.4596,26.7883],[78.4808,26.7865],[78.4916,26.7822],[78.5191,26.7809],[78.5445,26.7639],[78.5646,26.7616],[78.5775,26.7485],[78.5932,26.7522],[78.613,26.752],[78.6203,26.7668],[78.63,26.7732],[78.6615,26.7638],[78.6745,26.7657],[78.6806,26.7859],[78.6987,26.7926],[78.7215,26.7964],[78.7294,26.7922],[78.7258,26.7795],[78.7365,26.7745],[78.7454,26.7855],[78.7516,26.7869],[78.7719,26.7701],[78.7864,26.7646],[78.8033,26.7659],[78.8159,26.7624],[78.8291,26.7429],[78.8591,26.7087],[78.8694,26.6994],[78.8932,26.6975],[78.9062,26.7061],[78.9151,26.7062],[78.937,26.697],[78.9556,26.6918],[78.9575,26.6828],[78.9478,26.6736],[78.9425,26.6582],[78.9503,26.6541],[78.9723,26.6721],[78.9933,26.6773],[79.0091,26.6678],[78.9938,26.6405],[79.0084,26.6238],[79.0165,26.6007],[78.9876,26.5931],[78.9911,26.5774],[79.0002,26.5784],[79.0072,26.5655],[79.0069,26.5583],[79.0189,26.541],[79.0402,26.5287],[79.0383,26.5185],[79.0534,26.503],[79.0563,26.4951],[79.0679,26.4969],[79.0717,26.4789],[79.0526,26.4537],[79.0627,26.4532],[79.0696,26.4419],[79.0907,26.4442],[79.0997,26.4526],[79.1079,26.4481],[79.1214,26.4471],[79.1295,26.4404],[79.1237,26.4116],[79.1144,26.4077],[79.0914,26.4046],[79.0891,26.3963],[79.0968,26.381],[79.0964,26.3724],[79.0873,26.3685],[79.0845,26.3581],[79.0979,26.3555],[79.1048,26.3495],[79.1205,26.3483],[79.1322,26.3372],[79.135,26.3248],[79.1155,26.3205],[79.1249,26.3116],[79.1174,26.3048],[79.1019,26.3069],[79.0965,26.2938],[79.0836,26.2799],[79.0621,26.2736],[79.0515,26.2584],[79.0524,26.2515],[79.0644,26.2493],[79.0653,26.2298],[79.0446,26.2242],[79.0352,26.2257],[79.0307,26.2393],[79.0182,26.2477],[79.0037,26.2444],[78.9894,26.235],[78.9966,26.228],[79.0136,26.2255],[79.0252,26.2207],[79.0248,26.2084],[79.0198,26.1921],[79.0066,26.1917],[78.9974,26.1985],[78.983,26.1843],[78.9954,26.1727],[79.0051,26.168],[79.0082,26.1561],[78.9943,26.1462],[78.98,26.1511],[78.9644,26.1485],[78.9629,26.1365],[78.9521,26.1293],[78.9769,26.116],[78.9756,26.1052],[79.0013,26.0906],[79.0126,26.0899],[79.0027,26.0667],[78.9895,26.0671],[78.9862,26.0537],[78.9697,26.0458],[78.9605,26.0349],[78.9479,26.0263],[78.9534,26.015],[78.9447,26.0068],[78.9552,25.9983],[78.9525,25.988],[78.9378,25.9738],[78.9333,25.9485],[78.9082,25.9345],[78.8986,25.9179],[78.8842,25.913],[78.8917,25.897],[78.8881,25.8859],[78.8919,25.8803],[78.8873,25.8686],[78.8774,25.8748],[78.8646,25.8716],[78.8506,25.8522],[78.8514,25.8384],[78.8454,25.8215],[78.8182,25.8291],[78.8055,25.8136],[78.8141,25.8071],[78.8197,25.816],[78.8328,25.8096],[78.8287,25.7956],[78.8083,25.8009],[78.786,25.7692],[78.7758,25.7598],[78.7713,25.7497],[78.7588,25.7545],[78.7528,25.7503],[78.7561,25.7294],[78.7633,25.7199],[78.7721,25.7179],[78.7836,25.7087],[78.8,25.7029],[78.8069,25.6844],[78.8167,25.6763],[78.8158,25.6641],[78.8197,25.6519],[78.8168,25.6372],[78.8115,25.6309],[78.8105,25.6194],[78.7904,25.6118],[78.774,25.612],[78.7561,25.6067],[78.7493,25.5989],[78.7407,25.597],[78.7325,25.6058],[78.7162,25.6045],[78.7002,25.5951],[78.6951,25.5878],[78.6789,25.5853],[78.6676,25.5748],[78.6583,25.5599],[78.6463,25.5607],[78.6242,25.5674],[78.6308,25.5789],[78.616,25.5835],[78.6117,25.5699],[78.5979,25.5705],[78.5868,25.5569],[78.5692,25.5646],[78.561,25.5593],[78.5447,25.5616],[78.532,25.5716],[78.5245,25.5669],[78.4938,25.5786],[78.4666,25.5588],[78.4647,25.5455],[78.4539,25.5493],[78.4443,25.5634],[78.4283,25.5504],[78.4195,25.5335],[78.4201,25.5167],[78.417,25.5015],[78.4287,25.4879],[78.4313,25.4736],[78.4196,25.476],[78.404,25.4671],[78.3983,25.4598],[78.395,25.4442],[78.3691,25.4386],[78.3595,25.452],[78.3544,25.4518],[78.347,25.4353],[78.3394,25.4264],[78.3429,25.4206],[78.3388,25.407],[78.3411,25.4008],[78.3306,25.3903],[78.3224,25.3874],[78.3168,25.3787],[78.3083,25.3809],[78.301,25.362],[78.3279,25.3523],[78.3373,25.3364],[78.3337,25.3226],[78.3158,25.3096],[78.3117,25.3033],[78.3386,25.2919],[78.3549,25.291],[78.3501,25.2773],[78.3619,25.2715],[78.3725,25.2599],[78.3598,25.2422],[78.3677,25.2368],[78.3785,25.2387],[78.3773,25.2274],[78.3821,25.2226],[78.4109,25.2127],[78.3983,25.2075],[78.3941,25.198],[78.3953,25.1879],[78.4166,25.1835],[78.4234,25.1693],[78.4434,25.1655],[78.4534,25.1684],[78.4483,25.153],[78.4321,25.1552],[78.4267,25.1468],[78.4427,25.1304],[78.4468,25.1218],[78.4344,25.1201],[78.4112,25.1295],[78.3997,25.1241],[78.3861,25.1038],[78.3395,25.0872],[78.3354,25.0676],[78.3402,25.0403],[78.3472,25.0245],[78.345,25.0114],[78.334,24.9949],[78.3186,24.9908],[78.2984,24.9665],[78.28,24.9565],[78.2667,24.9419],[78.2506,24.9306],[78.2224,24.914],[78.2106,24.8948],[78.1902,24.8875],[78.1723,24.8778],[78.1689,24.8678],[78.1733,24.8467],[78.1935,24.8425],[78.1993,24.8378],[78.204,24.8244],[78.2167,24.8086],[78.2357,24.7717],[78.2256,24.753],[78.2324,24.736],[78.258,24.7032],[78.2662,24.6775],[78.2768,24.6619],[78.2638,24.6507],[78.2625,24.6427],[78.2667,24.6289],[78.2773,24.6176],[78.2733,24.5957],[78.2725,24.5785],[78.2648,24.5669],[78.2645,24.5522],[78.2446,24.5446],[78.2266,24.5339],[78.226,24.5198],[78.2444,24.5114],[78.2475,24.4995],[78.2448,24.4874],[78.2496,24.4836],[78.2711,24.4774],[78.2752,24.4699],[78.2642,24.4557],[78.2707,24.4462],[78.3006,24.4275],[78.3238,24.4077],[78.3386,24.4036],[78.3489,24.3874],[78.3658,24.386],[78.3699,24.3768],[78.3574,24.3667],[78.3433,24.3446],[78.3313,24.3343],[78.3297,24.3257],[78.3459,24.3135],[78.3479,24.2995],[78.3582,24.2923],[78.3763,24.2848],[78.3819,24.2731],[78.395,24.269],[78.414,24.273],[78.4182,24.2847],[78.4311,24.284],[78.4402,24.2966],[78.4385,24.3123],[78.444,24.3195],[78.4558,24.3244],[78.478,24.339],[78.4742,24.3478],[78.4777,24.3613],[78.502,24.3903],[78.5186,24.3878],[78.5268,24.3819],[78.5299,24.3681],[78.5384,24.3679],[78.5595,24.3567],[78.5717,24.3526],[78.5861,24.3537],[78.5843,24.3463],[78.5961,24.3351],[78.6032,24.3154],[78.6096,24.3085],[78.6193,24.3103],[78.6289,24.3015],[78.62,24.2929],[78.6242,24.2871],[78.639,24.2837],[78.6489,24.272],[78.6602,24.2674],[78.6686,24.24],[78.683,24.238],[78.7031,24.2269],[78.7087,24.2343],[78.7256,24.2364],[78.7279,24.2482],[78.7413,24.2473],[78.739,24.2381],[78.7486,24.233],[78.7682,24.2519],[78.7645,24.2321],[78.7674,24.2202],[78.7811,24.206],[78.7829,24.1891],[78.7894,24.1771],[78.8123,24.1807],[78.8129,24.2032],[78.8216,24.2043],[78.8291,24.1969],[78.8471,24.2139],[78.8604,24.2092],[78.8802,24.2157],[78.888,24.227],[78.8846,24.2505],[78.9043,24.2638],[78.9167,24.269],[78.9183,24.2838],[78.9096,24.2961],[78.9412,24.3153],[78.963,24.3442],[78.9715,24.3476],[78.9698,24.3691],[78.9844,24.4048],[78.984,24.4103],[78.9936,24.4227],[78.9858,24.4417],[78.9474,24.4366],[78.9412,24.452],[78.9283,24.4602],[78.9151,24.4582],[78.9123,24.4738],[78.9185,24.4951],[78.9342,24.489],[78.9285,24.4814],[78.9409,24.4787],[78.9635,24.4835],[78.971,24.49],[78.9656,24.4979],[78.9501,24.5007],[78.948,24.515],[78.9514,24.5187],[78.9437,24.5345],[78.9486,24.5445],[78.9464,24.5571],[78.935,24.5608],[78.9248,24.5751],[78.9144,24.5847],[78.9126,24.6002],[78.8993,24.6093],[78.8948,24.6259],[78.8831,24.6414],[78.868,24.64],[78.8662,24.6274],[78.8577,24.6176],[78.8431,24.6231],[78.8348,24.6048],[78.8145,24.601],[78.8034,24.6036],[78.799,24.5944],[78.7838,24.5886],[78.757,24.5989],[78.7511,24.6172],[78.7521,24.6279],[78.7465,24.662],[78.7611,24.6702],[78.7647,24.6781],[78.7641,24.6907],[78.7705,24.6911],[78.7812,24.7069],[78.7742,24.7253],[78.7725,24.744],[78.7764,24.7526],[78.7701,24.7577],[78.7703,24.7734],[78.7743,24.7946],[78.787,24.8013],[78.7899,24.8104],[78.781,24.8197],[78.7735,24.8418],[78.7713,24.8574],[78.7533,24.869],[78.7468,24.8652],[78.7282,24.8794],[78.7103,24.8799],[78.6941,24.8942],[78.6766,24.8986],[78.6672,24.9138],[78.6634,24.9384],[78.6502,24.9411],[78.6522,24.948],[78.632,24.9621],[78.64,24.972],[78.644,24.9843],[78.6457,25.0186],[78.6524,25.0286],[78.6527,25.0499],[78.6323,25.0823],[78.6273,25.0869],[78.6071,25.0904],[78.6019,25.0978],[78.6057,25.1089],[78.6031,25.1469],[78.5967,25.1643],[78.5833,25.1873],[78.5705,25.2052],[78.5681,25.2408],[78.578,25.2527],[78.5608,25.2646],[78.5346,25.2681],[78.5311,25.2841],[78.5125,25.2767],[78.5034,25.2896],[78.4653,25.2669],[78.4498,25.2625],[78.4383,25.2746],[78.4355,25.2852],[78.4403,25.2955],[78.4547,25.3012],[78.466,25.2915],[78.4773,25.2891],[78.4948,25.3131],[78.5024,25.3142],[78.5041,25.3001],[78.5104,25.2953],[78.533,25.3009],[78.5339,25.3095],[78.5524,25.32],[78.5399,25.3279],[78.5379,25.3406],[78.5296,25.3534],[78.538,25.3595],[78.5532,25.353],[78.56,25.3422],[78.5671,25.3406],[78.585,25.3468],[78.5881,25.3548],[78.5872,25.3726],[78.5778,25.3817],[78.5623,25.3787],[78.5672,25.3916],[78.5807,25.3864],[78.5995,25.3924],[78.602,25.4089],[78.6078,25.4149],[78.6231,25.4134],[78.6253,25.4017],[78.6312,25.3993],[78.6448,25.4146],[78.6411,25.4298],[78.6433,25.4354],[78.6582,25.441],[78.6821,25.4335],[78.6891,25.4457],[78.6995,25.4399],[78.7022,25.4327],[78.7115,25.4281],[78.7057,25.4204],[78.6745,25.3998],[78.6679,25.4087],[78.6592,25.4089],[78.6648,25.3933],[78.6627,25.3822],[78.6778,25.3806],[78.6947,25.3737],[78.7153,25.3717],[78.7086,25.3621],[78.7095,25.3513],[78.7267,25.3434],[78.7528,25.3459],[78.7746,25.353],[78.7659,25.3692],[78.7737,25.3761],[78.7585,25.3826],[78.7652,25.3909],[78.7456,25.3962],[78.7483,25.4098],[78.7581,25.4154],[78.7752,25.4198],[78.7825,25.4157],[78.7937,25.4168],[78.7991,25.4229],[78.8214,25.4225],[78.803,25.4371],[78.7851,25.4358],[78.7707,25.4228],[78.759,25.4307],[78.7502,25.4485],[78.7391,25.4491],[78.7318,25.46],[78.7328,25.4842],[78.738,25.4948],[78.7476,25.4944],[78.7476,25.4843],[78.7679,25.4694],[78.7728,25.4763],[78.7967,25.4828],[78.8051,25.4753],[78.8183,25.4717],[78.8354,25.4558],[78.8498,25.4491],[78.8405,25.4417],[78.8215,25.4406],[78.828,25.4282],[78.8481,25.4297],[78.8489,25.4373],[78.8639,25.4512],[78.8662,25.4657],[78.8546,25.4897],[78.8401,25.4933],[78.8328,25.4995],[78.8415,25.5125],[78.8711,25.5132],[78.8844,25.5156],[78.8864,25.5324],[78.8743,25.5409],[78.8841,25.5544],[78.8969,25.5551],[78.9165,25.5455],[78.9394,25.5572],[78.9518,25.5488],[78.9528,25.5375],[78.9364,25.5198],[78.9271,25.5248],[78.9205,25.5138],[78.935,25.5053],[78.933,25.4994],[78.9439,25.4829],[78.9361,25.4616],[78.9252,25.4571],[78.9089,25.4424],[78.9217,25.4324],[78.933,25.4297],[78.9383,25.4222],[78.9468,25.4359],[78.958,25.4403],[78.9697,25.4317],[78.9763,25.42],[78.9709,25.4077],[78.9733,25.3942],[78.9699,25.3901],[78.9875,25.3813],[78.9893,25.374],[78.9734,25.3668],[78.9592,25.3715],[78.9438,25.3491],[78.9284,25.3513],[78.9238,25.3578],[78.9013,25.3616],[78.8991,25.3772],[78.9126,25.3771],[78.9159,25.3814],[78.9383,25.3748],[78.9421,25.3829],[78.9581,25.3946],[78.9487,25.4005],[78.9198,25.397],[78.9138,25.3843],[78.8802,25.3859],[78.8709,25.3798],[78.841,25.345],[78.8426,25.3365],[78.8317,25.3211],[78.8225,25.3167],[78.8193,25.3069],[78.7982,25.3139],[78.7885,25.3001],[78.7977,25.2892],[78.8039,25.2922],[78.8172,25.3067],[78.8237,25.3064],[78.8095,25.2705],[78.824,25.2557],[78.834,25.2502],[78.8428,25.2277],[78.8519,25.2302],[78.8568,25.2431],[78.8565,25.257],[78.865,25.2647],[78.8664,25.2799],[78.8799,25.2858],[78.8718,25.2995],[78.8746,25.3083],[78.8641,25.3102],[78.8676,25.3255],[78.8813,25.3249],[78.8808,25.341],[78.8841,25.3441],[78.9118,25.3326],[78.9209,25.3436],[78.9321,25.3362],[78.931,25.3246],[78.9615,25.3435],[78.9573,25.3249],[78.9639,25.2994],[78.9756,25.2881],[78.9775,25.2767],[78.9555,25.2828],[78.9487,25.2742],[78.9546,25.2614],[78.9376,25.2597],[78.9302,25.2688],[78.9201,25.2736],[78.9123,25.2692],[78.9084,25.2565],[78.8998,25.2431],[78.881,25.2541],[78.8727,25.241],[78.8704,25.2264],[78.8906,25.2144],[78.883,25.1982],[78.8717,25.188],[78.8746,25.1721],[78.8819,25.1569],[78.9094,25.1777],[78.921,25.2007],[78.9343,25.2119],[78.9572,25.2176],[78.9703,25.2164],[78.9932,25.1967],[79.0059,25.195],[79.0058,25.2111],[78.9992,25.2315],[78.9747,25.2373],[78.9802,25.2549],[78.9944,25.2732],[79.0132,25.274],[79.0225,25.2686],[79.0254,25.2592],[79.0179,25.2493],[79.0222,25.2413],[79.0399,25.2429],[79.0412,25.23],[79.0636,25.222],[79.0603,25.2013],[79.062,25.1934],[79.052,25.1877],[79.0445,25.202],[79.0309,25.1849],[79.0346,25.1741],[79.031,25.1384],[79.0511,25.1345],[79.0681,25.1502],[79.0708,25.1688],[79.0903,25.1908],[79.0948,25.176],[79.1131,25.1658],[79.1259,25.1613],[79.116,25.1399],[79.1312,25.1283],[79.1243,25.1191],[79.124,25.111],[79.1402,25.1089],[79.1435,25.1151],[79.1658,25.1075],[79.186,25.1149],[79.1873,25.1264],[79.1746,25.1284],[79.1793,25.1408],[79.1863,25.1441],[79.2043,25.1399],[79.2038,25.1259],[79.2136,25.1207],[79.2171,25.1107],[79.2274,25.1218],[79.2404,25.1131],[79.2466,25.1352],[79.2647,25.1522],[79.2642,25.1283],[79.267,25.1215],[79.2824,25.1173],[79.2881,25.1281],[79.2959,25.132],[79.307,25.1293],[79.3136,25.1361],[79.3153,25.1471],[79.3232,25.1498],[79.314,25.1615],[79.3087,25.1791],[79.3085,25.1982],[79.2922,25.1842],[79.2847,25.1911],[79.2818,25.2053],[79.2862,25.2264],[79.2822,25.2411],[79.2995,25.2398],[79.3081,25.232],[79.307,25.2249],[79.3247,25.2184],[79.3283,25.2098],[79.3389,25.1992],[79.3493,25.2065],[79.3447,25.2173],[79.345,25.2508],[79.3497,25.2641],[79.3344,25.2686],[79.3296,25.2577],[79.3165,25.256],[79.3104,25.2601],[79.2987,25.2799],[79.2807,25.2617],[79.2695,25.2633],[79.2628,25.2734],[79.268,25.2874],[79.269,25.3051],[79.2783,25.3202],[79.295,25.323],[79.2998,25.3377],[79.3083,25.3341],[79.3261,25.3349],[79.3421,25.329],[79.3397,25.3112],[79.3463,25.3046],[79.3361,25.2881],[79.357,25.2819],[79.3583,25.2635],[79.3699,25.26],[79.3739,25.2725],[79.3673,25.2811],[79.3686,25.2924],[79.3946,25.2828],[79.4082,25.2733],[79.4087,25.2561],[79.4367,25.2547],[79.4629,25.2716],[79.4587,25.28],[79.4684,25.2831],[79.4793,25.2784],[79.4819,25.2686],[79.4622,25.2564],[79.4562,25.2475],[79.447,25.2445],[79.4328,25.2206],[79.449,25.2149],[79.4382,25.1968],[79.4212,25.2004],[79.4125,25.1982],[79.4118,25.1826],[79.3903,25.1701],[79.3842,25.1427],[79.3909,25.1391],[79.3962,25.1284],[79.3933,25.1172],[79.4053,25.1062],[79.4196,25.1111],[79.4263,25.1191],[79.4413,25.103],[79.4523,25.1088],[79.4597,25.1198],[79.4738,25.1196],[79.4651,25.088],[79.472,25.0878],[79.4827,25.0797],[79.5001,25.0835],[79.5035,25.0937],[79.525,25.0974],[79.5187,25.1199],[79.5354,25.1423],[79.546,25.1482],[79.5516,25.1609],[79.5613,25.1704],[79.5692,25.1718],[79.5815,25.1511],[79.5909,25.1482],[79.6083,25.1281],[79.6243,25.1388],[79.6415,25.1269],[79.649,25.1298],[79.6597,25.125],[79.6758,25.1237],[79.6843,25.1353],[79.7117,25.1288],[79.7356,25.1313],[79.747,25.1393],[79.762,25.1343],[79.7726,25.1251],[79.8057,25.1126],[79.8258,25.1071],[79.8287,25.0993],[79.8438,25.0944],[79.8576,25.0963],[79.848,25.1105],[79.8516,25.1286],[79.8661,25.1411],[79.8658,25.1621],[79.8701,25.1723],[79.8631,25.1771],[79.8651,25.188],[79.8568,25.1974],[79.8677,25.2171],[79.8513,25.2275],[79.8514,25.2356],[79.8645,25.2364],[79.8772,25.2509],[79.8929,25.2415],[79.9021,25.2408],[79.9075,25.2509],[79.9165,25.2446],[79.9276,25.2496],[79.9366,25.2475],[79.9396,25.2594],[79.9483,25.2687],[79.9547,25.2648],[79.9712,25.266],[79.9808,25.2618],[79.9867,25.2674],[80.0033,25.2671],[79.999,25.2862],[80.0119,25.2954],[80.0221,25.2976],[80.0243,25.3118],[80.0196,25.3246],[80.0343,25.3421],[80.0422,25.3381],[80.0557,25.34],[80.0727,25.3368],[80.0819,25.3444],[80.089,25.3558],[80.1311,25.3342],[80.1418,25.3507],[80.1496,25.3577],[80.1672,25.3639],[80.169,25.3769],[80.1821,25.3768],[80.1966,25.3812],[80.1959,25.4019],[80.2062,25.4045],[80.2179,25.3986],[80.2275,25.3995],[80.2362,25.4079],[80.2535,25.4008],[80.2639,25.4241],[80.28,25.4208],[80.2996,25.4065],[80.3163,25.3858],[80.3202,25.3656],[80.3113,25.3606],[80.3116,25.3456],[80.3221,25.3346],[80.3189,25.3222],[80.3193,25.3062],[80.3112,25.2982],[80.3108,25.2864],[80.3285,25.278],[80.3482,25.2785],[80.3564,25.2626],[80.3664,25.2504],[80.3836,25.2373],[80.3947,25.2453],[80.4039,25.2435],[80.4108,25.2241],[80.408,25.2177],[80.4215,25.1983],[80.4317,25.1776],[80.4194,25.163],[80.3965,25.1604],[80.3853,25.1558],[80.3747,25.1457],[80.3575,25.1421],[80.3527,25.1303],[80.376,25.1152],[80.3705,25.0997],[80.3506,25.0904],[80.3516,25.0812],[80.3459,25.0648],[80.3304,25.0475],[80.3211,25.0499],[80.3114,25.0442],[80.2906,25.0595],[80.2849,25.054],[80.2879,25.0381],[80.2737,25.026],[80.2998,25.0156],[80.3074,25.0065],[80.32,25.0028],[80.331,24.9922],[80.3477,25.0177],[80.3574,25.0116],[80.363,25.0236],[80.3759,25.0153],[80.3774,25.0069],[80.3873,25.0043],[80.3943,25.0088],[80.3833,25.0353],[80.3714,25.0437],[80.3738,25.0559],[80.388,25.0509],[80.3934,25.0645],[80.416,25.0612],[80.4208,25.071],[80.4335,25.0659],[80.439,25.0745],[80.449,25.0787],[80.4542,25.062],[80.4665,25.0649],[80.4702,25.0441],[80.4765,25.0378],[80.4893,25.0434],[80.5014,25.0379],[80.4945,25.0296],[80.4836,25.0335],[80.4744,25.0305],[80.4632,25.0398],[80.4491,25.0406],[80.4364,25.0284],[80.4563,25.0039],[80.4569,24.981],[80.4653,24.9758],[80.4796,24.9759],[80.4804,24.986],[80.4922,24.9892],[80.5008,25.0045],[80.5309,25.0013],[80.5482,25.0053],[80.5414,25.0167],[80.5465,25.0321],[80.5338,25.0372],[80.5032,25.0453],[80.5012,25.0519],[80.5091,25.0588],[80.5019,25.0707],[80.5067,25.084],[80.4826,25.0929],[80.4831,25.1002],[80.4998,25.1003],[80.5204,25.0928],[80.5215,25.0762],[80.5523,25.0628],[80.5677,25.0734],[80.5684,25.0825],[80.5954,25.0794],[80.6043,25.0691],[80.6095,25.0796],[80.5924,25.0902],[80.5976,25.114],[80.6072,25.1179],[80.5968,25.1279],[80.5978,25.1427],[80.6019,25.1505],[80.6201,25.134],[80.6325,25.1311],[80.6325,25.1226],[80.6213,25.1097],[80.6148,25.0928],[80.6233,25.0886],[80.6427,25.0888],[80.6586,25.0826],[80.6617,25.0676],[80.6763,25.0786],[80.6853,25.0758],[80.6838,25.0672],[80.6741,25.0605],[80.6812,25.053],[80.7123,25.0587],[80.7291,25.0672],[80.7378,25.0547],[80.775,25.0546],[80.7873,25.0625],[80.7834,25.0759],[80.7567,25.0825],[80.7528,25.0919],[80.7396,25.0932],[80.7312,25.0891],[80.7232,25.0946],[80.7233,25.1051],[80.7306,25.1129],[80.7241,25.1216],[80.7043,25.1217],[80.7067,25.1304],[80.7184,25.1305],[80.7279,25.1377],[80.7349,25.1372],[80.742,25.1235],[80.7481,25.1308],[80.7605,25.1347],[80.7718,25.1324],[80.7782,25.1387],[80.7869,25.1294],[80.8038,25.1376],[80.8153,25.1317],[80.8254,25.1215],[80.8299,25.1032],[80.8382,25.1042],[80.8429,25.1124],[80.8365,25.1306],[80.8401,25.1562],[80.8486,25.163],[80.8425,25.186],[80.8682,25.175],[80.8823,25.1831],[80.9043,25.1589],[80.9129,25.1591],[80.8887,25.1325],[80.8688,25.1165],[80.8792,25.1016],[80.8672,25.0795],[80.8754,25.0738],[80.8781,25.0655],[80.8638,25.0565],[80.8567,25.0482],[80.8478,25.0453],[80.8355,25.0241],[80.8423,25.02],[80.8552,25.004],[80.8522,24.9887],[80.8336,24.9823],[80.824,24.9678],[80.8113,24.9702],[80.7924,24.9641],[80.8059,24.9531],[80.8083,24.9385],[80.8185,24.9331],[80.8122,24.9225],[80.8296,24.918],[80.8376,24.9284],[80.8753,24.9358],[80.8919,24.9452],[80.929,24.9612],[80.95,24.9645],[80.9543,24.9535],[80.9477,24.941],[80.9582,24.9396],[80.9567,24.9298],[80.9741,24.9342],[80.9964,24.9281],[81.0018,24.9368],[81.0128,24.9283],[81.0243,24.9324],[81.0231,24.9436],[81.0339,24.9526],[81.0897,24.9463],[81.0872,24.933],[81.0967,24.9209],[81.1034,24.9186],[81.1125,24.9073],[81.1396,24.8875],[81.1455,24.9103],[81.1602,24.9136],[81.1585,24.9222],[81.1638,24.9283],[81.1647,24.9468],[81.1722,24.9573],[81.1852,24.952],[81.201,24.938],[81.1994,24.9311],[81.2096,24.9226],[81.2153,24.9329],[81.2145,24.958],[81.2072,24.9645],[81.2207,24.9743],[81.2193,24.9821],[81.209,24.9926],[81.2237,24.9988],[81.2337,25.011],[81.263,25.0519],[81.2689,25.0675],[81.2596,25.0752],[81.267,25.0845],[81.2604,25.0904],[81.2533,25.1076],[81.2613,25.1101],[81.2683,25.1281],[81.2662,25.1396],[81.2818,25.1529],[81.2776,25.166],[81.292,25.1619],[81.3135,25.1637],[81.3125,25.14],[81.3159,25.1269],[81.324,25.1276],[81.3252,25.1366],[81.3187,25.144],[81.3224,25.1619],[81.3346,25.1693],[81.3433,25.1625],[81.3565,25.1634],[81.3692,25.1435],[81.3928,25.1311],[81.3995,25.1194],[81.4069,25.1272],[81.4283,25.1308],[81.4452,25.1161],[81.4475,25.1078],[81.4313,25.106],[81.4225,25.099],[81.4545,25.0904],[81.4648,25.0901],[81.4722,25.078],[81.4912,25.0723],[81.4992,25.077],[81.5093,25.1057],[81.4903,25.1097],[81.4842,25.116],[81.4958,25.1311],[81.4996,25.1487],[81.5088,25.1478],[81.5273,25.1381],[81.5299,25.1509],[81.5366,25.1606],[81.5213,25.1672],[81.5125,25.1774],[81.5186,25.1861],[81.5399,25.1807],[81.5407,25.1853],[81.5635,25.1868],[81.5787,25.1908],[81.5955,25.1819],[81.5885,25.1658],[81.612,25.1641],[81.6262,25.1608],[81.6257,25.1449],[81.6145,25.1444],[81.6027,25.1364],[81.5971,25.119],[81.6063,25.1167],[81.6148,25.1002],[81.6244,25.12],[81.633,25.1171],[81.6324,25.1065],[81.6378,25.0987],[81.6213,25.09],[81.6158,25.0805],[81.6054,25.0787],[81.6117,25.0563],[81.6275,25.0525],[81.6335,25.0594],[81.6422,25.0571],[81.6547,25.0715],[81.6686,25.0715],[81.6672,25.0614],[81.6794,25.0621],[81.6928,25.0479],[81.6887,25.0396],[81.7084,25.0353],[81.7221,25.0397],[81.7237,25.05],[81.7402,25.045],[81.7458,25.0335],[81.755,25.0348],[81.7588,25.0269],[81.7798,25.0199],[81.7927,25.0045],[81.8041,25.0019],[81.8107,25.0129],[81.8352,25.0173],[81.8488,25.012],[81.8545,25.0033],[81.8909,24.9958],[81.9079,24.9801],[81.9092,24.9414],[81.9196,24.9278],[81.9145,24.9136],[81.9067,24.9042],[81.9036,24.8897],[81.9079,24.8814],[81.9343,24.8699],[81.9327,24.8588],[81.9442,24.8413],[81.9598,24.8372],[82.0031,24.8415],[82.0107,24.8469],[82.0313,24.8402],[82.0453,24.8286],[82.0513,24.8306],[82.0716,24.8192],[82.0746,24.8219],[82.0977,24.8162],[82.1129,24.7991],[82.1159,24.7845],[82.1319,24.7916],[82.1387,24.7995],[82.1671,24.7855],[82.1787,24.7931],[82.1753,24.8011],[82.1781,24.8107],[82.1888,24.8058],[82.1868,24.7941],[82.215,24.7902],[82.2098,24.7774],[82.1965,24.7781],[82.2032,24.7581],[82.1975,24.7468],[82.187,24.7389],[82.2138,24.7343],[82.2065,24.7437],[82.2149,24.7543],[82.2292,24.7451],[82.2359,24.7594],[82.2556,24.7494],[82.245,24.7289],[82.251,24.7113],[82.2456,24.7023],[82.2469,24.6923],[82.2353,24.6902],[82.2351,24.6709],[82.2545,24.6704],[82.2636,24.6661],[82.273,24.6752],[82.303,24.6556],[82.2998,24.647],[82.3038,24.6254],[82.3011,24.6077],[82.3161,24.6076],[82.3299,24.6185],[82.3388,24.6203],[82.3498,24.615],[82.361,24.5991],[82.4019,24.5914],[82.4161,24.5912],[82.4223,24.5994],[82.4119,24.6119],[82.4097,24.6354],[82.418,24.6415],[82.4185,24.6514],[82.4121,24.6601],[82.4141,24.67],[82.4073,24.6829],[82.4277,24.7022],[82.4407,24.6997],[82.4537,24.6876],[82.4498,24.6747],[82.4569,24.6733],[82.4796,24.6785],[82.4896,24.6714],[82.5098,24.675],[82.5239,24.6726],[82.5308,24.6513],[82.5391,24.6478],[82.5797,24.6588],[82.6074,24.6757],[82.6411,24.6845],[82.6566,24.6946],[82.671,24.697],[82.676,24.6908],[82.6984,24.6784],[82.7021,24.672],[82.6982,24.647],[82.7073,24.6361],[82.7173,24.6424],[82.7287,24.6357],[82.7323,24.6444],[82.7427,24.641],[82.7738,24.6418],[82.7719,24.6216],[82.7776,24.6113],[82.7698,24.6045],[82.7672,24.5954],[82.7777,24.5945],[82.8026,24.5982],[82.8008,24.5801],[82.78,24.5721],[82.7681,24.5624],[82.7482,24.5613],[82.7481,24.5498],[82.7387,24.5477],[82.7199,24.5541],[82.7215,24.5448],[82.7298,24.5313],[82.7215,24.5296],[82.7207,24.5138],[82.7434,24.4987],[82.7405,24.4828],[82.7309,24.4738],[82.7363,24.4598],[82.7311,24.4381],[82.7394,24.4321],[82.738,24.4255],[82.7255,24.4192],[82.7134,24.3813],[82.7264,24.3681],[82.7408,24.3677],[82.765,24.3755],[82.7689,24.3666],[82.7647,24.3543],[82.7705,24.3453],[82.7666,24.3304],[82.7657,24.3137],[82.7728,24.3076],[82.771,24.2951],[82.762,24.2697],[82.7558,24.2619],[82.7588,24.2368],[82.7513,24.2275],[82.7364,24.2229],[82.7347,24.2173],[82.7396,24.1999],[82.7443,24.1656],[82.7293,24.1481],[82.7281,24.1356],[82.7108,24.1363],[82.6969,24.1412],[82.6917,24.1501],[82.683,24.1547],[82.6724,24.1463],[82.6742,24.1408],[82.6646,24.1298],[82.6705,24.12],[82.6958,24.1003],[82.7034,24.0987],[82.7123,24.0886],[82.7136,24.0754],[82.7339,24.0783],[82.7472,24.0709],[82.7536,24.0769],[82.7742,24.0748],[82.7702,24.0557],[82.7587,24.0362],[82.7482,24.0282],[82.7513,24.0119],[82.7677,24.006],[82.8038,24.0036],[82.8062,23.9888],[82.8023,23.9799],[82.8103,23.9629],[82.8276,23.9622],[82.8411,23.9507],[82.8611,23.9389],[82.8667,23.9248],[82.8847,23.9089],[82.9052,23.8979],[82.9257,23.8932],[82.9366,23.8771],[82.9543,23.8708],[82.996,23.8725],[83.0013,23.8768],[83.0187,23.8795],[83.0543,23.8793],[83.0751,23.8701],[83.0914,23.8716],[83.1117,23.8791],[83.1415,23.8849],[83.1538,23.8968],[83.1542,23.9041],[83.1717,23.9081],[83.1813,23.9151],[83.1984,23.9141],[83.2079,23.9214],[83.2085,23.9306],[83.2164,23.9391],[83.2231,23.9582],[83.2186,23.969],[83.2265,23.977],[83.2346,23.9964],[83.2425,23.9977],[83.2426,24.0116],[83.2552,24.0145],[83.2636,24.0093],[83.2728,24.0182],[83.2791,24.0183],[83.284,24.0395],[83.2821,24.0498],[83.2947,24.0717],[83.3056,24.0797],[83.3228,24.1063],[83.3299,24.1017],[83.3449,24.1109],[83.3547,24.1268],[83.3617,24.1556],[83.375,24.1861],[83.3821,24.1952],[83.3786,24.2108],[83.3846,24.2206],[83.3785,24.2291],[83.3853,24.2391],[83.3977,24.2439],[83.4007,24.2569],[83.408,24.2628],[83.4072,24.2888],[83.4015,24.2956],[83.3868,24.2983],[83.38,24.3131],[83.4114,24.3399],[83.4336,24.3391],[83.4443,24.3579],[83.4559,24.3636],[83.4479,24.3711],[83.4426,24.3857],[83.43,24.4],[83.4167,24.4064],[83.4051,24.4048],[83.4034,24.4234],[83.4049,24.436],[83.3941,24.4347],[83.3866,24.4482],[83.3859,24.458],[83.3909,24.4736],[83.3982,24.4854],[83.397,24.4969],[83.4015,24.5035],[83.4309,24.5112],[83.4677,24.5165],[83.5033,24.5254],[83.4982,24.5377],[83.5223,24.5477],[83.5283,24.5616],[83.5302,24.5821],[83.5227,24.5986],[83.5301,24.612],[83.5415,24.6126],[83.548,24.6233],[83.5437,24.6283],[83.5266,24.6296],[83.5299,24.6419],[83.5207,24.641],[83.5099,24.6483],[83.5019,24.6486],[83.504,24.6663],[83.5204,24.6775],[83.5018,24.6934],[83.4985,24.7034],[83.4849,24.704],[83.4898,24.7336],[83.4866,24.7368],[83.4583,24.7316],[83.4475,24.741],[83.4414,24.7568],[83.4281,24.763],[83.4281,24.7682],[83.4127,24.775],[83.397,24.7788],[83.3912,24.7891],[83.3997,24.7967],[83.394,24.8051],[83.4014,24.8194],[83.3952,24.8263],[83.3927,24.8407],[83.3807,24.8477],[83.377,24.86],[83.3577,24.8714],[83.3696,24.8801],[83.3581,24.8889],[83.366,24.8931],[83.3547,24.9055],[83.3628,24.9093],[83.365,24.938],[83.3617,24.9537],[83.3436,24.9663],[83.3434,24.9808],[83.3526,24.9966],[83.3506,25.0088],[83.3202,25.0173],[83.3244,25.0374],[83.3358,25.0512],[83.3434,25.0509],[83.3405,25.0687],[83.3413,25.0816],[83.3473,25.0868],[83.3503,25.1136],[83.3633,25.1112],[83.3661,25.1252],[83.3628,25.1418],[83.3634,25.1535],[83.3513,25.157],[83.3564,25.1777],[83.3536,25.1886],[83.3573,25.1997],[83.3663,25.1954],[83.3836,25.2033],[83.4094,25.2301],[83.4093,25.2456],[83.4272,25.2537],[83.4501,25.2611],[83.4635,25.2505],[83.4762,25.2606],[83.4768,25.2718],[83.4849,25.2788],[83.5166,25.2853],[83.5343,25.2974],[83.5372,25.3036],[83.5617,25.3136],[83.5865,25.3161],[83.5878,25.3221],[83.6081,25.3315],[83.6298,25.3301],[83.6354,25.3429],[83.6427,25.3398],[83.6522,25.3468],[83.6492,25.354],[83.6599,25.3638],[83.6671,25.3627],[83.6879,25.367],[83.6946,25.3712],[83.6843,25.3811],[83.6945,25.3859],[83.7017,25.3962],[83.7101,25.3861],[83.7175,25.3975],[83.7301,25.3976],[83.7341,25.4062],[83.7423,25.4099],[83.7466,25.4005],[83.7569,25.4043],[83.7578,25.3895],[83.7678,25.3863],[83.7712,25.3969],[83.7912,25.3976],[83.8079,25.4091],[83.8144,25.4212],[83.8022,25.425],[83.8257,25.4357],[83.8337,25.4311],[83.8464,25.4344],[83.8434,25.4459],[83.8123,25.4488],[83.8151,25.4604],[83.8235,25.466],[83.8342,25.4579],[83.8568,25.4686],[83.863,25.4834],[83.8694,25.4865],[83.8777,25.503],[83.8762,25.5181],[83.8942,25.5199],[83.9046,25.5266],[83.9142,25.5452],[83.9284,25.5566],[83.9574,25.5702],[84.0174,25.6148],[84.0436,25.6261],[84.0813,25.6365],[84.0852,25.652],[84.075,25.6953],[84.0892,25.7134],[84.1051,25.7212],[84.1352,25.7241],[84.1389,25.7159],[84.1503,25.7192],[84.1544,25.7274],[84.1699,25.7229],[84.1744,25.7177],[84.1989,25.7022],[84.2058,25.6698],[84.2232,25.6625],[84.2739,25.6617],[84.2941,25.6602],[84.2987,25.6709],[84.324,25.6704],[84.3294,25.7088],[84.3285,25.7311],[84.3366,25.7436],[84.377,25.741],[84.385,25.7469],[84.3938,25.7436],[84.3843,25.7321],[84.4,25.7288],[84.4065,25.7156],[84.401,25.7079],[84.4066,25.6979],[84.4278,25.694],[84.4297,25.7111],[84.4621,25.7089],[84.4706,25.687],[84.4934,25.6907],[84.4918,25.6761],[84.4992,25.6749],[84.5076,25.6818],[84.5202,25.675],[84.5291,25.6827],[84.5346,25.7243],[84.5397,25.7268],[84.5354,25.6905],[84.5611,25.6839],[84.5645,25.7173],[84.5603,25.7369],[84.6004,25.7384],[84.6112,25.7312],[84.6347,25.728],[84.6303,25.7422],[84.6243,25.7486],[84.61,25.7552],[84.6074,25.7717],[84.6135,25.7759],[84.6236,25.771],[84.6248,25.7919],[84.5814,25.8252],[84.5508,25.8407],[84.5484,25.8285],[84.5305,25.8317],[84.5307,25.8535],[84.534,25.8763],[84.5109,25.8714],[84.4902,25.8865],[84.4724,25.8818],[84.4602,25.8896],[84.4544,25.8878],[84.4276,25.8913],[84.425,25.9017],[84.4119,25.9308],[84.3874,25.9374],[84.354,25.9588],[84.3119,25.9438],[84.2969,25.9452],[84.2823,25.9588],[84.2449,25.9758],[84.2375,25.986],[84.2066,25.9989],[84.1963,25.9879],[84.1761,25.9966],[84.1725,26.0246],[84.1377,26.0521],[84.1212,26.0766],[84.1039,26.0927],[84.0887,26.1003],[84.056,26.1001],[84.0489,26.1106],[84.0509,26.1286],[84.0276,26.1424],[84.0341,26.1506],[84.0338,26.1604],[84.01,26.1744],[84.009,26.1897],[84.0163,26.196],[84.0262,26.1966],[84.028,26.2148],[84.0154,26.2228],[84.0123,26.232],[84.0269,26.2398],[84.0375,26.2323],[84.0599,26.2236],[84.0803,26.2223],[84.0912,26.2338],[84.1173,26.2401],[84.1201,26.2582],[84.1323,26.2591],[84.1476,26.2551],[84.1617,26.2569],[84.1769,26.265],[84.1746,26.291],[84.1782,26.3038],[84.1861,26.3137],[84.1728,26.3335],[84.1755,26.3732],[84.1377,26.3779],[84.1204,26.3853],[84.0889,26.3869],[84.0843,26.3819],[84.0683,26.3884],[84.0637,26.4009],[84.0552,26.4027],[84.0413,26.4123],[84.0226,26.4311],[84.0186,26.4471],[83.997,26.4455],[83.9915,26.4323],[83.9463,26.4386],[83.9108,26.4497],[83.9096,26.4755],[83.9152,26.5029],[83.9061,26.5124],[83.9313,26.5202],[83.9402,26.5253],[83.9512,26.5089],[83.9722,26.5108],[83.9769,26.5316],[83.9925,26.5331],[84.0069,26.5256],[84.0321,26.5342],[84.0478,26.5363],[84.0564,26.5446],[84.0551,26.5584],[84.0661,26.577],[84.0831,26.5923],[84.09,26.607],[84.0869,26.6128],[84.0882,26.6362],[84.1306,26.6335],[84.1363,26.6361],[84.1593,26.6361],[84.1569,26.626],[84.1693,26.6227],[84.2012,26.6248],[84.228,26.6175],[84.2449,26.6092],[84.2677,26.6054],[84.2847,26.5996],[84.2859,26.6058],[84.3004,26.6038],[84.3074,26.6163],[84.3188,26.6115],[84.3528,26.6199],[84.3795,26.6145],[84.3863,26.6217],[84.4195,26.6261],[84.4099,26.6469],[84.4106,26.6702],[84.3764,26.6775],[84.3503,26.678],[84.3303,26.684],[84.326,26.7142],[84.3145,26.7389],[84.3061,26.7496],[84.286,26.7502],[84.2759,26.742],[84.2663,26.7398],[84.2549,26.7267],[84.2403,26.7394],[84.2326,26.7537],[84.2485,26.7709],[84.2573,26.7895],[84.26,26.807],[84.2503,26.8193],[84.2607,26.8293],[84.2618,26.8428],[84.2541,26.8566],[84.2341,26.8684],[84.2188,26.8714],[84.2107,26.8642],[84.1902,26.8585],[84.1832,26.847],[84.1822,26.834],[84.1661,26.8338],[84.1492,26.8426],[84.1406,26.8527],[84.1402,26.8669],[84.1469,26.8719],[84.1438,26.8804],[84.1313,26.8845],[84.1298,26.893],[84.1068,26.8878],[84.1001,26.8769],[84.0871,26.8816],[84.0798,26.8779],[84.067,26.8886],[84.0524,26.9064],[84.0597,26.9175],[84.0534,26.9297],[84.0443,26.9315],[84.046,26.9525],[84.0535,26.9557],[84.0544,26.9729],[84.0469,26.9805],[84.0564,26.9902],[84.0459,27.005],[84.0433,27.0149],[84.0495,27.0345],[84.0458,27.0459],[84.0314,27.0457],[84.018,27.0561],[84.0056,27.0603],[84,27.0696],[84.0162,27.0716],[84.0288,27.0873],[84.0304,27.0977],[84.0165,27.1055],[84.0032,27.1019],[83.9873,27.0902],[83.9784,27.0908],[83.9647,27.0843],[83.9502,27.0862],[83.9465,27.0918],[83.9474,27.1118],[83.9628,27.1282],[83.9588,27.1363],[83.9754,27.1559],[83.9788,27.1649],[83.9933,27.1732],[83.987,27.1976],[83.9676,27.2131],[83.9702,27.224],[83.9557,27.2353],[83.9233,27.2418],[83.9118,27.246],[83.9053,27.2574],[83.9047,27.2724],[83.9292,27.2916],[83.9345,27.3072],[83.9258,27.3215],[83.9169,27.3266],[83.9043,27.3266],[83.8715,27.3073],[83.8602,27.3079],[83.8531,27.3172],[83.8456,27.3152],[83.8368,27.3223],[83.8586,27.3331],[83.8635,27.3441],[83.8641,27.3472],[83.8308,27.3699],[83.7098,27.4261],[83.6149,27.4693],[83.527,27.4738],[83.4095,27.4787],[83.3923,27.4776],[83.4025,27.4568],[83.3997,27.4495],[83.3858,27.4427],[83.385,27.4361],[83.3963,27.4224],[83.4048,27.4187],[83.4029,27.401],[83.3857,27.3904],[83.3882,27.3764],[83.3718,27.3689],[83.3745,27.3595],[83.3589,27.3513],[83.36,27.3447],[83.3385,27.3337],[83.3189,27.3378],[83.3164,27.3333],[83.2962,27.334],[83.2735,27.3526],[83.2659,27.366],[83.2723,27.3834],[83.2402,27.4066],[83.2258,27.4118],[83.2112,27.4232],[83.1961,27.4465],[83.1883,27.4539],[83.1621,27.4573],[83.0972,27.4539],[83.0349,27.4488],[83.0196,27.4539],[82.9688,27.4637],[82.955,27.4679],[82.9453,27.4757],[82.9394,27.4913],[82.9292,27.5011],[82.9131,27.5014],[82.8792,27.4983],[82.8491,27.499],[82.8328,27.5023],[82.8021,27.4964],[82.7848,27.5003],[82.7351,27.5027],[82.7369,27.5136],[82.7493,27.5227],[82.7378,27.5485],[82.7459,27.5626],[82.7539,27.5848],[82.7468,27.6004],[82.7353,27.6095],[82.7343,27.6288],[82.7393,27.6377],[82.7262,27.6579],[82.7185,27.6558],[82.7144,27.6746],[82.7183,27.6899],[82.7062,27.7045],[82.7086,27.716],[82.6955,27.7179],[82.681,27.7136],[82.6662,27.7158],[82.6382,27.7091],[82.6272,27.7091],[82.6189,27.7022],[82.605,27.7058],[82.5938,27.6972],[82.585,27.699],[82.5408,27.6858],[82.5167,27.6913],[82.4907,27.6826],[82.4829,27.6837],[82.4735,27.6773],[82.4492,27.6797],[82.4274,27.6896],[82.4024,27.704],[82.383,27.7205],[82.3678,27.7434],[82.3376,27.7555],[82.3037,27.7737],[82.2525,27.8111],[82.2292,27.8227],[82.208,27.843],[82.1767,27.8552],[82.1533,27.8668],[82.1491,27.8582],[82.121,27.8659],[82.1133,27.8784],[82.0911,27.8939],[82.0888,27.8997],[82.0699,27.9233],[82.0259,27.925],[81.991,27.9285],[81.9679,27.9288],[81.9588,27.9163],[81.9381,27.8938],[81.9373,27.8871],[81.9251,27.8742],[81.9254,27.8599],[81.8993,27.8536],[81.8846,27.8569],[81.8771,27.8659],[81.8332,27.8977],[81.8208,27.9035],[81.8046,27.9038],[81.6988,27.9877],[81.6439,27.9931],[81.6172,28.0095],[81.5756,28.0308],[81.5511,28.0472],[81.4986,28.0715],[81.4781,28.0826],[81.4795,28.1101],[81.4839,28.1186],[81.4677,28.1269],[81.45,28.1406],[81.4504,28.1506],[81.4444,28.1618],[81.4157,28.1742],[81.3906,28.1736],[81.3733,28.1624],[81.37,28.1531],[81.3797,28.1456],[81.3639,28.1413],[81.334,28.1401],[81.3207,28.1339],[81.3181,28.145],[81.3279,28.148],[81.3201,28.1601],[81.312,28.1557],[81.3018,28.1673],[81.3212,28.1686],[81.3183,28.1823],[81.3207,28.1972],[81.2993,28.2198],[81.2909,28.2228],[81.2483,28.2702],[81.2327,28.2889],[81.2339,28.326],[81.2195,28.3454],[81.2106,28.3607],[81.1645,28.3693],[81.1231,28.3755],[81.0803,28.389],[81.058,28.4139],[81.0508,28.407],[81.0361,28.4132],[81.0348,28.3992],[81.0167,28.4158],[81.0346,28.4276],[81.03,28.4386],[81.0197,28.4309],[81.0129,28.4372],[81.0172,28.4507],[80.9979,28.4521],[80.9786,28.434],[80.9645,28.4376],[80.9643,28.4446],[80.9802,28.455],[80.9667,28.4571],[80.9638,28.4492],[80.9514,28.4473],[80.9442,28.4547],[80.9172,28.4599],[80.9052,28.4663],[80.9016,28.4854],[80.9084,28.4979],[80.8963,28.5071],[80.8754,28.5109],[80.8615,28.5045],[80.8556,28.4975],[80.8438,28.4996],[80.8298,28.5123],[80.8155,28.5207],[80.7995,28.5212],[80.7842,28.5293],[80.7893,28.5434],[80.7694,28.5501],[80.7687,28.5659],[80.7384,28.5751],[80.7243,28.5754],[80.7144,28.5686],[80.6902,28.588],[80.6958,28.6039],[80.677,28.6043],[80.6795,28.6211],[80.6707,28.6281],[80.6674,28.6424],[80.6516,28.6343],[80.6407,28.6433],[80.6331,28.6378],[80.6111,28.6387],[80.6063,28.652],[80.5799,28.6606],[80.5904,28.6799],[80.5554,28.6913],[80.5397,28.6902],[80.5064,28.671],[80.5034,28.6644],[80.5113,28.623],[80.5149,28.6151],[80.5215,28.5762],[80.5305,28.5721],[80.5235,28.555],[80.5181,28.5522],[80.5106,28.5647],[80.4893,28.5808],[80.4721,28.5908],[80.462,28.6122],[80.4623,28.6216],[80.4333,28.6355],[80.4161,28.6395],[80.404,28.6344],[80.377,28.6289],[80.3581,28.6405],[80.3544,28.6493],[80.3256,28.6664],[80.3194,28.6977],[80.2946,28.7124],[80.2768,28.7115],[80.2567,28.729],[80.2625,28.7327],[80.2644,28.7463],[80.2505,28.7573],[80.2332,28.7575],[80.2161,28.7546],[80.1713,28.782],[80.1386,28.813],[80.1185,28.828],[80.0755,28.8236],[80.0651,28.8367]]]]},"properties":{"ST_NM":"Uttar Pradesh"}},
{"type":"Feature","geometry":{"type":"MultiPolygon","coordinates":[[[[88.0612,21.5082],[88.0749,21.5171],[88.0755,21.5296],[88.0594,21.5112],[88.0612,21.5082]]],[[[88.2366,21.4869],[88.243,21.4971],[88.2415,21.5075],[88.2339,21.5156],[88.2275,21.5387],[88.2156,21.5406],[88.207,21.5274],[88.204,21.5104],[88.2079,21.498],[88.2288,21.4837],[88.2366,21.4869]]],[[[88.1009,21.9705],[88.1221,21.9854],[88.1348,22.0035],[88.1354,22.0151],[88.1298,22.0173],[88.1139,22.0127],[88.0981,22.0019],[88.0893,21.9878],[88.0884,21.9738],[88.1009,21.9705]]],[[[89.5986,25.9514],[89.5971,25.9591],[89.5861,25.9624],[89.5745,25.9478],[89.573,25.9386],[89.5801,25.9349],[89.6045,25.9426],[89.5986,25.9514]]],[[[88.7746,21.9448],[88.7499,21.9587],[88.7501,21.9755],[88.7331,21.9822],[88.7277,21.9799],[88.728,21.9622],[88.7252,21.9516],[88.7294,21.9393],[88.7432,21.9315],[88.7582,21.935],[88.781,21.9317],[88.7922,21.925],[88.8026,21.9306],[88.7989,21.9394],[88.787,21.9482],[88.7746,21.9448]]],[[[88.0386,21.5779],[88.0279,21.5819],[88.0215,21.5938],[88.0013,21.5554],[87.9913,21.5164],[88.0012,21.5132],[88.0161,21.5321],[88.0218,21.5433],[88.0255,21.5621],[88.0386,21.551],[88.0391,21.5654],[88.0488,21.5615],[88.0552,21.5663],[88.0386,21.5779]]],[[[88.5194,21.5864],[88.5032,21.5985],[88.4929,21.5933],[88.4857,21.5706],[88.4891,21.5503],[88.5006,21.5397],[88.5147,21.5316],[88.5283,21.5278],[88.5434,21.5313],[88.5455,21.5381],[88.536,21.5496],[88.5321,21.562],[88.5348,21.5781],[88.5194,21.5864]]],[[[88.198,21.5421],[88.1895,21.5784],[88.1787,21.591],[88.1671,21.5984],[88.1609,21.5922],[88.1682,21.5733],[88.1727,21.5534],[88.1854,21.5438],[88.198,21.5421]]],[[[87.8815,21.7453],[87.8968,21.7615],[87.8982,21.7729],[87.8804,21.7575],[87.8815,21.7453]]],[[[87.9281,21.6892],[87.9425,21.7196],[87.9324,21.7205],[87.9232,21.7097],[87.9212,21.6979],[87.9281,21.6892]]],[[[88.4868,21.8023],[88.4976,21.8123],[88.4917,21.8317],[88.4825,21.835],[88.4596,21.8141],[88.4574,21.808],[88.472,21.7993],[88.4868,21.8023]]],[[[88.3594,21.8048],[88.351,21.8212],[88.3497,21.8311],[88.3516,21.8539],[88.329,21.8601],[88.3157,21.8542],[88.3043,21.8306],[88.2689,21.8152],[88.2623,21.8002],[88.2754,21.7964],[88.2937,21.783],[88.2986,21.785],[88.3241,21.7848],[88.3338,21.7999],[88.3437,21.8018],[88.3525,21.7979],[88.3594,21.8048]]],[[[87.9502,21.5923],[87.9769,21.6086],[87.9863,21.6168],[87.9912,21.6277],[87.9911,21.6445],[87.9868,21.6662],[87.9904,21.6825],[87.977,21.6849],[87.9765,21.6692],[87.9631,21.6438],[87.9661,21.6307],[87.9486,21.6108],[87.9444,21.5986],[87.9502,21.5923]]],[[[89.0067,21.6593],[89.0147,21.6754],[89.0163,21.6913],[89.0046,21.703],[89.005,21.7144],[88.9774,21.7244],[88.9761,21.7195],[88.9896,21.7063],[88.994,21.6887],[88.9936,21.6672],[88.9912,21.6586],[89.0067,21.6593]]],[[[88.8378,21.605],[88.8297,21.6054],[88.8294,21.5808],[88.8322,21.5697],[88.829,21.56],[88.8435,21.546],[88.8669,21.5328],[88.8767,21.5332],[88.8955,21.5392],[88.9044,21.5473],[88.9063,21.5584],[88.9012,21.5715],[88.8813,21.5902],[88.8536,21.6012],[88.8378,21.605]]],[[[88.7736,21.6328],[88.775,21.6487],[88.7706,21.652],[88.7457,21.6465],[88.7163,21.6315],[88.7156,21.6195],[88.7058,21.6002],[88.7121,21.5785],[88.7289,21.5691],[88.7508,21.5698],[88.7646,21.5665],[88.7731,21.5736],[88.7931,21.5827],[88.7964,21.596],[88.7778,21.6172],[88.7736,21.6328]]],[[[88.5846,21.6015],[88.5807,21.6123],[88.5652,21.6249],[88.5392,21.6367],[88.5246,21.653],[88.519,21.6479],[88.5224,21.624],[88.5168,21.6149],[88.5136,21.5988],[88.5409,21.5883],[88.549,21.5648],[88.5603,21.5597],[88.5727,21.5702],[88.5841,21.5909],[88.5846,21.6015]]],[[[88.2057,21.6718],[88.1936,21.6842],[88.1968,21.692],[88.2086,21.7052],[88.204,21.7079],[88.1944,21.6962],[88.1819,21.6863],[88.1804,21.6679],[88.1867,21.649],[88.1975,21.628],[88.2046,21.6039],[88.2142,21.6019],[88.2124,21.617],[88.2253,21.6359],[88.2275,21.6501],[88.2251,21.666],[88.2057,21.6718]]],[[[88.9608,21.6423],[88.9561,21.6665],[88.9471,21.6624],[88.9397,21.6497],[88.9402,21.6408],[88.9555,21.6319],[88.9693,21.6194],[88.986,21.6175],[88.9924,21.6263],[88.9859,21.6416],[88.9608,21.6423]]],[[[88.6051,21.6149],[88.6033,21.6325],[88.5962,21.6472],[88.5821,21.6632],[88.5749,21.6885],[88.5705,21.6837],[88.5718,21.6622],[88.5608,21.6508],[88.5595,21.6413],[88.5865,21.6191],[88.6008,21.6117],[88.6051,21.6149]]],[[[88.3206,21.6069],[88.3257,21.6155],[88.3434,21.6304],[88.3471,21.6431],[88.3451,21.6591],[88.3489,21.6691],[88.3481,21.6847],[88.3376,21.6978],[88.3257,21.7033],[88.3098,21.7055],[88.3107,21.6923],[88.3155,21.6797],[88.3155,21.656],[88.3049,21.6256],[88.3086,21.6071],[88.3206,21.6069]]],[[[88.6343,21.651],[88.6416,21.6712],[88.6332,21.675],[88.6271,21.6582],[88.6343,21.651]]],[[[88.4063,21.7328],[88.3956,21.7422],[88.3741,21.7301],[88.4038,21.7199],[88.4024,21.7057],[88.3863,21.6883],[88.3827,21.6813],[88.3828,21.6485],[88.388,21.6438],[88.3862,21.6322],[88.3955,21.6202],[88.3889,21.6159],[88.3862,21.6053],[88.3942,21.5895],[88.4074,21.5944],[88.4057,21.6064],[88.4302,21.6255],[88.4292,21.6357],[88.4102,21.6514],[88.4139,21.6675],[88.4112,21.6844],[88.4153,21.698],[88.4206,21.7028],[88.4134,21.7256],[88.4063,21.7328]]],[[[88.5423,21.7012],[88.5391,21.7073],[88.5248,21.7181],[88.5207,21.7029],[88.5284,21.679],[88.5304,21.6561],[88.5464,21.6408],[88.5525,21.6449],[88.5568,21.6588],[88.5661,21.6695],[88.5625,21.7019],[88.5423,21.7012]]],[[[88.7401,21.6577],[88.7277,21.6682],[88.7103,21.6746],[88.6996,21.6947],[88.6954,21.7171],[88.6893,21.7123],[88.6894,21.699],[88.6853,21.689],[88.6861,21.6784],[88.6929,21.6755],[88.7087,21.6558],[88.7262,21.6439],[88.7424,21.6488],[88.7401,21.6577]]],[[[88.9664,21.7407],[88.9593,21.7515],[88.95,21.7574],[88.9272,21.7636],[88.9322,21.7456],[88.9314,21.7352],[88.9252,21.7264],[88.9281,21.7164],[88.9471,21.7035],[88.9524,21.6823],[88.9561,21.6809],[88.9648,21.6568],[88.9651,21.6482],[88.9856,21.6451],[88.9954,21.6276],[88.9986,21.6118],[88.9961,21.6003],[89.0201,21.5992],[89.0244,21.6135],[89.0165,21.6451],[89.011,21.6553],[88.9946,21.6523],[88.9831,21.6653],[88.9876,21.6797],[88.9875,21.6908],[88.9792,21.7086],[88.9671,21.7196],[88.9666,21.7287],[88.9772,21.7378],[88.9664,21.7407]]],[[[88.9204,21.6311],[88.9264,21.6533],[88.9346,21.6657],[88.9387,21.684],[88.9369,21.7008],[88.9134,21.7154],[88.9061,21.7288],[88.8904,21.7377],[88.8802,21.7404],[88.8667,21.7062],[88.8767,21.6907],[88.8835,21.6656],[88.8916,21.6511],[88.9058,21.6426],[88.9097,21.6349],[88.9204,21.6311]]],[[[89.0148,21.7781],[89.0116,21.8071],[89.0012,21.8116],[88.9958,21.8057],[88.9941,21.7874],[88.9658,21.7733],[88.9568,21.7665],[88.9675,21.7468],[88.9808,21.7468],[88.9765,21.7298],[88.9882,21.7263],[89.0124,21.7141],[89.0116,21.7055],[89.018,21.7003],[89.0213,21.6881],[89.0166,21.6666],[89.0239,21.6349],[89.0314,21.6355],[89.0353,21.615],[89.0416,21.6095],[89.0728,21.6125],[89.0766,21.6222],[89.0851,21.6265],[89.0931,21.6383],[89.0928,21.6522],[89.0858,21.6684],[89.072,21.6756],[89.0768,21.6814],[89.0722,21.69],[89.0637,21.6923],[89.0743,21.7036],[89.0605,21.7219],[89.0502,21.7288],[89.0544,21.7368],[89.0261,21.7587],[89.0148,21.7781]]],[[[88.8375,21.7661],[88.8153,21.7529],[88.796,21.7504],[88.7876,21.7424],[88.7798,21.7177],[88.7859,21.7123],[88.804,21.7162],[88.8191,21.7058],[88.8172,21.6807],[88.8211,21.6672],[88.8177,21.6574],[88.8091,21.6467],[88.8048,21.6345],[88.836,21.6194],[88.8549,21.6365],[88.856,21.6533],[88.8391,21.6929],[88.8393,21.7193],[88.8451,21.7335],[88.8588,21.7523],[88.8598,21.7625],[88.8375,21.7661]]],[[[88.45,21.7914],[88.4404,21.7873],[88.4255,21.7607],[88.4241,21.7508],[88.4281,21.7307],[88.4275,21.7155],[88.4319,21.7094],[88.432,21.6967],[88.4211,21.6888],[88.4177,21.6551],[88.4345,21.6375],[88.4382,21.6185],[88.4301,21.6049],[88.4386,21.6013],[88.4528,21.6111],[88.4563,21.6342],[88.4705,21.6746],[88.4695,21.6834],[88.4589,21.6969],[88.4514,21.7188],[88.4536,21.76],[88.458,21.7777],[88.4668,21.7863],[88.45,21.7914]]],[[[88.1835,21.6944],[88.201,21.7102],[88.2002,21.7235],[88.1829,21.706],[88.1835,21.6944]]],[[[88.1258,21.6736],[88.1243,21.687],[88.1351,21.6995],[88.1308,21.7178],[88.1232,21.7263],[88.1214,21.7385],[88.1303,21.7567],[88.1234,21.7598],[88.121,21.7741],[88.1034,21.7855],[88.0915,21.7854],[88.0797,21.7809],[88.0723,21.7725],[88.0738,21.7526],[88.0538,21.7216],[88.0532,21.7111],[88.0428,21.7067],[88.0326,21.6876],[88.0335,21.6629],[88.0411,21.659],[88.0438,21.6436],[88.065,21.6358],[88.0904,21.6344],[88.0998,21.6284],[88.1207,21.6238],[88.1378,21.6324],[88.1469,21.6451],[88.1368,21.6703],[88.1258,21.6736]]],[[[88.3718,21.7181],[88.3653,21.7212],[88.3591,21.7386],[88.3668,21.7608],[88.3643,21.7636],[88.3452,21.7582],[88.3432,21.7496],[88.347,21.7376],[88.3477,21.7213],[88.3419,21.7057],[88.3626,21.6866],[88.3732,21.6971],[88.3896,21.7044],[88.3939,21.7128],[88.3853,21.7191],[88.3718,21.7181]]],[[[88.5553,21.7615],[88.5581,21.7742],[88.5671,21.7792],[88.5677,21.7921],[88.5616,21.8034],[88.5526,21.8094],[88.5417,21.8058],[88.5311,21.7959],[88.5198,21.7914],[88.5102,21.7741],[88.5137,21.7658],[88.5073,21.7562],[88.5089,21.744],[88.5159,21.7386],[88.5199,21.7251],[88.5329,21.7295],[88.533,21.7206],[88.5487,21.7101],[88.5643,21.7077],[88.5664,21.6991],[88.5844,21.6888],[88.584,21.6784],[88.5906,21.6608],[88.5967,21.6576],[88.6069,21.6771],[88.6048,21.6884],[88.594,21.6958],[88.5887,21.7044],[88.5914,21.714],[88.5736,21.7253],[88.567,21.7378],[88.5728,21.7475],[88.5669,21.7609],[88.5553,21.7615]]],[[[87.9427,21.7459],[87.9573,21.7565],[87.957,21.7715],[87.9497,21.769],[87.9323,21.7479],[87.9427,21.7459]]],[[[88.8951,21.7845],[88.8783,21.8056],[88.8756,21.8207],[88.8768,21.8363],[88.8709,21.8526],[88.85,21.8623],[88.8449,21.8582],[88.8424,21.8333],[88.8441,21.8114],[88.836,21.7885],[88.8665,21.7797],[88.8743,21.7705],[88.8828,21.7524],[88.9111,21.7344],[88.9225,21.7406],[88.9232,21.7494],[88.898,21.7532],[88.8932,21.7638],[88.8951,21.7845]]],[[[88.7773,21.8688],[88.7616,21.8776],[88.7426,21.896],[88.7344,21.8969],[88.722,21.905],[88.7138,21.9016],[88.7117,21.8893],[88.7042,21.8698],[88.6958,21.8596],[88.7019,21.8489],[88.6975,21.8368],[88.7051,21.8262],[88.7119,21.809],[88.7118,21.7932],[88.7039,21.7687],[88.6939,21.7578],[88.6928,21.7411],[88.6993,21.7302],[88.7064,21.7106],[88.7095,21.6948],[88.7464,21.6621],[88.7532,21.6671],[88.7672,21.6661],[88.7892,21.6537],[88.8048,21.6553],[88.8088,21.67],[88.8055,21.6983],[88.7997,21.7053],[88.7811,21.7014],[88.7606,21.6895],[88.755,21.7074],[88.7582,21.7152],[88.7689,21.7244],[88.7506,21.7339],[88.7485,21.7432],[88.753,21.7627],[88.7449,21.77],[88.7471,21.7798],[88.7706,21.7927],[88.7564,21.7721],[88.7656,21.7681],[88.7574,21.7497],[88.7589,21.7409],[88.7705,21.7351],[88.7807,21.7378],[88.7844,21.7571],[88.7799,21.7709],[88.7925,21.7901],[88.7926,21.8001],[88.8117,21.8142],[88.8167,21.8226],[88.8263,21.8611],[88.8209,21.8685],[88.8088,21.8664],[88.7996,21.8691],[88.7899,21.865],[88.7773,21.8688]]],[[[88.8208,21.764],[88.8231,21.7914],[88.8288,21.8106],[88.8204,21.8192],[88.7975,21.784],[88.7859,21.7727],[88.7915,21.7566],[88.8091,21.7556],[88.8208,21.764]]],[[[88.6135,21.786],[88.5959,21.785],[88.5905,21.7769],[88.5894,21.765],[88.5935,21.7558],[88.6151,21.7457],[88.6191,21.7342],[88.6148,21.7249],[88.6005,21.7119],[88.611,21.707],[88.6292,21.7354],[88.6262,21.7521],[88.6252,21.7756],[88.6135,21.786]]],[[[88.5949,21.7232],[88.614,21.733],[88.6122,21.7407],[88.597,21.747],[88.5857,21.7573],[88.5829,21.7707],[88.5722,21.7708],[88.5707,21.7638],[88.58,21.7521],[88.5816,21.7268],[88.5949,21.7232]]],[[[88.3019,21.719],[88.2989,21.755],[88.2884,21.7703],[88.2854,21.7347],[88.2944,21.7208],[88.3019,21.719]]],[[[88.3845,21.7453],[88.3857,21.7603],[88.3719,21.7647],[88.363,21.738],[88.3801,21.7412],[88.3845,21.7453]]],[[[88.4243,21.7978],[88.4211,21.8073],[88.3977,21.7956],[88.3823,21.782],[88.3846,21.7698],[88.3984,21.7547],[88.4034,21.7389],[88.4202,21.7266],[88.4188,21.7662],[88.4375,21.7895],[88.4381,21.7954],[88.4243,21.7978]]],[[[88.354,21.796],[88.334,21.7957],[88.3256,21.7816],[88.3037,21.7802],[88.3011,21.7751],[88.3087,21.7353],[88.3067,21.7145],[88.3274,21.7072],[88.3236,21.7253],[88.3384,21.722],[88.343,21.7281],[88.3382,21.7525],[88.3421,21.7609],[88.3676,21.7703],[88.3714,21.7855],[88.3658,21.7945],[88.354,21.796]]],[[[88.1329,21.8734],[88.1207,21.8663],[88.1161,21.8536],[88.106,21.8456],[88.0856,21.7982],[88.0842,21.7925],[88.1115,21.7906],[88.1218,21.7829],[88.1382,21.7538],[88.1275,21.7354],[88.1279,21.7307],[88.1421,21.7068],[88.1395,21.6923],[88.1277,21.6829],[88.1367,21.678],[88.1491,21.6806],[88.1492,21.6926],[88.1568,21.7033],[88.1708,21.7379],[88.1651,21.7647],[88.1644,21.7986],[88.1671,21.8119],[88.1653,21.8241],[88.1555,21.834],[88.1329,21.8734]]],[[[88.982,21.8961],[88.974,21.8943],[88.9762,21.8694],[88.9516,21.8456],[88.9562,21.83],[88.9685,21.8298],[88.9785,21.8206],[88.9787,21.8122],[88.9722,21.8043],[88.9517,21.7949],[88.9514,21.7872],[88.966,21.7803],[88.9786,21.7871],[88.9949,21.8161],[89.0141,21.817],[89.0233,21.8232],[89.0276,21.8316],[89.0266,21.8431],[89.0211,21.8471],[89.0249,21.8666],[89.0164,21.8741],[89.0026,21.8797],[88.982,21.8961]]],[[[88.0942,21.867],[88.1037,21.8897],[88.0916,21.8937],[88.0879,21.8729],[88.0942,21.867]]],[[[88.5203,21.8282],[88.5262,21.8414],[88.5187,21.8518],[88.5027,21.853],[88.4953,21.8423],[88.5038,21.8275],[88.5203,21.8282]]],[[[88.6079,21.7982],[88.6117,21.8009],[88.6053,21.8185],[88.6145,21.8269],[88.6024,21.8355],[88.6014,21.842],[88.5886,21.8487],[88.5774,21.8342],[88.5768,21.8154],[88.5863,21.8043],[88.5955,21.799],[88.6079,21.7982]]],[[[88.6325,21.8698],[88.6285,21.8822],[88.6193,21.8968],[88.6022,21.8769],[88.5971,21.8649],[88.5979,21.8556],[88.6169,21.8367],[88.6185,21.8247],[88.6144,21.8126],[88.6251,21.7958],[88.641,21.789],[88.6449,21.793],[88.6439,21.8106],[88.6484,21.8233],[88.6516,21.8703],[88.6325,21.8698]]],[[[88.9435,21.9149],[88.9153,21.933],[88.8942,21.9147],[88.8763,21.9137],[88.8688,21.9164],[88.8506,21.9147],[88.8278,21.9273],[88.8227,21.918],[88.8378,21.9091],[88.8538,21.8894],[88.8636,21.8591],[88.8772,21.8519],[88.8866,21.8292],[88.8883,21.8023],[88.9004,21.7885],[88.9007,21.7622],[88.9084,21.7573],[88.9163,21.767],[88.9302,21.7709],[88.9486,21.7691],[88.9505,21.7764],[88.9425,21.7847],[88.9451,21.8008],[88.9655,21.8065],[88.9707,21.8156],[88.9676,21.8242],[88.9477,21.8275],[88.9428,21.8386],[88.9471,21.8518],[88.9591,21.866],[88.967,21.868],[88.969,21.8826],[88.9679,21.9085],[88.9592,21.9072],[88.9435,21.9149]]],[[[88.8375,21.8778],[88.8374,21.891],[88.8328,21.8971],[88.8174,21.9006],[88.8059,21.8784],[88.8103,21.8718],[88.8195,21.8744],[88.8316,21.8699],[88.8375,21.8778]]],[[[88.6384,21.9222],[88.6265,21.9062],[88.6263,21.8987],[88.6385,21.8768],[88.6516,21.8775],[88.6569,21.8911],[88.6655,21.9007],[88.6674,21.9134],[88.6497,21.9214],[88.6384,21.9222]]],[[[88.5552,21.8183],[88.5498,21.8323],[88.5575,21.8515],[88.5523,21.873],[88.5449,21.8526],[88.5335,21.8464],[88.5363,21.8313],[88.5487,21.8193],[88.5552,21.8183]]],[[[88.4897,21.8476],[88.4871,21.864],[88.4747,21.8898],[88.4516,21.8998],[88.4438,21.907],[88.4204,21.9005],[88.4153,21.8903],[88.4001,21.8776],[88.4009,21.8626],[88.3945,21.8499],[88.3932,21.8266],[88.3989,21.8065],[88.4194,21.8136],[88.4304,21.8032],[88.4461,21.8077],[88.447,21.8172],[88.453,21.8254],[88.4653,21.8307],[88.465,21.8462],[88.4828,21.8397],[88.4897,21.8476]]],[[[88.5735,21.8774],[88.5569,21.8735],[88.5628,21.8601],[88.5648,21.8344],[88.5737,21.8584],[88.5709,21.8674],[88.5735,21.8774]]],[[[88.573,21.8848],[88.5698,21.8982],[88.5621,21.8942],[88.5591,21.8841],[88.573,21.8848]]],[[[88.7374,21.9227],[88.7209,21.9278],[88.7171,21.9165],[88.7392,21.9021],[88.745,21.9026],[88.7666,21.8814],[88.778,21.8767],[88.7894,21.8831],[88.7956,21.8789],[88.8087,21.8951],[88.8096,21.913],[88.7626,21.9282],[88.748,21.9273],[88.7374,21.9227]]],[[[88.1301,21.9001],[88.1399,21.9113],[88.1415,21.9206],[88.1221,21.9328],[88.1105,21.9233],[88.1214,21.9006],[88.1301,21.9001]]],[[[88.7455,27.142],[88.7346,27.1348],[88.7244,27.1354],[88.7165,27.1415],[88.7163,27.1539],[88.7066,27.1664],[88.6822,27.1768],[88.6724,27.1748],[88.6574,27.1597],[88.6374,27.1625],[88.6224,27.1793],[88.6069,27.1811],[88.589,27.1893],[88.5413,27.1818],[88.5331,27.1767],[88.5272,27.1663],[88.5291,27.1478],[88.5187,27.1469],[88.5141,27.1398],[88.4894,27.1237],[88.4752,27.1208],[88.4662,27.1122],[88.4643,27.1007],[88.4562,27.0874],[88.4306,27.0794],[88.4129,27.0863],[88.3971,27.0886],[88.3819,27.0944],[88.3566,27.0953],[88.3419,27.1097],[88.3244,27.1055],[88.3166,27.1256],[88.302,27.1289],[88.2952,27.1259],[88.2787,27.1305],[88.2322,27.1185],[88.2156,27.1316],[88.2049,27.1334],[88.1817,27.1325],[88.1736,27.1286],[88.1625,27.1136],[88.1536,27.1098],[88.1373,27.1159],[88.1337,27.1218],[88.121,27.1239],[88.1114,27.13],[88.0962,27.1334],[88.0897,27.1418],[88.0866,27.1646],[88.0782,27.1726],[88.0743,27.1929],[88.0788,27.2013],[88.065,27.2133],[88.04,27.2206],[88.0288,27.2207],[88.0148,27.2117],[88.013,27.2023],[88.0144,27.1757],[88.0089,27.141],[87.9948,27.1315],[87.9909,27.1218],[87.9936,27.1047],[88.0071,27.1016],[88.0215,27.0839],[88.0172,27.076],[88.0299,27.0508],[88.0398,27.0354],[88.0453,27.0367],[88.0606,27.0299],[88.0799,27.0343],[88.0902,27.007],[88.1022,27.0005],[88.1107,26.9902],[88.1331,26.9823],[88.1231,26.9676],[88.121,26.9505],[88.1376,26.9324],[88.1445,26.913],[88.1384,26.8975],[88.1452,26.8892],[88.1625,26.877],[88.1715,26.8667],[88.1726,26.8536],[88.1663,26.85],[88.174,26.8329],[88.1704,26.8251],[88.1798,26.8146],[88.1783,26.8063],[88.182,26.7839],[88.1864,26.774],[88.1859,26.7377],[88.1814,26.7199],[88.1669,26.6994],[88.1675,26.6835],[88.1628,26.6464],[88.1546,26.6307],[88.1408,26.6226],[88.1385,26.6056],[88.1301,26.6008],[88.1302,26.5733],[88.1122,26.5714],[88.1054,26.5511],[88.1134,26.5484],[88.1349,26.5235],[88.1483,26.5243],[88.1665,26.5356],[88.1658,26.5449],[88.1714,26.5536],[88.1816,26.554],[88.1892,26.5596],[88.2164,26.5533],[88.2211,26.5611],[88.2145,26.5672],[88.2169,26.5744],[88.2328,26.571],[88.2354,26.5448],[88.2127,26.5327],[88.2083,26.5243],[88.1965,26.5214],[88.1824,26.5083],[88.1885,26.4953],[88.1983,26.4848],[88.2257,26.4801],[88.2347,26.4599],[88.242,26.4567],[88.2506,26.4335],[88.2631,26.4293],[88.2609,26.4196],[88.2442,26.3985],[88.2341,26.3918],[88.2396,26.3802],[88.2521,26.374],[88.2663,26.3805],[88.2819,26.3749],[88.2878,26.3576],[88.2864,26.3318],[88.2808,26.327],[88.2575,26.3319],[88.2565,26.3325],[88.2503,26.3114],[88.241,26.3006],[88.2308,26.3007],[88.2277,26.2849],[88.2051,26.2776],[88.201,26.2706],[88.1854,26.2705],[88.18,26.2567],[88.1674,26.2531],[88.157,26.2557],[88.146,26.2502],[88.1385,26.2406],[88.1417,26.2263],[88.1227,26.2263],[88.1051,26.2088],[88.092,26.2023],[88.0895,26.1915],[88.0785,26.187],[88.0732,26.1752],[88.0599,26.1711],[88.0492,26.177],[88.0348,26.1792],[88.0322,26.1705],[88.0186,26.16],[88.0138,26.1492],[87.9983,26.1397],[87.9938,26.1488],[87.9797,26.1442],[87.9795,26.1306],[87.9756,26.1181],[87.9881,26.1126],[87.9844,26.1018],[87.9645,26.096],[87.9807,26.0851],[87.973,26.0756],[87.9581,26.0733],[87.9498,26.0602],[87.9351,26.0642],[87.9299,26.0715],[87.931,26.0823],[87.9064,26.0744],[87.9012,26.0649],[87.8905,26.0606],[87.8929,26.0527],[87.8797,26.0393],[87.8733,26.0414],[87.8647,26.0344],[87.8554,26.0351],[87.8568,26.0247],[87.8511,25.9981],[87.8457,25.9822],[87.8486,25.9768],[87.8452,25.9624],[87.8345,25.9463],[87.8407,25.9406],[87.8344,25.9303],[87.8209,25.9362],[87.8108,25.928],[87.8154,25.9091],[87.8223,25.8997],[87.8307,25.8709],[87.8644,25.8675],[87.8758,25.8605],[87.8859,25.8599],[87.8923,25.8658],[87.9137,25.8518],[87.9085,25.8451],[87.8927,25.8359],[87.8904,25.8286],[87.907,25.8202],[87.9001,25.8071],[87.9054,25.8028],[87.9099,25.7809],[87.9243,25.7772],[87.9352,25.769],[87.9451,25.7699],[87.95,25.7489],[87.9683,25.7343],[87.9679,25.7261],[87.9839,25.7206],[87.9864,25.7255],[88.001,25.7221],[88.0022,25.7161],[88.0215,25.7103],[88.021,25.6964],[88.0323,25.7043],[88.0497,25.7022],[88.0553,25.6915],[88.0493,25.6834],[88.05,25.6673],[88.0351,25.6257],[88.0409,25.621],[88.0423,25.6087],[88.0309,25.6073],[88.0216,25.5962],[88.0245,25.5826],[88.0312,25.5761],[88.0314,25.5541],[88.0522,25.5492],[88.0542,25.5412],[88.0624,25.5365],[88.0654,25.5232],[88.0715,25.5158],[88.0732,25.4837],[88.0653,25.4894],[88.046,25.488],[88.0306,25.4907],[88.0182,25.5033],[88.0135,25.5141],[88.0018,25.5131],[88.0076,25.4964],[87.9971,25.5003],[87.9941,25.5142],[87.9832,25.5254],[87.9697,25.5289],[87.9662,25.5363],[87.9525,25.5378],[87.9399,25.5351],[87.926,25.5387],[87.9089,25.5193],[87.9027,25.5048],[87.8889,25.5186],[87.8856,25.5102],[87.8661,25.497],[87.8641,25.4764],[87.8535,25.4672],[87.8392,25.468],[87.8306,25.4619],[87.8303,25.4489],[87.824,25.4365],[87.8143,25.435],[87.8027,25.4441],[87.787,25.4493],[87.7852,25.4372],[87.7769,25.4242],[87.7791,25.4117],[87.7676,25.4018],[87.7643,25.386],[87.7761,25.3769],[87.7895,25.3769],[87.7874,25.3519],[87.7842,25.3401],[87.7928,25.3296],[87.8084,25.3276],[87.8276,25.3117],[87.8462,25.3051],[87.8524,25.2952],[87.8513,25.2801],[87.8464,25.2765],[87.8452,25.2634],[87.8314,25.2555],[87.8295,25.2492],[87.819,25.2425],[87.7988,25.2514],[87.7885,25.2584],[87.7636,25.2648],[87.7429,25.2641],[87.7114,25.2577],[87.7787,25.2505],[87.7778,25.2349],[87.7732,25.2212],[87.7729,25.2058],[87.7814,25.1799],[87.7821,25.1624],[87.7792,25.1436],[87.7889,25.1348],[87.8014,25.1152],[87.8016,25.1043],[87.7946,25.0897],[87.8102,25.0758],[87.8351,25.059],[87.8484,25.0535],[87.8767,25.0344],[87.896,25.011],[87.9108,25.0017],[87.9228,25.0006],[87.9399,24.9914],[87.9538,24.978],[87.958,24.9699],[87.9623,24.9378],[87.9611,24.9227],[87.9524,24.9081],[87.9153,24.883],[87.8908,24.8552],[87.8997,24.8444],[87.8967,24.8297],[87.8862,24.8229],[87.8756,24.8218],[87.8748,24.8068],[87.8816,24.799],[87.8785,24.7904],[87.8686,24.789],[87.869,24.7748],[87.8521,24.7618],[87.8433,24.7694],[87.8429,24.7688],[87.8321,24.7866],[87.8298,24.7696],[87.8228,24.7701],[87.819,24.7539],[87.8293,24.7533],[87.8367,24.746],[87.86,24.7341],[87.8746,24.7326],[87.8852,24.7401],[87.8879,24.7282],[87.9075,24.7216],[87.8984,24.6885],[87.8898,24.6826],[87.8905,24.6755],[87.9171,24.6658],[87.9113,24.6517],[87.9143,24.6385],[87.9058,24.6314],[87.9057,24.6148],[87.9115,24.6103],[87.9133,24.5972],[87.9084,24.5852],[87.8925,24.5814],[87.8919,24.5656],[87.8688,24.5643],[87.8653,24.5568],[87.8542,24.559],[87.8278,24.5578],[87.8265,24.5694],[87.8123,24.5788],[87.792,24.584],[87.7717,24.5837],[87.7706,24.5746],[87.7884,24.5715],[87.7997,24.5652],[87.8088,24.5475],[87.7986,24.5392],[87.7991,24.5258],[87.8037,24.5085],[87.8122,24.5082],[87.8165,24.4897],[87.8107,24.4771],[87.8227,24.4702],[87.8238,24.4584],[87.8034,24.4543],[87.7952,24.4369],[87.7887,24.4155],[87.8011,24.4093],[87.8007,24.3821],[87.7936,24.3825],[87.787,24.3637],[87.7735,24.3511],[87.7636,24.338],[87.7615,24.3083],[87.7547,24.3098],[87.7465,24.2985],[87.7289,24.2885],[87.727,24.2892],[87.7132,24.2939],[87.706,24.2612],[87.7001,24.2628],[87.6887,24.2528],[87.6717,24.2433],[87.6621,24.2453],[87.6532,24.2393],[87.6469,24.252],[87.6359,24.2418],[87.6462,24.2302],[87.6392,24.214],[87.6558,24.2076],[87.6744,24.2076],[87.6766,24.1955],[87.6984,24.1873],[87.7021,24.1745],[87.6958,24.1612],[87.6937,24.1486],[87.675,24.1424],[87.6744,24.1422],[87.6755,24.1513],[87.6569,24.1585],[87.6414,24.153],[87.6307,24.1642],[87.6157,24.1658],[87.5936,24.1596],[87.5815,24.1624],[87.5782,24.1554],[87.6102,24.1329],[87.602,24.1268],[87.5852,24.1242],[87.5833,24.1141],[87.5746,24.1124],[87.5713,24.0892],[87.5588,24.0814],[87.5468,24.085],[87.535,24.0953],[87.5305,24.1074],[87.5221,24.1122],[87.511,24.1108],[87.4996,24.1157],[87.5003,24.1017],[87.4906,24.0889],[87.5018,24.0851],[87.5018,24.0756],[87.4905,24.0709],[87.4973,24.0634],[87.4933,24.0541],[87.5092,24.0482],[87.5091,24.0322],[87.4966,24.0251],[87.4906,24.0178],[87.4755,24.0124],[87.4523,24.0163],[87.4445,24.0072],[87.4607,23.9964],[87.46,23.9842],[87.4497,23.9888],[87.4402,23.9816],[87.4154,23.9935],[87.3605,24.0129],[87.3514,23.9985],[87.3292,23.9987],[87.319,24.0075],[87.3265,24.0177],[87.3362,24.0209],[87.337,24.034],[87.3163,24.0354],[87.3063,24.0316],[87.2916,24.0331],[87.2882,24.0285],[87.2665,24.038],[87.26,24.0375],[87.2475,24.0453],[87.2344,24.0325],[87.2351,24.0218],[87.2477,23.9987],[87.2628,24.0036],[87.2678,23.9897],[87.2619,23.9813],[87.2624,23.9673],[87.2796,23.9603],[87.2916,23.9585],[87.2912,23.9434],[87.2848,23.9387],[87.291,23.9076],[87.2951,23.9013],[87.2822,23.886],[87.275,23.8839],[87.2695,23.8744],[87.261,23.8863],[87.2518,23.9128],[87.2444,23.903],[87.2448,23.8823],[87.241,23.8704],[87.2439,23.8586],[87.2558,23.8439],[87.2407,23.8258],[87.2302,23.8251],[87.2174,23.8299],[87.2235,23.8457],[87.2304,23.8457],[87.2377,23.8548],[87.2225,23.858],[87.2141,23.851],[87.1876,23.8486],[87.1745,23.8547],[87.1649,23.8651],[87.1294,23.8689],[87.13,23.8536],[87.1394,23.8482],[87.154,23.8293],[87.1673,23.8251],[87.1517,23.7987],[87.1398,23.8038],[87.1311,23.7982],[87.1199,23.7978],[87.1025,23.8047],[87.0965,23.8139],[87.0867,23.8089],[87.0535,23.8227],[87.0403,23.8373],[87.0108,23.8525],[86.9863,23.8596],[86.9739,23.8689],[86.9657,23.8654],[86.9627,23.8494],[86.9469,23.8461],[86.9357,23.8522],[86.9307,23.8711],[86.9157,23.8832],[86.8935,23.8771],[86.8846,23.8658],[86.8888,23.8586],[86.8886,23.8436],[86.8945,23.835],[86.8943,23.8262],[86.8803,23.8293],[86.8791,23.8425],[86.8747,23.8476],[86.8634,23.8446],[86.8612,23.8345],[86.8533,23.8258],[86.8414,23.8239],[86.8242,23.8139],[86.8128,23.8202],[86.815,23.8302],[86.8062,23.8375],[86.8004,23.8339],[86.8088,23.8193],[86.804,23.8024],[86.8257,23.7776],[86.8283,23.7533],[86.8117,23.7451],[86.8082,23.7242],[86.799,23.7047],[86.8046,23.6961],[86.7985,23.6884],[86.7894,23.6877],[86.7712,23.6809],[86.7453,23.68],[86.7396,23.6945],[86.7182,23.6991],[86.7047,23.697],[86.6826,23.6884],[86.6614,23.6872],[86.6342,23.6771],[86.6216,23.6744],[86.5983,23.6739],[86.5991,23.6657],[86.5782,23.6526],[86.5745,23.6476],[86.5271,23.6296],[86.4906,23.6377],[86.4567,23.6234],[86.4563,23.6217],[86.4464,23.6175],[86.4487,23.6014],[86.4209,23.5897],[86.415,23.5768],[86.3974,23.5787],[86.3878,23.5741],[86.3885,23.5602],[86.3674,23.5398],[86.3646,23.522],[86.3751,23.5121],[86.3644,23.5016],[86.3682,23.4834],[86.3781,23.4846],[86.3793,23.4738],[86.3643,23.4718],[86.3579,23.4625],[86.36,23.4522],[86.3505,23.4417],[86.3448,23.4412],[86.3443,23.4408],[86.3326,23.4465],[86.3195,23.4434],[86.3054,23.4346],[86.3174,23.4271],[86.3169,23.4159],[86.3101,23.4118],[86.2902,23.4182],[86.2886,23.4295],[86.2641,23.4308],[86.2523,23.4268],[86.2604,23.4185],[86.2497,23.4109],[86.2457,23.4233],[86.2348,23.4213],[86.2305,23.4301],[86.2367,23.4452],[86.2474,23.4564],[86.2329,23.4623],[86.2288,23.4434],[86.1803,23.4609],[86.1819,23.4679],[86.1595,23.4685],[86.1485,23.4654],[86.1508,23.4821],[86.1583,23.4925],[86.1605,23.5083],[86.1531,23.5118],[86.1485,23.5246],[86.1558,23.5319],[86.1578,23.5413],[86.1516,23.5481],[86.1586,23.5595],[86.1475,23.5628],[86.1314,23.5626],[86.1098,23.568],[86.0947,23.5631],[86.0744,23.5689],[86.0747,23.5757],[86.0536,23.5845],[86.042,23.5862],[86.0406,23.576],[86.0307,23.5725],[86.0186,23.5597],[86.0168,23.5475],[86.0397,23.5149],[86.0388,23.4979],[86.0565,23.4951],[86.0541,23.4869],[86.0319,23.4835],[86.0256,23.4863],[85.9778,23.4768],[85.9619,23.4768],[85.9503,23.4709],[85.9331,23.4733],[85.9091,23.4843],[85.8761,23.4808],[85.8676,23.4647],[85.8614,23.439],[85.8636,23.4316],[85.8845,23.43],[85.8817,23.4201],[85.8905,23.4089],[85.8907,23.3972],[85.8702,23.3895],[85.8746,23.3776],[85.8761,23.3579],[85.8835,23.3517],[85.8743,23.3429],[85.8651,23.3403],[85.8679,23.3295],[85.8394,23.3073],[85.8308,23.2872],[85.8206,23.2704],[85.8235,23.2595],[85.838,23.247],[85.8392,23.2317],[85.8364,23.2216],[85.8643,23.222],[85.8834,23.196],[85.8821,23.1683],[85.8951,23.155],[85.9111,23.1527],[85.9167,23.1462],[85.9287,23.1515],[85.9512,23.1522],[85.9581,23.1609],[85.9967,23.1501],[86.0188,23.148],[86.0237,23.1445],[86.0375,23.1471],[86.0548,23.1239],[86.0492,23.1061],[86.075,23.0946],[86.0895,23.0952],[86.0981,23.0854],[86.127,23.0868],[86.1377,23.0767],[86.1459,23.0755],[86.1416,23.0573],[86.1576,23.048],[86.156,23.0329],[86.1802,23.0197],[86.1855,23.0052],[86.2075,23.0082],[86.2067,23.0003],[86.2244,22.9946],[86.2374,22.9951],[86.265,23.0002],[86.2719,23.0062],[86.2932,23.0139],[86.3089,23.0084],[86.31,23.0042],[86.3379,22.9906],[86.3418,22.9968],[86.364,23.0009],[86.37,22.998],[86.3713,22.9975],[86.3858,22.996],[86.3939,22.981],[86.4256,22.9968],[86.465,22.9888],[86.4703,22.9918],[86.4977,22.9928],[86.5206,22.9705],[86.5286,22.9805],[86.5476,22.9887],[86.5492,22.9784],[86.5445,22.9698],[86.5334,22.9621],[86.5255,22.9473],[86.5029,22.9515],[86.4912,22.9387],[86.4782,22.9461],[86.465,22.9449],[86.4628,22.937],[86.4529,22.931],[86.4428,22.9307],[86.4362,22.9229],[86.4473,22.9084],[86.4647,22.8949],[86.4532,22.8857],[86.4509,22.8624],[86.4378,22.8633],[86.4329,22.8533],[86.4358,22.8294],[86.4224,22.8108],[86.425,22.8007],[86.4194,22.791],[86.4325,22.775],[86.4397,22.7737],[86.451,22.7638],[86.4587,22.7646],[86.4695,22.7541],[86.4718,22.745],[86.4818,22.7319],[86.4936,22.7266],[86.5029,22.7172],[86.523,22.721],[86.5346,22.7179],[86.5428,22.7222],[86.5527,22.7171],[86.562,22.7068],[86.5843,22.6917],[86.5952,22.69],[86.6193,22.6785],[86.6273,22.6684],[86.6413,22.6587],[86.6379,22.6519],[86.6379,22.6256],[86.6331,22.611],[86.6385,22.5985],[86.656,22.5915],[86.6527,22.5825],[86.6585,22.5757],[86.6788,22.5752],[86.6837,22.579],[86.7101,22.5831],[86.7305,22.5776],[86.7575,22.5786],[86.7658,22.5757],[86.7669,22.5588],[86.7762,22.5496],[86.7861,22.5497],[86.7867,22.5381],[86.7946,22.517],[86.7931,22.5106],[86.802,22.5018],[86.794,22.4956],[86.8008,22.4879],[86.7937,22.4777],[86.7512,22.4827],[86.7472,22.4745],[86.751,22.4564],[86.7595,22.4447],[86.7647,22.4266],[86.7854,22.4247],[86.813,22.4191],[86.8312,22.4112],[86.8439,22.4015],[86.8455,22.3906],[86.8411,22.3822],[86.8431,22.373],[86.832,22.3484],[86.8332,22.3245],[86.8537,22.3145],[86.876,22.3009],[86.8881,22.2971],[86.8902,22.285],[86.8871,22.2576],[86.8491,22.264],[86.8301,22.2635],[86.8231,22.2661],[86.8198,22.2537],[86.8096,22.2507],[86.7981,22.2524],[86.8011,22.2656],[86.7922,22.2663],[86.7943,22.2438],[86.8125,22.2412],[86.8022,22.2179],[86.7917,22.2222],[86.7852,22.2152],[86.7782,22.2181],[86.7865,22.2366],[86.7777,22.2368],[86.7707,22.2206],[86.7569,22.2113],[86.7447,22.2159],[86.727,22.2168],[86.7214,22.2014],[86.7228,22.1899],[86.7179,22.1816],[86.7218,22.1468],[86.7386,22.1493],[86.7702,22.1492],[86.7888,22.1532],[86.7948,22.1572],[86.8043,22.1499],[86.8052,22.1325],[86.8132,22.1266],[86.8089,22.1192],[86.8202,22.1155],[86.8283,22.1178],[86.8378,22.0977],[86.8464,22.0962],[86.8519,22.1029],[86.8623,22.1017],[86.907,22.0918],[86.9375,22.09],[86.9465,22.0856],[86.9601,22.0879],[86.9713,22.0789],[86.9716,22.0732],[86.9926,22.055],[87.0097,22.0473],[87.0166,22.0473],[87.0282,22.0379],[87.0234,22.0206],[87.032,21.9957],[87.0301,21.9838],[87.0223,21.974],[87.0183,21.9609],[87.0094,21.9476],[87.0019,21.913],[87.0101,21.9006],[87.0229,21.8929],[87.0293,21.8758],[87.0397,21.8674],[87.0574,21.866],[87.0736,21.8674],[87.0986,21.8658],[87.0958,21.8821],[87.0994,21.8915],[87.0909,21.8992],[87.0967,21.9145],[87.1088,21.9232],[87.1199,21.9272],[87.1373,21.9236],[87.1632,21.9396],[87.1611,21.9534],[87.1634,21.9691],[87.1745,21.9772],[87.1773,21.9699],[87.1962,21.9595],[87.2114,21.9648],[87.2359,21.9571],[87.236,21.9436],[87.2551,21.9267],[87.2516,21.9177],[87.2425,21.9126],[87.2389,21.8999],[87.2515,21.8751],[87.2466,21.8613],[87.2488,21.8538],[87.2579,21.8498],[87.2653,21.8389],[87.2639,21.8189],[87.2745,21.8173],[87.2765,21.8052],[87.2857,21.8036],[87.298,21.8108],[87.2992,21.8009],[87.3097,21.7993],[87.3106,21.7927],[87.3295,21.7903],[87.3378,21.7837],[87.3473,21.7921],[87.3554,21.7911],[87.3588,21.7817],[87.3669,21.7806],[87.374,21.772],[87.3869,21.7758],[87.3959,21.7661],[87.4073,21.7691],[87.4444,21.7682],[87.4443,21.7529],[87.4581,21.7339],[87.4636,21.7317],[87.4669,21.7187],[87.4735,21.7131],[87.4706,21.7052],[87.4719,21.6843],[87.4668,21.6785],[87.4683,21.6641],[87.4623,21.6628],[87.462,21.6507],[87.4729,21.6517],[87.4807,21.6353],[87.4862,21.6098],[87.536,21.6194],[87.5514,21.6252],[87.5943,21.6372],[87.6281,21.6443],[87.6361,21.6603],[87.6494,21.6609],[87.6483,21.6487],[87.6682,21.6488],[87.6944,21.6582],[87.7416,21.6813],[87.7465,21.694],[87.7756,21.6947],[87.8064,21.7089],[87.8494,21.7405],[87.8779,21.7711],[87.882,21.785],[87.8778,21.8014],[87.8912,21.794],[87.8997,21.7941],[87.9488,21.8242],[87.9553,21.8303],[87.9629,21.8451],[87.9866,21.8707],[87.9953,21.8895],[87.9974,21.9031],[88.0122,21.9272],[88.0198,21.9569],[88.0255,21.9674],[88.0485,21.9974],[88.0438,22.0125],[88.0358,22.015],[88.0227,22.0352],[88.0135,22.0614],[87.9972,22.0689],[87.9929,22.0757],[88.0129,22.0763],[88.0196,22.0719],[88.0298,22.0495],[88.039,22.0345],[88.0601,22.0179],[88.0801,22.0221],[88.0978,22.0283],[88.1402,22.0623],[88.1518,22.0663],[88.1674,22.0782],[88.1867,22.1046],[88.1862,22.1171],[88.177,22.1235],[88.1662,22.1391],[88.1698,22.1491],[88.1563,22.1654],[88.1362,22.1854],[88.1153,22.1905],[88.1012,22.1915],[88.0729,22.1847],[88.0599,22.1905],[88.0433,22.2051],[88.0166,22.207],[87.9905,22.2255],[87.996,22.2318],[87.9954,22.2458],[88.0054,22.2425],[88.0172,22.2268],[88.0345,22.219],[88.0461,22.2236],[88.0649,22.2423],[88.0677,22.2557],[88.0842,22.2561],[88.0839,22.2404],[88.0701,22.2209],[88.0668,22.2095],[88.0955,22.212],[88.1032,22.2148],[88.132,22.2019],[88.1765,22.1915],[88.1894,22.1822],[88.205,22.1492],[88.204,22.137],[88.2192,22.1025],[88.2223,22.0727],[88.2135,22.0378],[88.2079,22.0265],[88.1877,21.9953],[88.1456,21.9591],[88.1647,21.9435],[88.1695,21.912],[88.1651,21.8981],[88.1641,21.8836],[88.1808,21.8568],[88.1918,21.8479],[88.1955,21.8262],[88.2041,21.7962],[88.2121,21.7831],[88.2134,21.7456],[88.2101,21.725],[88.22,21.7022],[88.2048,21.6901],[88.2028,21.6826],[88.2243,21.675],[88.2299,21.6697],[88.236,21.645],[88.2304,21.6335],[88.2203,21.6219],[88.2188,21.6093],[88.2285,21.5957],[88.2325,21.5796],[88.2425,21.5664],[88.2571,21.5574],[88.267,21.5575],[88.2836,21.5639],[88.3,21.576],[88.3024,21.5864],[88.288,21.6001],[88.2862,21.6105],[88.2964,21.6402],[88.293,21.6474],[88.3011,21.6613],[88.3022,21.6788],[88.2892,21.6911],[88.2757,21.7214],[88.2755,21.7404],[88.2814,21.7574],[88.262,21.7855],[88.2559,21.801],[88.2616,21.8173],[88.2953,21.8325],[88.3038,21.843],[88.3009,21.8554],[88.2794,21.856],[88.2539,21.8599],[88.2532,21.8713],[88.27,21.8993],[88.2681,21.8821],[88.2607,21.8649],[88.2755,21.8623],[88.2922,21.8642],[88.3018,21.871],[88.306,21.8604],[88.3302,21.8651],[88.3547,21.8675],[88.3636,21.8821],[88.365,21.9076],[88.3518,21.9248],[88.3474,21.9354],[88.3527,21.9404],[88.3679,21.9175],[88.3726,21.9016],[88.3656,21.876],[88.3567,21.8558],[88.3559,21.8271],[88.3633,21.8038],[88.3817,21.7951],[88.3864,21.8088],[88.379,21.8442],[88.3867,21.8526],[88.3847,21.8711],[88.3923,21.8868],[88.3826,21.8903],[88.3796,21.9003],[88.3947,21.9212],[88.3929,21.9341],[88.3858,21.954],[88.3749,21.9649],[88.3992,21.9836],[88.4022,21.9927],[88.3882,22.0042],[88.3948,22.0075],[88.4036,22.0003],[88.4068,21.9833],[88.3962,21.9724],[88.3829,21.9631],[88.3934,21.9527],[88.4012,21.9169],[88.3892,21.9037],[88.3911,21.8968],[88.4034,21.892],[88.4101,21.9048],[88.4317,21.9096],[88.4449,21.9174],[88.4475,21.924],[88.4432,21.9502],[88.4543,21.9447],[88.4605,21.9293],[88.4567,21.9039],[88.4707,21.901],[88.4837,21.9124],[88.4997,21.9186],[88.5052,21.9254],[88.5074,21.9388],[88.4947,21.9611],[88.4958,21.9731],[88.5088,21.9874],[88.5277,21.9896],[88.5393,21.9862],[88.5458,22.003],[88.5541,22.0514],[88.5579,22.0468],[88.556,22.0136],[88.5505,21.9909],[88.5414,21.9819],[88.5256,21.9836],[88.5099,21.9807],[88.5023,21.9634],[88.5219,21.9436],[88.5252,21.9266],[88.5202,21.9148],[88.5066,21.9032],[88.5001,21.8894],[88.4985,21.875],[88.5141,21.864],[88.5196,21.8563],[88.532,21.8532],[88.5393,21.8593],[88.5415,21.8778],[88.5481,21.8883],[88.5427,21.901],[88.5463,21.9048],[88.567,21.9003],[88.5761,21.9077],[88.5796,21.8919],[88.5936,21.8956],[88.6067,21.918],[88.6015,21.9384],[88.614,21.9398],[88.6025,21.9574],[88.5987,21.9823],[88.6011,21.9897],[88.6142,22.0047],[88.6171,22.0138],[88.6027,22.0241],[88.608,22.0293],[88.6199,22.0224],[88.6371,22.0438],[88.6302,22.0537],[88.6282,22.0828],[88.6227,22.0952],[88.608,22.1024],[88.6176,22.1074],[88.6234,22.1189],[88.6412,22.1406],[88.6435,22.1481],[88.6418,22.1664],[88.6576,22.1764],[88.6649,22.1932],[88.6724,22.1994],[88.6717,22.2075],[88.6314,22.2145],[88.6398,22.2365],[88.6488,22.2478],[88.6609,22.2456],[88.6589,22.2369],[88.6391,22.2176],[88.6551,22.2134],[88.696,22.2131],[88.6839,22.2074],[88.6825,22.1959],[88.6752,22.186],[88.6561,22.1686],[88.6499,22.1429],[88.6374,22.1125],[88.6422,22.0876],[88.6561,22.0711],[88.6614,22.0566],[88.6571,22.0244],[88.6447,22.0049],[88.634,21.9956],[88.6307,21.9646],[88.6333,21.9548],[88.6522,21.9506],[88.6641,21.9538],[88.6811,21.9449],[88.6926,21.9534],[88.6955,21.9629],[88.69,21.9742],[88.6986,21.9775],[88.7054,21.9904],[88.7194,22.002],[88.7383,22.0137],[88.738,22.0331],[88.7287,22.0412],[88.7105,22.0477],[88.6988,22.0551],[88.6876,22.0702],[88.689,22.087],[88.6929,22.094],[88.7217,22.1137],[88.739,22.1451],[88.7679,22.147],[88.7708,22.1373],[88.7485,22.1311],[88.7348,22.1039],[88.7249,22.0934],[88.7043,22.0796],[88.7048,22.0696],[88.7189,22.0642],[88.7283,22.0567],[88.7411,22.0533],[88.7455,22.0741],[88.758,22.0884],[88.7734,22.095],[88.7795,22.0893],[88.7666,22.0832],[88.7506,22.0588],[88.76,22.0557],[88.7559,22.0474],[88.7617,22.0291],[88.7623,22.0155],[88.7589,22.0063],[88.7649,21.9898],[88.7816,21.9895],[88.7793,21.981],[88.7551,21.9818],[88.7568,21.9611],[88.7635,21.9552],[88.7772,21.9533],[88.7889,21.9552],[88.7979,21.9453],[88.826,21.9414],[88.8447,21.926],[88.8591,21.9218],[88.8683,21.926],[88.9012,21.931],[88.9067,21.9504],[88.9069,21.971],[88.9008,21.9774],[88.9063,22.0108],[88.9019,22.0407],[88.9061,22.0494],[88.8897,22.0535],[88.8963,22.0741],[88.9112,22.0848],[88.9038,22.0642],[88.9166,22.0613],[88.9254,22.0518],[88.9138,22.0362],[88.9163,22.0052],[88.9159,21.9905],[88.9289,21.9906],[88.9325,22.0035],[88.929,22.0512],[88.9299,22.0634],[88.9494,22.07],[88.9635,22.0775],[88.9745,22.0873],[88.9823,22.1097],[88.9888,22.107],[88.9825,22.0843],[88.9753,22.071],[88.9676,22.0651],[88.9533,22.0625],[88.9372,22.0546],[88.9349,22.0401],[88.9356,22.0243],[88.9461,21.9951],[88.943,21.985],[88.9304,21.965],[88.9326,21.9426],[88.9424,21.9334],[88.9579,21.9293],[88.9724,21.9323],[88.972,21.9226],[88.9945,21.9075],[89.0076,21.9028],[89.013,21.9091],[89.0144,21.9207],[89.0076,21.9328],[88.9884,21.9448],[88.9872,21.9497],[88.9952,21.9622],[89.0003,21.9484],[89.0083,21.9451],[89.0308,21.9284],[89.0662,21.9416],[89.0689,21.9488],[89.0664,21.9687],[89.0725,22.0017],[89.0804,22.0018],[89.0746,22.028],[89.0549,22.047],[89.0425,22.0917],[89.0424,22.1012],[89.0509,22.1148],[89.0947,22.1488],[89.0956,22.1604],[89.0882,22.1617],[89.0793,22.152],[89.0712,22.1565],[89.0681,22.17],[89.0687,22.1938],[89.0602,22.2146],[89.0452,22.2254],[89.0401,22.2338],[89.0332,22.2593],[88.9969,22.2844],[88.996,22.2943],[89.0251,22.2985],[88.9997,22.3247],[88.9898,22.3228],[88.9844,22.3307],[88.9884,22.3487],[88.9863,22.3564],[88.9906,22.3662],[88.9841,22.3776],[88.9918,22.3911],[88.9727,22.4112],[89.0006,22.4294],[88.9904,22.4426],[88.9944,22.4546],[88.9957,22.4718],[88.9846,22.481],[88.9733,22.5012],[88.9731,22.5131],[88.9656,22.5409],[88.9599,22.5513],[88.9474,22.5558],[88.9454,22.5711],[88.9389,22.5873],[88.9443,22.5975],[88.9588,22.6114],[88.9562,22.6169],[88.9417,22.6227],[88.9314,22.6342],[88.9261,22.6498],[88.9448,22.6639],[88.9479,22.6783],[88.9611,22.6855],[88.9605,22.6983],[88.9275,22.7194],[88.9257,22.7275],[88.9158,22.739],[88.9221,22.753],[88.9123,22.7578],[88.9175,22.7686],[88.9262,22.7699],[88.9247,22.7796],[88.9364,22.782],[88.9502,22.7975],[88.9585,22.7958],[88.9607,22.807],[88.9562,22.8115],[88.9644,22.8204],[88.9695,22.844],[88.9542,22.8665],[88.9503,22.8761],[88.9277,22.872],[88.9099,22.8799],[88.8977,22.9132],[88.9074,22.9141],[88.9072,22.9222],[88.8907,22.9286],[88.8943,22.9531],[88.8795,22.9549],[88.868,22.9519],[88.8598,22.9441],[88.8559,22.9619],[88.8591,22.9699],[88.8707,22.9764],[88.8671,22.9831],[88.8639,23.0028],[88.8697,23.0068],[88.8714,23.0191],[88.8785,23.0251],[88.8834,23.0407],[88.8743,23.045],[88.8734,23.0655],[88.868,23.0685],[88.866,23.0859],[88.8739,23.0897],[88.8692,23.1003],[88.8909,23.1078],[88.919,23.1399],[88.9315,23.147],[88.9305,23.1593],[88.9346,23.1716],[88.9456,23.1799],[88.9572,23.1826],[88.9616,23.1922],[88.9795,23.1933],[88.9862,23.2026],[88.9799,23.2091],[88.9834,23.2209],[88.9764,23.2235],[88.9636,23.2145],[88.9421,23.2057],[88.9286,23.2112],[88.9157,23.2231],[88.9116,23.2336],[88.8802,23.23],[88.8743,23.2334],[88.8534,23.2353],[88.8452,23.2301],[88.828,23.2446],[88.8094,23.2535],[88.8061,23.2388],[88.8109,23.2216],[88.8073,23.219],[88.7785,23.2206],[88.7766,23.234],[88.7672,23.2454],[88.7518,23.2396],[88.7186,23.2548],[88.7231,23.2728],[88.7108,23.2781],[88.7095,23.289],[88.6964,23.2931],[88.6962,23.3031],[88.7049,23.3091],[88.7266,23.3006],[88.7299,23.3093],[88.7451,23.3077],[88.7493,23.3214],[88.7418,23.3279],[88.7328,23.3274],[88.7375,23.3456],[88.7512,23.3621],[88.7607,23.3614],[88.7656,23.3687],[88.7589,23.3771],[88.7497,23.4011],[88.7609,23.4083],[88.7543,23.4139],[88.7608,23.4261],[88.7655,23.4479],[88.7784,23.4413],[88.7928,23.4438],[88.7871,23.4685],[88.7936,23.4807],[88.7989,23.4817],[88.7983,23.4987],[88.7931,23.5021],[88.7727,23.4979],[88.7531,23.4781],[88.7433,23.483],[88.7295,23.4966],[88.7239,23.5124],[88.7141,23.5086],[88.6859,23.5327],[88.6859,23.5375],[88.674,23.5488],[88.6673,23.5454],[88.6544,23.5564],[88.6557,23.5629],[88.6488,23.5809],[88.6506,23.5858],[88.6381,23.5973],[88.638,23.6104],[88.6181,23.6016],[88.6015,23.6062],[88.5953,23.6019],[88.5838,23.6037],[88.5812,23.6092],[88.5934,23.6165],[88.5936,23.64],[88.5624,23.6364],[88.5584,23.6502],[88.5702,23.6613],[88.5746,23.6764],[88.5683,23.6894],[88.5648,23.7124],[88.5679,23.7144],[88.5725,23.7471],[88.5805,23.7602],[88.5785,23.7748],[88.5723,23.7823],[88.5913,23.7975],[88.5928,23.8062],[88.6023,23.8167],[88.5866,23.831],[88.5915,23.8506],[88.583,23.8549],[88.5875,23.8713],[88.5985,23.8693],[88.6205,23.8763],[88.6276,23.8648],[88.6366,23.8709],[88.6532,23.8671],[88.6671,23.8707],[88.664,23.8823],[88.6753,23.8838],[88.6839,23.8903],[88.6882,23.9014],[88.6999,23.8988],[88.6991,23.9083],[88.7062,23.9161],[88.7354,23.9152],[88.7347,23.9331],[88.74,23.9384],[88.7346,23.9561],[88.736,23.9769],[88.7407,23.9842],[88.7689,23.9826],[88.762,24.0037],[88.7512,24.0066],[88.7415,24.0031],[88.7367,23.9959],[88.7284,23.9985],[88.7347,24.0224],[88.7428,24.0352],[88.7233,24.0696],[88.7287,24.0907],[88.7266,24.1029],[88.7149,24.1028],[88.7037,24.0947],[88.6971,24.1191],[88.7114,24.1216],[88.7468,24.1478],[88.7404,24.1636],[88.7322,24.1719],[88.7349,24.224],[88.7413,24.254],[88.7375,24.2699],[88.7261,24.2963],[88.6835,24.3244],[88.6624,24.3059],[88.6518,24.2995],[88.6475,24.3109],[88.6278,24.3059],[88.6232,24.3154],[88.6064,24.315],[88.6055,24.31],[88.5876,24.3147],[88.5865,24.3245],[88.5672,24.3263],[88.5592,24.3081],[88.548,24.3126],[88.5293,24.3142],[88.5057,24.3229],[88.4952,24.3296],[88.4855,24.3417],[88.4812,24.3523],[88.4735,24.3548],[88.4409,24.3718],[88.424,24.3743],[88.3995,24.3897],[88.3825,24.3956],[88.364,24.41],[88.3416,24.4382],[88.3281,24.4459],[88.3152,24.4469],[88.2754,24.4597],[88.243,24.4611],[88.2188,24.4694],[88.208,24.4763],[88.1916,24.4755],[88.1862,24.4865],[88.1719,24.4945],[88.1423,24.5057],[88.1239,24.517],[88.106,24.5567],[88.11,24.5738],[88.0962,24.5949],[88.0896,24.614],[88.0774,24.6312],[88.059,24.6418],[88.0507,24.6526],[88.0539,24.6618],[88.0487,24.6708],[88.0244,24.6881],[88.0415,24.7054],[88.0617,24.7219],[88.0706,24.7438],[88.0648,24.7507],[88.0772,24.7707],[88.0877,24.7829],[88.1047,24.7798],[88.1042,24.801],[88.1107,24.8138],[88.1224,24.8231],[88.1296,24.8057],[88.1354,24.8054],[88.134,24.8287],[88.1407,24.8352],[88.1465,24.8504],[88.1634,24.8505],[88.1652,24.8636],[88.1584,24.8723],[88.1631,24.8773],[88.1518,24.885],[88.1683,24.8933],[88.1553,24.8985],[88.1527,24.9065],[88.1389,24.917],[88.1375,24.936],[88.1569,24.934],[88.1695,24.9498],[88.1902,24.9521],[88.2003,24.9571],[88.2221,24.96],[88.2283,24.9581],[88.2353,24.9472],[88.2516,24.9334],[88.2632,24.9111],[88.2632,24.8921],[88.2584,24.8803],[88.2667,24.8795],[88.2683,24.891],[88.2967,24.8867],[88.3015,24.8732],[88.3124,24.8826],[88.3305,24.8723],[88.3416,24.8852],[88.3431,24.8996],[88.327,24.9052],[88.3241,24.9167],[88.3351,24.9185],[88.3342,24.9263],[88.3411,24.9416],[88.36,24.9494],[88.3804,24.9397],[88.3936,24.942],[88.4009,24.9507],[88.393,24.9608],[88.3988,24.9729],[88.4167,24.9747],[88.4121,24.9908],[88.4273,25.0125],[88.4403,25.0154],[88.4477,25.0415],[88.4398,25.0424],[88.4353,25.0556],[88.4531,25.0792],[88.4476,25.083],[88.4423,25.1154],[88.4479,25.1284],[88.4602,25.1402],[88.4593,25.1597],[88.4426,25.1734],[88.444,25.1975],[88.4612,25.1955],[88.4684,25.198],[88.474,25.2093],[88.4836,25.2126],[88.4985,25.2107],[88.4989,25.2037],[88.5127,25.2033],[88.5321,25.1984],[88.5325,25.1879],[88.5469,25.1946],[88.5594,25.1911],[88.5549,25.1785],[88.5591,25.1754],[88.5784,25.177],[88.5917,25.1885],[88.6191,25.205],[88.6317,25.2017],[88.6473,25.2049],[88.6745,25.1998],[88.6801,25.2085],[88.715,25.2065],[88.7179,25.202],[88.7337,25.198],[88.7348,25.1841],[88.7423,25.1858],[88.753,25.1777],[88.7589,25.1852],[88.7986,25.1702],[88.8139,25.1738],[88.8158,25.1845],[88.8274,25.1913],[88.8315,25.2054],[88.8381,25.21],[88.8493,25.209],[88.8504,25.2013],[88.8652,25.1997],[88.8763,25.1784],[88.8897,25.184],[88.9127,25.1758],[88.9125,25.1674],[88.9215,25.1655],[88.9355,25.1804],[88.9435,25.1728],[88.9498,25.18],[88.9465,25.193],[88.9348,25.1991],[88.9438,25.2059],[88.9554,25.2057],[88.9577,25.2229],[88.9521,25.229],[88.9506,25.2441],[88.9561,25.2538],[88.9798,25.2632],[88.9871,25.2736],[89.005,25.2682],[89.0088,25.2942],[88.9908,25.2965],[88.9757,25.305],[88.9723,25.3],[88.9603,25.305],[88.9444,25.3002],[88.9285,25.3036],[88.9294,25.3111],[88.9156,25.3111],[88.907,25.3256],[88.9061,25.3367],[88.8881,25.336],[88.8835,25.3248],[88.8664,25.3417],[88.8685,25.3519],[88.8552,25.3545],[88.8541,25.3628],[88.8401,25.3635],[88.837,25.4016],[88.8236,25.401],[88.8233,25.4087],[88.8346,25.4276],[88.8259,25.4402],[88.8286,25.4487],[88.838,25.4535],[88.8374,25.4713],[88.8297,25.4898],[88.8133,25.4877],[88.8083,25.5128],[88.8113,25.5234],[88.8,25.5242],[88.7791,25.5159],[88.7598,25.525],[88.7598,25.5112],[88.771,25.5019],[88.7607,25.4924],[88.7465,25.4924],[88.7425,25.5047],[88.7214,25.4997],[88.7078,25.4999],[88.71,25.4807],[88.6997,25.4713],[88.6878,25.4757],[88.6642,25.4743],[88.6605,25.4812],[88.646,25.4786],[88.6424,25.4996],[88.6224,25.4973],[88.6086,25.5164],[88.5906,25.5087],[88.5727,25.5087],[88.5681,25.5135],[88.556,25.5138],[88.5441,25.5089],[88.5376,25.5208],[88.5403,25.5288],[88.5252,25.5365],[88.5195,25.5442],[88.4998,25.5503],[88.4931,25.5619],[88.4994,25.584],[88.4832,25.5866],[88.4718,25.5847],[88.459,25.5928],[88.446,25.615],[88.4557,25.6266],[88.4573,25.6401],[88.455,25.6632],[88.4393,25.6675],[88.4038,25.6714],[88.4054,25.6812],[88.3915,25.6834],[88.3919,25.6925],[88.3707,25.6994],[88.3751,25.7148],[88.3566,25.7209],[88.3377,25.7373],[88.3208,25.7445],[88.3164,25.7527],[88.289,25.7678],[88.2908,25.7738],[88.2692,25.7808],[88.2719,25.7936],[88.2694,25.8082],[88.2587,25.8119],[88.24,25.8105],[88.2302,25.803],[88.232,25.7974],[88.2124,25.7982],[88.2099,25.7877],[88.1998,25.7906],[88.1932,25.8025],[88.1859,25.8019],[88.1734,25.787],[88.1652,25.7894],[88.1523,25.7762],[88.1428,25.783],[88.1444,25.7942],[88.1379,25.798],[88.1252,25.7973],[88.1158,25.8039],[88.1202,25.8125],[88.1076,25.8171],[88.102,25.8279],[88.1028,25.8404],[88.1128,25.8551],[88.1102,25.8677],[88.0936,25.8739],[88.1025,25.89],[88.0895,25.8983],[88.0945,25.9089],[88.0869,25.9166],[88.0969,25.9335],[88.1096,25.9326],[88.1122,25.9436],[88.1215,25.9496],[88.1139,25.9587],[88.1243,25.9671],[88.1303,25.9876],[88.1385,25.9967],[88.1495,26.019],[88.1766,26.0214],[88.1683,26.0446],[88.1852,26.0642],[88.182,26.0735],[88.1732,26.0758],[88.1635,26.0856],[88.1583,26.0971],[88.1644,26.1088],[88.1736,26.1127],[88.1737,26.1276],[88.1792,26.1405],[88.1771,26.1479],[88.1951,26.1604],[88.205,26.1593],[88.232,26.1742],[88.2328,26.181],[88.242,26.1899],[88.2743,26.1879],[88.2851,26.1998],[88.2924,26.203],[88.319,26.2035],[88.3303,26.2168],[88.3511,26.2221],[88.3575,26.2443],[88.3473,26.2528],[88.3485,26.2822],[88.3572,26.2882],[88.3616,26.2982],[88.3841,26.314],[88.4025,26.3178],[88.403,26.3291],[88.4115,26.3377],[88.4329,26.3351],[88.4376,26.3402],[88.4439,26.3613],[88.4562,26.3667],[88.4624,26.3577],[88.4767,26.3572],[88.5019,26.3605],[88.5174,26.3519],[88.5143,26.3868],[88.5043,26.3984],[88.5086,26.4068],[88.4928,26.4213],[88.4975,26.4267],[88.4957,26.4375],[88.4799,26.4516],[88.4845,26.4611],[88.4608,26.4667],[88.4361,26.4663],[88.4263,26.4734],[88.4146,26.4698],[88.3996,26.4827],[88.3875,26.4796],[88.3728,26.4892],[88.3602,26.483],[88.3638,26.473],[88.3602,26.4545],[88.3534,26.4512],[88.3408,26.4783],[88.3306,26.4859],[88.3378,26.5026],[88.3494,26.5123],[88.3509,26.5253],[88.3574,26.5328],[88.3573,26.546],[88.3692,26.5619],[88.3687,26.574],[88.3765,26.5953],[88.3909,26.6032],[88.3872,26.6123],[88.3973,26.6185],[88.3983,26.6256],[88.4095,26.6314],[88.4207,26.5823],[88.42,26.5675],[88.4302,26.5458],[88.4424,26.5357],[88.4545,26.5331],[88.462,26.5412],[88.483,26.5392],[88.4887,26.53],[88.4887,26.509],[88.5204,26.5083],[88.5186,26.4965],[88.5301,26.4783],[88.5563,26.4832],[88.553,26.4746],[88.5623,26.4641],[88.5643,26.4553],[88.5778,26.4555],[88.5898,26.4488],[88.5959,26.4516],[88.5968,26.4697],[88.6207,26.4692],[88.6275,26.439],[88.622,26.4321],[88.6364,26.4265],[88.6491,26.4264],[88.6532,26.4125],[88.6632,26.4071],[88.684,26.4032],[88.6777,26.3904],[88.6912,26.3843],[88.6857,26.3752],[88.6906,26.3543],[88.6986,26.3313],[88.709,26.3341],[88.7119,26.3412],[88.7426,26.3473],[88.7392,26.3275],[88.7296,26.3216],[88.7231,26.3121],[88.7156,26.3155],[88.7027,26.3112],[88.6903,26.3117],[88.6873,26.319],[88.6738,26.3154],[88.677,26.2978],[88.6664,26.2918],[88.664,26.2805],[88.6676,26.2598],[88.677,26.255],[88.7004,26.2771],[88.738,26.2881],[88.7442,26.3069],[88.7552,26.3077],[88.7635,26.2992],[88.7809,26.3034],[88.7934,26.3103],[88.8131,26.2973],[88.8104,26.2742],[88.8151,26.269],[88.8129,26.2557],[88.8233,26.2534],[88.8277,26.2401],[88.839,26.232],[88.8543,26.2352],[88.8711,26.2341],[88.8682,26.2489],[88.8614,26.2521],[88.8612,26.2635],[88.8663,26.2794],[88.8758,26.2868],[88.9172,26.2883],[88.9264,26.2842],[88.935,26.2674],[88.9404,26.2631],[88.9528,26.2419],[88.965,26.2387],[88.9787,26.2445],[89.016,26.2446],[89.0275,26.2476],[89.045,26.2412],[89.052,26.2562],[89.0629,26.2598],[89.0609,26.2913],[89.0455,26.2947],[89.0444,26.2766],[89.0317,26.2858],[89.0197,26.29],[89.0043,26.3039],[88.9976,26.2999],[88.9849,26.3007],[88.9826,26.3096],[89.0009,26.3304],[88.9868,26.3322],[88.9748,26.3512],[88.9622,26.3462],[88.9603,26.3304],[88.9521,26.3342],[88.9462,26.3443],[88.9516,26.3551],[88.9313,26.36],[88.9272,26.365],[88.9142,26.3655],[88.9108,26.3704],[88.9189,26.3947],[88.9152,26.4087],[88.9264,26.4069],[88.9229,26.4237],[88.9262,26.4324],[88.9444,26.4258],[88.9506,26.4336],[88.9492,26.4434],[88.9572,26.4593],[88.9833,26.4469],[88.9785,26.4365],[88.9829,26.4213],[89.0056,26.4207],[89.0074,26.4129],[89.0181,26.4153],[89.0379,26.3997],[89.0713,26.3986],[89.0905,26.3917],[89.0885,26.3659],[89.0964,26.3603],[89.0953,26.3523],[89.1004,26.3375],[89.0936,26.326],[89.1261,26.3166],[89.118,26.3108],[89.1302,26.3036],[89.1249,26.2944],[89.1174,26.2953],[89.1089,26.3045],[89.1037,26.2974],[89.1016,26.2831],[89.1048,26.2756],[89.1252,26.2637],[89.1198,26.2527],[89.1322,26.2459],[89.1409,26.236],[89.1428,26.2136],[89.149,26.2105],[89.1402,26.1998],[89.1357,26.1876],[89.141,26.1694],[89.1492,26.1596],[89.1541,26.1414],[89.1701,26.1303],[89.1854,26.1291],[89.1919,26.1239],[89.2039,26.1293],[89.2197,26.1266],[89.2414,26.1064],[89.2499,26.1026],[89.2525,26.0933],[89.2656,26.0929],[89.257,26.0804],[89.2545,26.0645],[89.2742,26.0611],[89.2794,26.0489],[89.298,26.05],[89.3165,26.0375],[89.3215,26.0387],[89.3346,26.0276],[89.3357,26.0209],[89.3489,26.0107],[89.357,26.0083],[89.3736,26.0117],[89.3937,26.0082],[89.3944,26.023],[89.4033,26.0274],[89.4112,26.0407],[89.426,26.0442],[89.434,26.0308],[89.4276,26.0206],[89.4282,26.0125],[89.4463,26.0083],[89.4627,25.9981],[89.4805,25.9962],[89.4929,26.0054],[89.509,26.0016],[89.521,26.0083],[89.5318,26.0036],[89.5425,25.9828],[89.5404,25.97],[89.5586,25.9647],[89.5775,25.9678],[89.5789,25.9781],[89.5878,25.9802],[89.5852,25.9994],[89.5785,26.0263],[89.583,26.0327],[89.595,26.0353],[89.599,26.0443],[89.613,26.0529],[89.6216,26.0538],[89.628,26.0612],[89.6458,26.0631],[89.6335,26.0836],[89.639,26.0911],[89.6295,26.1067],[89.6166,26.0965],[89.5972,26.097],[89.6005,26.1069],[89.6165,26.1066],[89.6287,26.1146],[89.6291,26.1245],[89.6156,26.1212],[89.5977,26.1322],[89.5953,26.1397],[89.5979,26.1539],[89.6095,26.1612],[89.6126,26.1779],[89.6368,26.1786],[89.6377,26.1678],[89.6459,26.1642],[89.6586,26.1761],[89.6435,26.1828],[89.6463,26.1951],[89.6394,26.1994],[89.6354,26.2234],[89.646,26.2253],[89.6556,26.219],[89.6786,26.2193],[89.6811,26.2097],[89.6734,26.2055],[89.687,26.1813],[89.6978,26.1693],[89.684,26.1693],[89.6846,26.1613],[89.6951,26.1592],[89.7013,26.1515],[89.7085,26.1543],[89.7128,26.1673],[89.7196,26.1659],[89.7035,26.1774],[89.7002,26.1882],[89.7132,26.1872],[89.7193,26.1919],[89.7176,26.2057],[89.734,26.21],[89.7256,26.2176],[89.7133,26.2121],[89.7139,26.2292],[89.726,26.2323],[89.7319,26.2397],[89.7166,26.2469],[89.7184,26.2557],[89.7027,26.2575],[89.7054,26.2693],[89.7197,26.2574],[89.7309,26.2582],[89.7379,26.269],[89.7361,26.2754],[89.7177,26.2956],[89.7338,26.2928],[89.7433,26.2947],[89.7515,26.2891],[89.76,26.2916],[89.754,26.3019],[89.7505,26.3196],[89.7595,26.3165],[89.7826,26.3327],[89.781,26.3528],[89.7983,26.3602],[89.8132,26.3723],[89.8273,26.3711],[89.8249,26.3816],[89.833,26.385],[89.8564,26.385],[89.8552,26.3966],[89.8462,26.4048],[89.838,26.3914],[89.828,26.3946],[89.8289,26.4041],[89.8387,26.4124],[89.8564,26.4143],[89.8478,26.4222],[89.8609,26.4465],[89.8688,26.4522],[89.8695,26.4639],[89.8622,26.4691],[89.8569,26.4851],[89.8498,26.4909],[89.854,26.4996],[89.852,26.5228],[89.8595,26.5326],[89.8571,26.5421],[89.8623,26.5549],[89.8576,26.576],[89.874,26.5855],[89.8663,26.5892],[89.8695,26.614],[89.8549,26.6151],[89.8497,26.6281],[89.8572,26.6338],[89.8649,26.6494],[89.8593,26.6554],[89.8629,26.6648],[89.8633,26.6813],[89.8518,26.6972],[89.8491,26.6993],[89.7993,26.7083],[89.7638,26.6988],[89.7592,26.7009],[89.7477,26.7189],[89.7435,26.7325],[89.7344,26.7257],[89.715,26.7202],[89.7075,26.7266],[89.6909,26.7338],[89.6773,26.7309],[89.668,26.7367],[89.653,26.7178],[89.6406,26.718],[89.6279,26.7225],[89.6162,26.7181],[89.6087,26.7275],[89.6152,26.7375],[89.6363,26.7506],[89.6338,26.7602],[89.6432,26.7674],[89.6399,26.7773],[89.6214,26.7819],[89.6106,26.7778],[89.6059,26.7843],[89.5579,26.7975],[89.5477,26.8131],[89.5386,26.8082],[89.502,26.8106],[89.4871,26.7992],[89.4545,26.7979],[89.4399,26.8124],[89.4379,26.8257],[89.4287,26.8353],[89.4137,26.8304],[89.4054,26.8348],[89.3822,26.8364],[89.3748,26.8541],[89.3697,26.8573],[89.3249,26.8374],[89.3157,26.8436],[89.2865,26.828],[89.2701,26.8225],[89.256,26.8078],[89.2251,26.8136],[89.1874,26.8069],[89.1718,26.8146],[89.1289,26.8065],[89.118,26.8195],[89.1071,26.8236],[89.0939,26.8394],[89.0981,26.8581],[89.0851,26.8688],[89.0894,26.8893],[89.073,26.8944],[89.0591,26.9019],[89.0441,26.9017],[89.0419,26.9165],[89.022,26.9227],[89.0178,26.9371],[88.9874,26.9225],[88.9754,26.9128],[88.9412,26.9309],[88.9427,26.9402],[88.9511,26.9538],[88.9483,26.967],[88.9173,26.9981],[88.896,26.9692],[88.8811,26.9572],[88.8794,26.9486],[88.8705,26.9446],[88.8709,26.964],[88.8669,26.9931],[88.8718,27.0267],[88.8755,27.065],[88.8718,27.069],[88.871,27.09],[88.8638,27.1102],[88.8461,27.1083],[88.8348,27.1158],[88.8144,27.1224],[88.7981,27.1393],[88.7782,27.1345],[88.7455,27.142]]]]},"properties":{"ST_NM":"West Bengal"}},
{"type":"Feature","geometry":{"type":"Polygon","coordinates":[[[84.7647,19.0773],[84.7513,19.0826],[84.7443,19.09],[84.7061,19.1166],[84.6957,19.1273],[84.7126,19.1539],[84.7089,19.1601],[84.6688,19.1669],[84.6676,19.1388],[84.6646,19.1327],[84.6526,19.1303],[84.642,19.1346],[84.6287,19.1276],[84.6058,19.1298],[84.6007,19.1275],[84.6074,19.1017],[84.6234,19.1],[84.622,19.0892],[84.627,19.0858],[84.6457,19.0971],[84.6615,19.0887],[84.658,19.0638],[84.6518,19.0684],[84.6395,19.0682],[84.635,19.0609],[84.6257,19.0671],[84.6162,19.0668],[84.6186,19.057],[84.6097,19.0512],[84.5921,19.0232],[84.5796,19.031],[84.5759,19.0451],[84.5794,19.0539],[84.5745,19.0685],[84.5669,19.0707],[84.5545,19.0575],[84.5412,19.056],[84.5235,19.0477],[84.5143,19.0494],[84.5096,19.0412],[84.4946,19.0319],[84.4806,19.0175],[84.4809,19.0059],[84.4762,18.9921],[84.4676,18.9927],[84.4476,19.0039],[84.4391,19.0048],[84.4296,19.0144],[84.4298,18.9957],[84.4412,18.9927],[84.45,18.9786],[84.4288,18.97],[84.4301,18.9597],[84.4222,18.9484],[84.4289,18.937],[84.4354,18.9337],[84.4367,18.9238],[84.429,18.9179],[84.416,18.8985],[84.398,18.8966],[84.3964,18.8851],[84.3899,18.8797],[84.3835,18.8866],[84.364,18.8866],[84.377,18.873],[84.3753,18.8657],[84.3601,18.8621],[84.3366,18.8895],[84.3257,18.8759],[84.3332,18.8603],[84.3451,18.8489],[84.3629,18.84],[84.3507,18.8325],[84.3476,18.8215],[84.3326,18.8213],[84.3403,18.8087],[84.3346,18.7994],[84.3264,18.8005],[84.319,18.788],[84.3026,18.7993],[84.2869,18.8049],[84.2845,18.7935],[84.2655,18.7852],[84.2411,18.7896],[84.2388,18.7981],[84.2243,18.7997],[84.2112,18.7915],[84.1933,18.7926],[84.1914,18.7825],[84.1738,18.781],[84.1671,18.7893],[84.1384,18.7782],[84.1361,18.7627],[84.1298,18.7618],[84.1204,18.7689],[84.1013,18.7612],[84.0916,18.7602],[84.0756,18.7678],[84.0738,18.7756],[84.0574,18.7892],[84.0586,18.7999],[84.0491,18.8],[84.0365,18.8173],[84.0311,18.8125],[84.0149,18.817],[84.0013,18.8102],[83.9908,18.8147],[83.9831,18.8119],[83.9707,18.8158],[83.9581,18.8143],[83.9534,18.8074],[83.942,18.8087],[83.9424,18.8153],[83.9297,18.8168],[83.9244,18.8234],[83.9028,18.8283],[83.8945,18.8172],[83.8857,18.8319],[83.8706,18.8485],[83.8515,18.8594],[83.8438,18.8761],[83.849,18.8997],[83.8459,18.9134],[83.837,18.9193],[83.8269,18.9157],[83.828,18.9321],[83.8198,18.9391],[83.8219,18.9601],[83.8092,18.9918],[83.7949,19.0018],[83.7927,19.0189],[83.7822,19.0194],[83.7801,19.0097],[83.7697,19.009],[83.7456,18.9967],[83.7431,18.9871],[83.7459,18.975],[83.7533,18.9723],[83.7531,18.9633],[83.7597,18.9514],[83.768,18.955],[83.7706,18.9453],[83.7825,18.9345],[83.7859,18.9168],[83.7763,18.9123],[83.7674,18.9152],[83.7612,18.9282],[83.7534,18.9263],[83.7471,18.943],[83.7416,18.948],[83.7345,18.969],[83.7331,18.9875],[83.7162,18.9944],[83.7104,19.007],[83.7244,19.0106],[83.7232,19.0216],[83.7002,19.0253],[83.6854,19.0584],[83.6753,19.071],[83.664,19.0765],[83.6605,19.0843],[83.6638,19.0931],[83.6497,19.1231],[83.6552,19.1289],[83.6367,19.1327],[83.6318,19.1407],[83.6378,19.153],[83.634,19.1593],[83.614,19.138],[83.5997,19.1364],[83.5957,19.1207],[83.6087,19.097],[83.591,19.0936],[83.5828,19.0846],[83.5846,19.0687],[83.5825,19.0589],[83.5605,19.0643],[83.5671,19.0716],[83.5612,19.0862],[83.5516,19.0868],[83.5466,19.0788],[83.5537,19.0643],[83.545,19.0446],[83.5397,19.0419],[83.536,19.0141],[83.5207,19.0132],[83.5007,19.021],[83.4956,19.0317],[83.5003,19.036],[83.517,19.0313],[83.5183,19.0402],[83.5137,19.0475],[83.5164,19.0575],[83.5093,19.0714],[83.4964,19.0645],[83.4809,19.0783],[83.4803,19.094],[83.472,19.0961],[83.4653,19.0886],[83.4604,19.0647],[83.4659,19.0641],[83.4688,19.0438],[83.4811,19.0352],[83.4765,19.0085],[83.4503,19.0135],[83.4487,19.0055],[83.4533,18.9922],[83.4659,18.992],[83.4679,18.9702],[83.4599,18.9557],[83.4456,18.958],[83.446,18.9657],[83.439,18.9762],[83.4156,18.99],[83.4197,19.0001],[83.3991,19.01],[83.3821,19.0024],[83.3647,19.007],[83.3636,19.0176],[83.3561,19.0203],[83.341,19.019],[83.3349,19.0068],[83.3088,18.9998],[83.3193,18.9717],[83.332,18.9658],[83.3348,18.9467],[83.3253,18.9456],[83.3245,18.933],[83.3352,18.925],[83.3484,18.9263],[83.3438,18.9412],[83.3501,18.9433],[83.3483,18.9604],[83.3539,18.9673],[83.364,18.9582],[83.3692,18.9465],[83.3591,18.9418],[83.3505,18.9445],[83.3524,18.9294],[83.3572,18.9179],[83.3667,18.9093],[83.3768,18.9098],[83.3764,18.8979],[83.3897,18.8877],[83.3903,18.883],[83.4128,18.8745],[83.4023,18.8593],[83.4041,18.8449],[83.3775,18.8318],[83.3663,18.8449],[83.346,18.8278],[83.3264,18.8189],[83.3288,18.8072],[83.3169,18.8058],[83.3075,18.8103],[83.2948,18.8019],[83.2807,18.7971],[83.2735,18.7839],[83.2796,18.7759],[83.2695,18.7653],[83.2608,18.7707],[83.2414,18.7692],[83.2227,18.776],[83.2262,18.762],[83.2235,18.7518],[83.21,18.7403],[83.2096,18.7404],[83.2047,18.7524],[83.1913,18.7541],[83.1772,18.771],[83.1588,18.7678],[83.1372,18.7863],[83.1153,18.7704],[83.1218,18.7615],[83.1056,18.7476],[83.0998,18.7337],[83.0707,18.7062],[83.0731,18.7022],[83.0612,18.6852],[83.056,18.6662],[83.0429,18.6596],[83.0226,18.655],[83.0113,18.647],[83.0177,18.6364],[82.999,18.6215],[82.999,18.6086],[83.0134,18.606],[83.0115,18.5956],[83.0238,18.5897],[83.0444,18.5995],[83.0407,18.5883],[83.0279,18.5745],[83.0436,18.545],[83.0619,18.5421],[83.0712,18.5498],[83.0872,18.5541],[83.0926,18.5489],[83.0771,18.529],[83.0766,18.5286],[83.0732,18.5155],[83.0533,18.4966],[83.0532,18.4866],[83.0358,18.4696],[83.0191,18.4572],[83.0391,18.4417],[83.0359,18.4355],[83.0413,18.4269],[83.0589,18.4368],[83.0646,18.4251],[83.056,18.4199],[83.0624,18.4104],[83.0753,18.4041],[83.0527,18.3807],[83.041,18.3802],[83.0202,18.3924],[83.0051,18.3841],[82.9964,18.3867],[82.9849,18.3776],[82.9751,18.3635],[82.9652,18.3597],[82.9584,18.3672],[82.952,18.3623],[82.938,18.3616],[82.9243,18.3689],[82.9204,18.3762],[82.9018,18.3742],[82.8942,18.3816],[82.8925,18.3922],[82.8977,18.403],[82.895,18.4241],[82.8703,18.4193],[82.8547,18.4262],[82.8458,18.4338],[82.8139,18.4516],[82.8014,18.45],[82.7804,18.4315],[82.7857,18.4199],[82.7852,18.4114],[82.7978,18.4075],[82.7897,18.3969],[82.7922,18.387],[82.7833,18.3838],[82.7888,18.3639],[82.7763,18.3518],[82.7692,18.3382],[82.758,18.3403],[82.7532,18.3308],[82.7412,18.3307],[82.7321,18.3209],[82.7232,18.3253],[82.713,18.3231],[82.6999,18.3114],[82.6674,18.2996],[82.6549,18.297],[82.6404,18.3022],[82.6421,18.2887],[82.6504,18.2812],[82.6406,18.2645],[82.6458,18.2624],[82.6474,18.2463],[82.6367,18.2376],[82.6187,18.25],[82.6155,18.2565],[82.5966,18.265],[82.5903,18.281],[82.5943,18.311],[82.5834,18.3092],[82.5924,18.3291],[82.6021,18.3259],[82.6095,18.3327],[82.6019,18.3517],[82.614,18.3508],[82.6199,18.361],[82.6071,18.365],[82.6053,18.3821],[82.5953,18.3887],[82.5607,18.4007],[82.5525,18.3977],[82.5407,18.3996],[82.5354,18.4071],[82.5432,18.4144],[82.5413,18.4216],[82.5579,18.4405],[82.5611,18.449],[82.5476,18.4538],[82.5372,18.4465],[82.5332,18.4587],[82.5193,18.467],[82.5308,18.4731],[82.5285,18.4813],[82.5322,18.4921],[82.5265,18.4963],[82.5318,18.5096],[82.5259,18.5164],[82.5113,18.5189],[82.5042,18.5144],[82.4795,18.5409],[82.4718,18.5433],[82.4535,18.5216],[82.4432,18.5197],[82.4406,18.5086],[82.4322,18.4981],[82.427,18.4842],[82.4018,18.465],[82.3943,18.4499],[82.3849,18.4458],[82.381,18.4346],[82.3625,18.4223],[82.3777,18.4049],[82.3838,18.3779],[82.3827,18.3665],[82.3628,18.3535],[82.3614,18.345],[82.3382,18.3237],[82.3478,18.3171],[82.3623,18.3192],[82.3737,18.3294],[82.3907,18.3272],[82.3926,18.317],[82.3906,18.2987],[82.3731,18.2818],[82.3636,18.2784],[82.3572,18.2822],[82.343,18.2813],[82.3384,18.2631],[82.3317,18.2537],[82.3348,18.2415],[82.3227,18.232],[82.3302,18.2256],[82.3232,18.2112],[82.3092,18.2048],[82.3138,18.1848],[82.3357,18.1729],[82.3517,18.1724],[82.3707,18.1489],[82.3661,18.1385],[82.3385,18.1513],[82.34,18.1367],[82.3325,18.1276],[82.3365,18.1002],[82.3449,18.0992],[82.3476,18.0891],[82.3422,18.0587],[82.3328,18.052],[82.3288,18.0583],[82.3177,18.0584],[82.3202,18.0484],[82.3057,18.0465],[82.3045,18.0564],[82.2969,18.0568],[82.2985,18.0698],[82.2897,18.0696],[82.2709,18.058],[82.2673,18.0348],[82.2717,18.0194],[82.2645,17.9956],[82.2445,17.9937],[82.2356,18.0033],[82.2218,18.002],[82.2038,18.0147],[82.1873,18.0158],[82.177,18.0213],[82.1827,18.0293],[82.1672,18.0527],[82.1515,18.0486],[82.1471,18.0521],[82.1455,18.0529],[82.1355,18.0447],[82.133,18.0597],[82.1192,18.0649],[82.1016,18.0611],[82.0944,18.0682],[82.075,18.0759],[82.0647,18.0574],[82.04,18.0577],[82.0354,18.0684],[82.0186,18.0642],[82.007,18.0584],[82.0051,18.0458],[82.01,18.036],[82.0062,18.0301],[81.9926,18.0281],[81.991,18.0217],[81.9809,18.0189],[81.9635,18.0019],[81.9472,18.0004],[81.9385,17.9956],[81.9173,17.995],[81.905,17.9824],[81.893,17.9814],[81.8797,17.9733],[81.8412,17.9621],[81.8307,17.9635],[81.8186,17.9575],[81.8082,17.9564],[81.7926,17.9383],[81.7879,17.926],[81.7483,17.8996],[81.7484,17.8926],[81.7259,17.8791],[81.7104,17.8739],[81.7033,17.8902],[81.696,17.9002],[81.6874,17.8865],[81.6764,17.8897],[81.6622,17.8816],[81.6538,17.8681],[81.652,17.8561],[81.6407,17.8402],[81.631,17.8331],[81.624,17.8351],[81.6188,17.8241],[81.6076,17.8268],[81.5945,17.8354],[81.5732,17.8386],[81.5635,17.8272],[81.5295,17.8247],[81.5176,17.818],[81.4885,17.8144],[81.4787,17.8375],[81.4617,17.8299],[81.4426,17.8259],[81.4321,17.8308],[81.4186,17.8149],[81.4028,17.8218],[81.3961,17.82],[81.3928,17.8162],[81.3933,17.7947],[81.3805,17.8039],[81.3548,17.8132],[81.3459,17.8114],[81.326,17.8152],[81.3072,17.8104],[81.2654,17.8111],[81.2484,17.8171],[81.2396,17.8259],[81.2156,17.8346],[81.2003,17.8464],[81.1683,17.8557],[81.1456,17.844],[81.1227,17.824],[81.1024,17.8161],[81.0856,17.7981],[81.096,17.7745],[81.0956,17.7623],[81.0698,17.7408],[81.0582,17.7331],[81.0505,17.7341],[81.0406,17.7477],[81.0159,17.7451],[80.9913,17.75],[80.9842,17.7557],[80.9761,17.7781],[80.9659,17.7798],[80.9556,17.773],[80.9463,17.7602],[80.9286,17.7616],[80.9201,17.7566],[80.9171,17.748],[80.906,17.7471],[80.8855,17.7357],[80.8947,17.703],[80.8858,17.6813],[80.905,17.6774],[80.8978,17.6698],[80.9124,17.6579],[80.9111,17.6381],[80.9,17.6402],[80.885,17.6334],[80.8657,17.6355],[80.8498,17.6228],[80.8554,17.6019],[80.8833,17.5964],[80.8931,17.6007],[80.9184,17.6],[80.9434,17.602],[80.9694,17.5981],[80.9888,17.5725],[80.9984,17.5647],[81.0028,17.5507],[81.0137,17.5367],[81.0148,17.5222],[81.0199,17.5201],[81.0472,17.5196],[81.0801,17.5151],[81.0913,17.5057],[81.0993,17.5045],[81.1245,17.5271],[81.1385,17.5163],[81.1449,17.4951],[81.1421,17.4886],[81.1596,17.4844],[81.1483,17.4637],[81.1755,17.4637],[81.1723,17.4491],[81.183,17.4403],[81.2027,17.434],[81.2118,17.4418],[81.2455,17.4331],[81.2685,17.4183],[81.2974,17.4134],[81.3134,17.4082],[81.3186,17.3985],[81.3226,17.3746],[81.3165,17.3691],[81.3054,17.3463],[81.2885,17.3281],[81.274,17.3172],[81.2457,17.3258],[81.2336,17.3204],[81.2112,17.3259],[81.1904,17.3249],[81.1805,17.3022],[81.1767,17.2877],[81.1778,17.2706],[81.1876,17.2549],[81.1861,17.2485],[81.1712,17.231],[81.1459,17.2288],[81.1276,17.2244],[81.1094,17.2235],[81.0796,17.2156],[81.0627,17.2224],[81.0556,17.2196],[81.0487,17.2069],[81.0377,17.1934],[81.0313,17.1904],[81.0135,17.1945],[80.9984,17.1905],[80.9763,17.2003],[80.9608,17.204],[80.939,17.2199],[80.9189,17.2198],[80.9168,17.2106],[80.921,17.1987],[80.9189,17.1902],[80.9265,17.1832],[80.924,17.1579],[80.9166,17.1537],[80.9047,17.1544],[80.8929,17.1593],[80.8794,17.1609],[80.8783,17.1352],[80.8683,17.1203],[80.8763,17.1049],[80.8752,17.0955],[80.8683,17.0837],[80.8715,17.0699],[80.8569,17.0478],[80.8453,17.04],[80.8395,17.0476],[80.8288,17.0528],[80.8104,17.0554],[80.7999,17.0608],[80.765,17.0667],[80.7368,17.0777],[80.6995,17.0838],[80.695,17.0742],[80.6664,17.0675],[80.6499,17.0714],[80.6571,17.0896],[80.6681,17.095],[80.6706,17.1012],[80.642,17.116],[80.6453,17.1236],[80.6369,17.1284],[80.6066,17.135],[80.6013,17.1418],[80.58,17.1531],[80.564,17.1338],[80.5495,17.1313],[80.5419,17.1244],[80.5276,17.119],[80.5141,17.1221],[80.5127,17.1089],[80.5039,17.0919],[80.5099,17.0877],[80.5054,17.0685],[80.4977,17.0627],[80.4909,17.051],[80.4714,17.0504],[80.4649,17.0301],[80.4386,17.0376],[80.432,17.055],[80.4172,17.0735],[80.419,17.0923],[80.4094,17.0918],[80.4038,17.082],[80.3873,17.0713],[80.3959,17.0464],[80.3958,17.0358],[80.4074,17.0257],[80.407,17.0158],[80.3879,17.0093],[80.3758,16.9887],[80.3666,16.9815],[80.3714,16.9759],[80.4077,16.964],[80.4194,16.9626],[80.4497,16.9548],[80.4674,16.9455],[80.482,16.9322],[80.4935,16.9275],[80.4985,16.9557],[80.5022,16.9574],[80.5261,16.9479],[80.5345,16.9614],[80.58,16.9369],[80.5841,16.9289],[80.6019,16.9186],[80.5877,16.9023],[80.5946,16.8994],[80.5956,16.8843],[80.5768,16.8784],[80.5683,16.8694],[80.5702,16.8492],[80.5629,16.8329],[80.5655,16.8269],[80.5774,16.8234],[80.594,16.8032],[80.6053,16.798],[80.5868,16.7823],[80.5769,16.7772],[80.5702,16.7681],[80.5516,16.7751],[80.5266,16.7746],[80.5044,16.7787],[80.4868,16.7909],[80.4645,16.7955],[80.4661,16.8164],[80.4286,16.8382],[80.4273,16.8499],[80.4152,16.8518],[80.3853,16.8633],[80.3788,16.8616],[80.3809,16.8508],[80.4078,16.849],[80.3997,16.8336],[80.3789,16.8188],[80.3738,16.8304],[80.3741,16.8524],[80.3409,16.8598],[80.344,16.8744],[80.3217,16.8797],[80.3238,16.9065],[80.3116,16.9167],[80.3132,16.9411],[80.3162,16.9482],[80.305,16.9537],[80.3066,16.9738],[80.2903,16.9811],[80.2945,16.995],[80.2837,17.0072],[80.2705,17.004],[80.2649,16.9973],[80.2561,17.0011],[80.2404,17.0022],[80.2288,17.0144],[80.2153,17.0089],[80.2021,17.0171],[80.1996,17.0266],[80.2041,17.0383],[80.1965,17.0441],[80.1873,17.02],[80.1702,17.0169],[80.1678,17.0057],[80.1533,17.0069],[80.1402,16.9906],[80.1305,16.9924],[80.1088,16.9874],[80.0952,16.9907],[80.0916,16.9684],[80.0555,16.9715],[80.0483,16.9475],[80.052,16.9417],[80.0396,16.9171],[80.0174,16.915],[80.0124,16.8927],[80.0043,16.8801],[80.0038,16.862],[80.0171,16.8543],[80.029,16.8521],[80.0469,16.8534],[80.0479,16.8337],[80.0727,16.8165],[80.0665,16.7865],[80.0535,16.7633],[80.055,16.7447],[80.0388,16.7302],[80.0306,16.7148],[80.0244,16.711],[80.0082,16.709],[79.9958,16.7001],[79.9794,16.6654],[79.9648,16.645],[79.9498,16.6359],[79.9324,16.6314],[79.9078,16.6353],[79.8918,16.6547],[79.8855,16.6874],[79.8775,16.6973],[79.8589,16.7047],[79.8445,16.7032],[79.8282,16.6938],[79.8124,16.6946],[79.7981,16.7119],[79.7939,16.7232],[79.7841,16.7306],[79.7728,16.7306],[79.7446,16.7191],[79.7293,16.6955],[79.7157,16.6892],[79.6855,16.6946],[79.6622,16.6867],[79.6483,16.6701],[79.635,16.6611],[79.6215,16.6632],[79.604,16.6724],[79.5922,16.6699],[79.5756,16.6498],[79.5421,16.6323],[79.5234,16.6315],[79.5104,16.6358],[79.494,16.6331],[79.4789,16.6224],[79.4596,16.6237],[79.4403,16.6149],[79.4331,16.5908],[79.4187,16.5803],[79.3968,16.5798],[79.3779,16.5828],[79.3561,16.5794],[79.3372,16.5821],[79.3265,16.5765],[79.3083,16.5742],[79.2955,16.563],[79.2774,16.5615],[79.2617,16.567],[79.2522,16.5593],[79.2448,16.5318],[79.2273,16.5238],[79.2192,16.5104],[79.2145,16.4847],[79.2171,16.4776],[79.2332,16.4598],[79.2183,16.454],[79.2116,16.4474],[79.2081,16.3802],[79.2124,16.3737],[79.2106,16.3562],[79.2144,16.3494],[79.2338,16.3358],[79.2312,16.3151],[79.2305,16.2831],[79.2257,16.2736],[79.2234,16.2467],[79.2154,16.2262],[79.2063,16.2209],[79.1699,16.2099],[79.157,16.2093],[79.1442,16.2152],[79.1238,16.2311],[79.1143,16.231],[79.1034,16.2234],[79.082,16.2302],[79.0721,16.2271],[79.0563,16.2363],[79.0292,16.2418],[79.0091,16.24],[78.9866,16.2112],[78.9603,16.2091],[78.9376,16.2012],[78.9111,16.1885],[78.9047,16.1746],[78.9165,16.1462],[78.923,16.1393],[78.9222,16.1059],[78.918,16.1001],[78.8895,16.0847],[78.8862,16.1012],[78.8794,16.1176],[78.8765,16.1356],[78.8693,16.1457],[78.8547,16.1488],[78.8347,16.1452],[78.8335,16.1347],[78.8415,16.1018],[78.8417,16.0826],[78.8371,16.0704],[78.8162,16.0456],[78.8004,16.0369],[78.7964,16.0289],[78.7855,16.0212],[78.7662,16.0165],[78.751,16.0158],[78.7355,16.0082],[78.7236,16.0201],[78.6994,16.0272],[78.6812,16.0348],[78.6682,16.0545],[78.6505,16.072],[78.6503,16.0788],[78.6273,16.0877],[78.61,16.0872],[78.5963,16.078],[78.5924,16.0691],[78.5703,16.0524],[78.5518,16.0428],[78.5421,16.0442],[78.5215,16.0542],[78.4987,16.06],[78.4791,16.0674],[78.4411,16.0745],[78.4358,16.0716],[78.4079,16.0748],[78.3967,16.0658],[78.3851,16.065],[78.3655,16.0468],[78.3478,16.0475],[78.3266,16.0368],[78.3224,16.03],[78.322,16.0171],[78.3069,16.0107],[78.2962,16.0128],[78.2813,16.0228],[78.2625,16.0267],[78.2555,16.0129],[78.2599,15.9988],[78.2526,15.9816],[78.2537,15.9426],[78.2503,15.9339],[78.2267,15.9222],[78.2029,15.9174],[78.1871,15.9117],[78.1795,15.902],[78.1896,15.8928],[78.1868,15.8852],[78.1766,15.876],[78.1754,15.8581],[78.1658,15.8544],[78.1356,15.8547],[78.1343,15.8366],[78.1016,15.8374],[78.0836,15.8409],[78.0714,15.8504],[78.0716,15.8618],[78.0559,15.8663],[78.0562,15.8747],[78.0469,15.8749],[78.045,15.9042],[78.0319,15.9074],[78.0255,15.9024],[78.0151,15.876],[78.0088,15.8648],[77.997,15.8663],[77.9754,15.8834],[77.9491,15.8848],[77.9388,15.8831],[77.9134,15.8934],[77.8904,15.9058],[77.8783,15.9052],[77.8606,15.8847],[77.8513,15.882],[77.8374,15.8848],[77.8273,15.8802],[77.8036,15.8742],[77.7824,15.8762],[77.7695,15.8854],[77.7477,15.8853],[77.7314,15.8937],[77.7128,15.8945],[77.6945,15.8837],[77.6575,15.8859],[77.6376,15.8954],[77.6251,15.9091],[77.6128,15.9175],[77.5985,15.9124],[77.5818,15.9183],[77.549,15.9191],[77.5339,15.9238],[77.5135,15.9268],[77.4988,15.9332],[77.466,15.9345],[77.4351,15.9478],[77.4274,15.949],[77.4163,15.9424],[77.3977,15.9445],[77.3795,15.9398],[77.3672,15.9473],[77.3492,15.9513],[77.3261,15.95],[77.3011,15.958],[77.2832,15.9542],[77.2489,15.9646],[77.2355,15.9572],[77.2173,15.9578],[77.2062,15.9551],[77.1853,15.9568],[77.176,15.9515],[77.1594,15.9509],[77.1432,15.9447],[77.1374,15.9382],[77.1026,15.9287],[77.0846,15.9187],[77.0702,15.9078],[77.0569,15.8833],[77.0354,15.8611],[77.0252,15.8375],[77.0359,15.8296],[77.0632,15.8296],[77.0657,15.8215],[77.0638,15.8032],[77.068,15.7958],[77.061,15.7863],[77.0543,15.7562],[77.048,15.7562],[77.046,15.7404],[77.0491,15.7303],[77.0798,15.7274],[77.0789,15.7163],[77.0874,15.7155],[77.0787,15.6952],[77.1093,15.6815],[77.1134,15.6757],[77.1289,15.6659],[77.1215,15.6311],[77.1084,15.6379],[77.1027,15.6466],[77.0832,15.6592],[77.0718,15.6467],[77.0305,15.6345],[77.0326,15.6039],[77.0263,15.5776],[77.0313,15.5441],[77.0312,15.5059],[77.0289,15.5005],[76.9907,15.5061],[76.9746,15.5105],[76.9771,15.4898],[76.9973,15.478],[77.0108,15.4488],[77.032,15.4356],[77.0352,15.4232],[77.029,15.4077],[77.0314,15.4011],[77.0473,15.39],[77.0414,15.371],[77.0448,15.3557],[77.0591,15.349],[77.0659,15.3408],[77.0638,15.328],[77.0744,15.3259],[77.1015,15.3337],[77.1131,15.3337],[77.117,15.3258],[77.1183,15.2954],[77.1516,15.2925],[77.1519,15.2754],[77.1677,15.2585],[77.1438,15.2572],[77.1362,15.241],[77.1264,15.2405],[77.1251,15.227],[77.1442,15.224],[77.1548,15.2148],[77.1662,15.1884],[77.1692,15.1714],[77.1629,15.1574],[77.1408,15.1586],[77.1347,15.1483],[77.138,15.1435],[77.1573,15.1405],[77.1564,15.123],[77.1502,15.1116],[77.1421,15.1046],[77.1301,15.1008],[77.1282,15.0723],[77.1153,15.0464],[77.113,15.0341],[77.0937,15.0362],[77.0848,15.0307],[77.0825,15.0061],[77.069,15.0048],[77.0441,15.0099],[77.0506,15.0253],[77.0496,15.0331],[77.036,15.0313],[77.0041,15.0339],[76.9861,15.0265],[76.9852,15.0152],[76.9659,15.0181],[76.9496,15.0304],[76.9329,15.0296],[76.9184,15.0356],[76.9072,15.0325],[76.8939,15.0369],[76.8779,15.0355],[76.8694,15.0531],[76.8615,15.062],[76.836,15.0793],[76.8238,15.08],[76.8021,15.095],[76.7861,15.0878],[76.7822,15.0774],[76.7753,15.0723],[76.7736,15.0592],[76.7804,15.0427],[76.7858,15.0372],[76.7902,15.0207],[76.7878,15.0093],[76.7788,15.0046],[76.7724,14.9909],[76.7606,14.9899],[76.7672,14.9749],[76.7776,14.9755],[76.7963,14.9692],[76.8183,14.9695],[76.8285,14.9565],[76.842,14.9664],[76.8675,14.9699],[76.8661,14.9576],[76.8696,14.9377],[76.8639,14.8956],[76.8474,14.896],[76.8525,14.887],[76.8546,14.856],[76.8538,14.8427],[76.843,14.8377],[76.846,14.8221],[76.8546,14.8181],[76.8515,14.8086],[76.8374,14.8106],[76.8368,14.7908],[76.8191,14.7931],[76.8177,14.7876],[76.803,14.7856],[76.7827,14.786],[76.789,14.7723],[76.7896,14.7601],[76.803,14.7419],[76.7865,14.7085],[76.7862,14.6958],[76.7763,14.6832],[76.7746,14.6758],[76.7725,14.6391],[76.7669,14.6183],[76.765,14.6022],[76.7803,14.5931],[76.7915,14.5544],[76.8052,14.5375],[76.8223,14.5274],[76.8328,14.5291],[76.8347,14.5223],[76.8556,14.5096],[76.868,14.4741],[76.8843,14.4771],[76.9007,14.4892],[76.9209,14.4906],[76.95,14.4868],[76.9748,14.4854],[76.9755,14.4779],[76.9683,14.4618],[76.9599,14.4506],[76.946,14.4526],[76.9478,14.4132],[76.9373,14.4064],[76.9158,14.4207],[76.8987,14.398],[76.8848,14.3957],[76.8848,14.3476],[76.8923,14.3413],[76.9034,14.3227],[76.9272,14.3146],[76.9457,14.3132],[76.9567,14.2944],[76.9249,14.2738],[76.9345,14.2619],[76.9401,14.2446],[76.952,14.2419],[76.9698,14.2434],[76.9856,14.2474],[77.0057,14.2358],[77.0304,14.2423],[77.0361,14.2468],[77.0525,14.2455],[77.0618,14.2295],[77.0763,14.223],[77.0812,14.2142],[77.1008,14.2172],[77.1149,14.2232],[77.1183,14.2449],[77.1105,14.2687],[77.1155,14.2743],[77.1155,14.2922],[77.1299,14.3055],[77.1363,14.3231],[77.1389,14.34],[77.1537,14.3394],[77.1668,14.3422],[77.1693,14.3355],[77.1839,14.3326],[77.1974,14.3212],[77.2135,14.3188],[77.2287,14.3212],[77.2461,14.3175],[77.2577,14.3302],[77.2693,14.3321],[77.2866,14.3401],[77.2886,14.3272],[77.288,14.2988],[77.2829,14.2861],[77.2893,14.2813],[77.3054,14.2835],[77.3391,14.2769],[77.3638,14.2759],[77.3634,14.2524],[77.3595,14.234],[77.3776,14.2281],[77.3842,14.221],[77.3831,14.2081],[77.3926,14.1989],[77.4183,14.2091],[77.4177,14.2259],[77.4097,14.232],[77.4097,14.2512],[77.4054,14.2667],[77.3887,14.2696],[77.3824,14.299],[77.377,14.3076],[77.379,14.3228],[77.3942,14.3366],[77.4121,14.3365],[77.4283,14.3243],[77.4315,14.3129],[77.4462,14.3175],[77.4452,14.2953],[77.4481,14.2826],[77.4562,14.2799],[77.4661,14.2831],[77.4789,14.2922],[77.4871,14.2818],[77.4983,14.2789],[77.5039,14.2638],[77.4945,14.2243],[77.5033,14.2106],[77.5048,14.1937],[77.517,14.1861],[77.5035,14.1572],[77.4808,14.1648],[77.4681,14.1649],[77.467,14.1717],[77.4303,14.1709],[77.4163,14.1764],[77.3937,14.1743],[77.3949,14.1608],[77.3851,14.1533],[77.3789,14.1359],[77.3567,14.1302],[77.3515,14.1204],[77.3475,14.1037],[77.3617,14.1154],[77.3906,14.1267],[77.401,14.1202],[77.3976,14.1096],[77.3879,14.0987],[77.3813,14.0979],[77.3736,14.077],[77.3637,14.073],[77.36,14.0623],[77.3405,14.0602],[77.3323,14.0307],[77.3849,14.0161],[77.3858,14.0012],[77.3797,13.9899],[77.3816,13.9763],[77.3957,13.9838],[77.4259,13.9862],[77.4285,13.9792],[77.4379,13.9756],[77.4349,13.9653],[77.4376,13.9555],[77.4307,13.9451],[77.4121,13.9456],[77.4159,13.9242],[77.4349,13.9197],[77.435,13.915],[77.4205,13.8994],[77.4106,13.8964],[77.4055,13.8895],[77.3979,13.9062],[77.37,13.9032],[77.3544,13.9042],[77.3478,13.916],[77.3552,13.9308],[77.368,13.9503],[77.3495,13.9582],[77.3611,13.9909],[77.3356,13.9981],[77.3369,14.0045],[77.3278,14.0155],[77.3222,14.03],[77.3066,14.032],[77.2983,14.0216],[77.275,14.0113],[77.2793,14.0261],[77.2773,14.0347],[77.2606,14.0289],[77.2454,14.012],[77.2198,14.0136],[77.2051,14.0084],[77.1877,14.0117],[77.171,14.012],[77.1728,14.0011],[77.1513,14.0007],[77.1411,14.0039],[77.1417,14.0132],[77.1364,14.0229],[77.1318,14.044],[77.1274,14.0471],[77.1024,14.0453],[77.0951,14.0425],[77.0753,14.0435],[77.0689,14.0521],[77.0416,14.0569],[77.0316,14.0569],[77.0256,14.0662],[77.0298,14.0882],[77.0147,14.1],[77.0241,14.1126],[77.0202,14.1313],[77.0204,14.1572],[77.026,14.1748],[77.0055,14.184],[76.9813,14.1789],[76.9606,14.1818],[76.9476,14.1982],[76.9424,14.1734],[76.9219,14.1695],[76.8945,14.1678],[76.8895,14.1357],[76.9048,14.1337],[76.9176,14.1289],[76.925,14.1371],[76.9443,14.1208],[76.9534,14.0992],[76.9594,14.0917],[76.9735,14.0836],[76.9765,14.0653],[76.9717,14.0581],[76.9519,14.0538],[76.9324,14.054],[76.9352,14.0328],[76.9442,14.0292],[76.95,14.0151],[76.9654,14.0115],[77.0003,13.9895],[76.9938,13.9626],[77.0142,13.9549],[77.0244,13.94],[77.0417,13.9335],[77.0473,13.9066],[77.023,13.9026],[77.0233,13.896],[77.0163,13.8844],[77.0185,13.8726],[77.0142,13.8604],[77.0065,13.8521],[76.9922,13.849],[76.9904,13.8377],[76.978,13.8269],[76.9764,13.8174],[76.9897,13.813],[76.9918,13.8045],[76.9852,13.7908],[76.9929,13.7708],[76.9969,13.7478],[77.0163,13.7385],[77.0174,13.7561],[77.024,13.7684],[77.0245,13.7793],[77.0434,13.7778],[77.0575,13.753],[77.0647,13.7439],[77.0856,13.7425],[77.0855,13.7624],[77.0904,13.7672],[77.106,13.7678],[77.1368,13.7583],[77.1409,13.7651],[77.1511,13.7662],[77.1731,13.7621],[77.1789,13.7816],[77.1629,13.7985],[77.1627,13.8169],[77.1677,13.8213],[77.1655,13.8332],[77.1537,13.8342],[77.156,13.8444],[77.1322,13.8462],[77.136,13.8566],[77.1476,13.8685],[77.1686,13.8645],[77.1714,13.8712],[77.1688,13.8896],[77.1621,13.8991],[77.1619,13.9067],[77.1699,13.9207],[77.1847,13.9252],[77.1908,13.9119],[77.1862,13.8948],[77.1853,13.8756],[77.1814,13.8699],[77.2004,13.8631],[77.2104,13.8795],[77.2199,13.8678],[77.23,13.892],[77.2307,13.9034],[77.2483,13.9013],[77.2447,13.8833],[77.2476,13.8688],[77.2591,13.8632],[77.2567,13.8466],[77.2803,13.8511],[77.2902,13.8483],[77.2949,13.8574],[77.3036,13.8621],[77.3165,13.8633],[77.3215,13.856],[77.3254,13.8333],[77.3368,13.8328],[77.3624,13.8543],[77.3748,13.8523],[77.3794,13.8409],[77.4155,13.8398],[77.4268,13.8412],[77.4277,13.8327],[77.417,13.8106],[77.4287,13.8068],[77.4226,13.7991],[77.437,13.7967],[77.4453,13.8111],[77.4609,13.803],[77.4565,13.7888],[77.4644,13.7683],[77.4706,13.7581],[77.4634,13.723],[77.4651,13.7109],[77.4501,13.7109],[77.4553,13.6823],[77.4921,13.6899],[77.485,13.7148],[77.5142,13.7133],[77.5124,13.6973],[77.5283,13.6931],[77.5337,13.7049],[77.5366,13.7306],[77.522,13.7446],[77.5254,13.7533],[77.5407,13.756],[77.548,13.7523],[77.5493,13.7407],[77.5591,13.7233],[77.5648,13.7262],[77.5717,13.7382],[77.5868,13.7335],[77.596,13.7482],[77.6136,13.752],[77.6244,13.7353],[77.6417,13.7423],[77.6422,13.7468],[77.6296,13.7542],[77.6188,13.755],[77.6211,13.7685],[77.6469,13.7793],[77.6513,13.7841],[77.6698,13.784],[77.6814,13.7792],[77.6749,13.7605],[77.6952,13.7707],[77.7033,13.7698],[77.7085,13.7411],[77.7151,13.7438],[77.7222,13.7687],[77.7187,13.7841],[77.7316,13.8076],[77.7407,13.8125],[77.7479,13.8104],[77.7641,13.8173],[77.7816,13.8191],[77.7888,13.8232],[77.7822,13.8439],[77.7915,13.8487],[77.8085,13.8506],[77.8169,13.8602],[77.8371,13.8698],[77.8311,13.8972],[77.8194,13.9001],[77.8135,13.9147],[77.8144,13.9308],[77.8266,13.9448],[77.8377,13.9362],[77.8548,13.9382],[77.8686,13.9361],[77.8957,13.9411],[77.8955,13.926],[77.918,13.9069],[77.9268,13.9054],[77.9362,13.9174],[77.9462,13.9354],[77.96,13.9406],[77.9674,13.9602],[77.9875,13.9555],[77.9803,13.9275],[77.9825,13.9234],[77.9844,13.8976],[77.9522,13.8903],[77.9491,13.8707],[77.9529,13.8566],[77.9559,13.831],[77.9763,13.8298],[77.9921,13.8689],[78.0005,13.873],[78.0116,13.872],[78.0166,13.8656],[78.0462,13.8622],[78.0511,13.8807],[78.0489,13.8961],[78.0643,13.8867],[78.079,13.8812],[78.0829,13.8626],[78.1148,13.8629],[78.1165,13.8519],[78.1236,13.8454],[78.1255,13.8321],[78.1148,13.812],[78.1265,13.7885],[78.1138,13.7635],[78.0999,13.7585],[78.0915,13.7423],[78.1058,13.735],[78.1208,13.7157],[78.1147,13.7035],[78.1132,13.6928],[78.0859,13.6922],[78.074,13.6983],[78.0736,13.6878],[78.0664,13.6764],[78.0897,13.6591],[78.0871,13.6431],[78.0989,13.6428],[78.1022,13.6511],[78.1143,13.6574],[78.1256,13.6559],[78.1339,13.6595],[78.1554,13.6582],[78.1691,13.654],[78.167,13.6367],[78.175,13.6307],[78.2042,13.6285],[78.2036,13.6081],[78.1902,13.5902],[78.1896,13.5753],[78.193,13.5649],[78.2029,13.5688],[78.2129,13.5813],[78.2163,13.5913],[78.2296,13.5871],[78.2341,13.5976],[78.2437,13.5976],[78.2593,13.585],[78.2695,13.5878],[78.3152,13.5915],[78.3259,13.5949],[78.3466,13.5905],[78.3506,13.5869],[78.3852,13.5922],[78.4022,13.5873],[78.4067,13.5769],[78.3938,13.5523],[78.3942,13.5413],[78.3824,13.5251],[78.3833,13.5156],[78.3744,13.5091],[78.3779,13.503],[78.3788,13.4821],[78.3708,13.4696],[78.3745,13.462],[78.3774,13.4241],[78.3807,13.4189],[78.3817,13.397],[78.3788,13.3837],[78.369,13.3732],[78.3651,13.3618],[78.3776,13.3632],[78.4084,13.3457],[78.4073,13.3376],[78.393,13.3338],[78.383,13.3436],[78.3771,13.332],[78.3871,13.3318],[78.4011,13.3155],[78.4189,13.3206],[78.4279,13.3313],[78.4404,13.3285],[78.4442,13.3082],[78.4666,13.3152],[78.4769,13.3227],[78.4837,13.3144],[78.4793,13.3013],[78.4967,13.2987],[78.5054,13.2911],[78.514,13.2906],[78.5266,13.2685],[78.5364,13.2725],[78.5393,13.2879],[78.5536,13.2833],[78.565,13.2955],[78.5775,13.2953],[78.5786,13.2804],[78.5873,13.2807],[78.5849,13.2616],[78.5703,13.2476],[78.5664,13.2209],[78.5711,13.2121],[78.5678,13.2016],[78.55,13.2002],[78.5497,13.1897],[78.5664,13.1919],[78.576,13.1867],[78.5773,13.1719],[78.5682,13.1618],[78.5501,13.1642],[78.5408,13.1535],[78.5483,13.1486],[78.5435,13.1415],[78.5312,13.1414],[78.5261,13.1341],[78.5166,13.1304],[78.5185,13.1199],[78.5328,13.1096],[78.5204,13.096],[78.5102,13.0927],[78.5086,13.0791],[78.5156,13.0677],[78.5142,13.0619],[78.4984,13.0613],[78.4873,13.0524],[78.4785,13.0546],[78.4742,13.0438],[78.4622,13.0433],[78.4614,13.0257],[78.4647,13.0197],[78.4636,13.0054],[78.4748,12.9915],[78.4674,12.9751],[78.4353,12.9811],[78.4325,12.9695],[78.4364,12.9644],[78.4215,12.9547],[78.4121,12.9436],[78.4181,12.9231],[78.4282,12.9321],[78.438,12.9291],[78.4476,12.9183],[78.4683,12.9009],[78.4681,12.8794],[78.4472,12.8923],[78.4388,12.9137],[78.4286,12.9021],[78.4122,12.9033],[78.3986,12.9174],[78.3972,12.9087],[78.3887,12.9069],[78.3782,12.9139],[78.3602,12.937],[78.3497,12.9358],[78.3466,12.9141],[78.3397,12.9032],[78.3295,12.9022],[78.3217,12.8856],[78.338,12.8863],[78.331,12.8756],[78.3136,12.8765],[78.3124,12.8586],[78.2821,12.8594],[78.2717,12.867],[78.2657,12.8624],[78.2522,12.8606],[78.2523,12.829],[78.2456,12.7883],[78.239,12.7684],[78.2309,12.7607],[78.2362,12.7378],[78.241,12.73],[78.2311,12.7126],[78.2074,12.7084],[78.2099,12.7006],[78.1997,12.6928],[78.2106,12.6861],[78.2377,12.6858],[78.2401,12.7027],[78.2522,12.7062],[78.2684,12.7055],[78.2765,12.7016],[78.2918,12.6818],[78.2964,12.6711],[78.3183,12.662],[78.3322,12.6493],[78.3436,12.6488],[78.3556,12.6365],[78.3794,12.6251],[78.3925,12.6274],[78.4133,12.6277],[78.4266,12.6351],[78.4332,12.6301],[78.4586,12.6296],[78.4646,12.6242],[78.4717,12.6323],[78.4679,12.6759],[78.4845,12.6717],[78.4998,12.6762],[78.5038,12.682],[78.5039,12.7113],[78.512,12.7077],[78.5206,12.7173],[78.5043,12.7249],[78.4891,12.742],[78.4931,12.7472],[78.5052,12.743],[78.513,12.7333],[78.5116,12.7269],[78.5285,12.7157],[78.5313,12.6971],[78.5409,12.6907],[78.5547,12.6991],[78.5543,12.7181],[78.5637,12.7376],[78.5575,12.7573],[78.5656,12.7594],[78.5684,12.767],[78.5925,12.7827],[78.593,12.7983],[78.6011,12.8037],[78.6004,12.8185],[78.6077,12.8219],[78.6015,12.8508],[78.6131,12.868],[78.6149,12.8827],[78.6228,12.9043],[78.633,12.9247],[78.6335,12.9314],[78.653,12.9293],[78.65,12.9401],[78.638,12.9648],[78.64,12.971],[78.6209,12.9913],[78.6555,13.0153],[78.6562,13.0312],[78.7052,13.0153],[78.7079,13.0356],[78.7145,13.0687],[78.7403,13.064],[78.7513,13.055],[78.7877,13.0642],[78.813,13.0891],[78.842,13.0787],[78.8611,13.0837],[78.8814,13.0982],[78.8957,13.0952],[78.8889,13.0734],[78.8913,13.0689],[78.8919,13.033],[78.9171,13.0338],[78.9291,13.0365],[78.9291,13.0458],[78.9061,13.0452],[78.904,13.0496],[78.9105,13.0634],[78.9217,13.0661],[78.9239,13.0808],[78.9554,13.0759],[78.9688,13.0779],[78.9723,13.0838],[78.9825,13.0864],[79.0039,13.0846],[79.0095,13.0773],[79.0346,13.07],[79.0387,13.0612],[79.0634,13.0531],[79.0638,13.0396],[79.0809,13.0258],[79.0983,13.0261],[79.1085,13.0388],[79.1383,13.0343],[79.1499,13.0238],[79.1631,13.0203],[79.1718,13.0273],[79.1848,13.0299],[79.1919,13.0484],[79.1827,13.0474],[79.1829,13.057],[79.1921,13.0675],[79.1856,13.0753],[79.1999,13.0881],[79.2127,13.0925],[79.2344,13.1053],[79.2384,13.1186],[79.2303,13.1264],[79.2283,13.14],[79.2219,13.1463],[79.21,13.1485],[79.2147,13.157],[79.2269,13.1589],[79.2356,13.1713],[79.2449,13.1489],[79.2539,13.1458],[79.2532,13.1603],[79.2603,13.1596],[79.2621,13.1491],[79.2773,13.1562],[79.2805,13.1526],[79.284,13.1228],[79.2992,13.1187],[79.2943,13.1096],[79.3072,13.1056],[79.3099,13.112],[79.3242,13.1186],[79.329,13.1306],[79.3441,13.132],[79.3485,13.1203],[79.3581,13.1217],[79.365,13.1308],[79.3561,13.1646],[79.38,13.163],[79.3755,13.1777],[79.3921,13.1925],[79.4316,13.1893],[79.4324,13.197],[79.4412,13.2083],[79.4397,13.2177],[79.4538,13.217],[79.4531,13.2384],[79.4415,13.238],[79.4376,13.2429],[79.4185,13.243],[79.4171,13.2585],[79.4114,13.2647],[79.419,13.272],[79.4337,13.275],[79.4357,13.2913],[79.4463,13.2916],[79.4452,13.3018],[79.4305,13.3003],[79.42,13.2896],[79.4138,13.3002],[79.4053,13.2976],[79.3937,13.2998],[79.3875,13.3179],[79.3987,13.3217],[79.3983,13.3302],[79.4316,13.3367],[79.4361,13.3502],[79.4456,13.3476],[79.4562,13.3386],[79.4805,13.34],[79.4952,13.3452],[79.511,13.3419],[79.5263,13.3443],[79.5373,13.3386],[79.544,13.3171],[79.5349,13.3015],[79.5411,13.2928],[79.5351,13.2851],[79.54,13.2724],[79.5584,13.2727],[79.574,13.259],[79.5825,13.2574],[79.5937,13.2662],[79.5956,13.2847],[79.6062,13.2882],[79.6287,13.2698],[79.634,13.2825],[79.6518,13.2918],[79.6552,13.2853],[79.6714,13.2802],[79.6832,13.2882],[79.6937,13.2799],[79.6936,13.2735],[79.6783,13.2617],[79.6842,13.2445],[79.6963,13.2433],[79.7009,13.2531],[79.7082,13.2501],[79.714,13.2358],[79.7075,13.235],[79.7027,13.2224],[79.7184,13.2165],[79.7216,13.2235],[79.7308,13.2235],[79.7326,13.2369],[79.751,13.2165],[79.75,13.208],[79.7598,13.2075],[79.7642,13.2191],[79.7769,13.2188],[79.7877,13.2292],[79.7943,13.2283],[79.7947,13.2421],[79.7816,13.2516],[79.7612,13.2575],[79.7479,13.2711],[79.735,13.276],[79.7309,13.2844],[79.7392,13.2914],[79.7524,13.2917],[79.7602,13.3016],[79.7618,13.3127],[79.7681,13.3139],[79.7795,13.3063],[79.7917,13.2935],[79.8016,13.3005],[79.8042,13.3117],[79.8173,13.3186],[79.8326,13.3154],[79.8632,13.3177],[79.8679,13.3303],[79.8776,13.3243],[79.8835,13.3329],[79.9038,13.3405],[79.9168,13.3581],[79.9253,13.3584],[79.9313,13.3515],[79.9452,13.3634],[79.9492,13.3777],[79.958,13.3792],[79.9625,13.3943],[79.9443,13.3969],[79.9444,13.4063],[79.9396,13.4251],[79.9619,13.4234],[79.9733,13.4297],[79.9724,13.4691],[79.9824,13.4705],[79.984,13.4796],[80.0078,13.4783],[80.0159,13.498],[80.03,13.4982],[80.0466,13.4937],[80.0484,13.5123],[80.0355,13.5183],[80.0272,13.5137],[80.0195,13.5193],[80.0168,13.5295],[80.0005,13.5257],[79.9997,13.5423],[80.0133,13.5472],[80.0246,13.5452],[80.0284,13.5388],[80.0569,13.5367],[80.0673,13.5445],[80.0812,13.5498],[80.0886,13.535],[80.0771,13.5264],[80.0782,13.4888],[80.0992,13.4876],[80.111,13.4919],[80.1171,13.504],[80.1446,13.5013],[80.1452,13.4914],[80.1619,13.4883],[80.1865,13.4907],[80.2259,13.4851],[80.2352,13.474],[80.2422,13.4725],[80.2511,13.5028],[80.264,13.5627],[80.2683,13.5645],[80.2428,13.6158],[80.2339,13.6571],[80.2331,13.683],[80.2351,13.7056],[80.242,13.7431],[80.2479,13.7627],[80.2552,13.7794],[80.254,13.7904],[80.2461,13.8047],[80.2269,13.8541],[80.2181,13.8814],[80.1977,13.919],[80.1823,13.9593],[80.1699,13.9859],[80.1467,14.0411],[80.1419,14.0593],[80.1407,14.0753],[80.1338,14.0929],[80.1297,14.1205],[80.1272,14.1502],[80.1268,14.1799],[80.1296,14.2201],[80.1327,14.2359],[80.1391,14.2513],[80.1404,14.2709],[80.1493,14.3044],[80.1672,14.3444],[80.1725,14.3845],[80.1747,14.4328],[80.1798,14.5058],[80.1869,14.5476],[80.196,14.5865],[80.1891,14.6037],[80.1744,14.6093],[80.1639,14.6318],[80.1522,14.6679],[80.1435,14.7019],[80.1352,14.7183],[80.1124,14.7397],[80.0991,14.7754],[80.0885,14.8252],[80.0865,14.8486],[80.0868,14.8696],[80.0791,14.9035],[80.0695,14.9264],[80.0639,14.9484],[80.0528,15.0122],[80.0471,15.0831],[80.0557,15.1238],[80.0704,15.1657],[80.0837,15.191],[80.0896,15.2155],[80.0894,15.2338],[80.0841,15.2512],[80.0834,15.2622],[80.0892,15.287],[80.0973,15.3058],[80.1064,15.3207],[80.1113,15.3456],[80.1281,15.3757],[80.1407,15.3927],[80.1791,15.436],[80.2026,15.4671],[80.2086,15.4792],[80.2189,15.5208],[80.2295,15.5385],[80.2277,15.5523],[80.2322,15.5786],[80.243,15.6149],[80.2566,15.6437],[80.2765,15.6745],[80.2822,15.6857],[80.3064,15.7139],[80.3262,15.7337],[80.3619,15.7637],[80.4102,15.7935],[80.4479,15.8137],[80.4899,15.8333],[80.5235,15.8454],[80.5365,15.8527],[80.5439,15.8518],[80.5745,15.8628],[80.6047,15.8706],[80.6493,15.8788],[80.6862,15.8819],[80.7267,15.8793],[80.7485,15.8744],[80.7674,15.8651],[80.7817,15.8635],[80.8006,15.8481],[80.8114,15.8345],[80.8135,15.8156],[80.8095,15.8121],[80.7914,15.821],[80.7887,15.8328],[80.7796,15.8357],[80.7971,15.7961],[80.8018,15.7898],[80.8111,15.7648],[80.8158,15.741],[80.8092,15.7354],[80.8104,15.7211],[80.8162,15.7133],[80.831,15.7069],[80.8437,15.7069],[80.9208,15.7194],[80.928,15.722],[80.9359,15.7168],[80.962,15.7284],[81.0082,15.7541],[81.0144,15.7717],[81.0095,15.7878],[81.0024,15.7869],[80.9953,15.8035],[80.9968,15.815],[81.0047,15.8382],[81.0149,15.851],[81.04,15.874],[81.061,15.9008],[81.0797,15.9192],[81.1146,15.951],[81.1395,15.9698],[81.1484,15.9791],[81.1432,15.9955],[81.1448,16.0105],[81.1496,16.0247],[81.1725,16.0649],[81.1873,16.0934],[81.1956,16.1155],[81.2023,16.1473],[81.2071,16.1874],[81.2137,16.2076],[81.2383,16.2474],[81.2683,16.2786],[81.2887,16.2932],[81.3164,16.3105],[81.357,16.3289],[81.3907,16.34],[81.428,16.3475],[81.4561,16.3514],[81.5027,16.3551],[81.5382,16.3527],[81.5391,16.3493],[81.6273,16.3383],[81.6764,16.3289],[81.6906,16.3278],[81.7107,16.3169],[81.7195,16.3067],[81.7613,16.3295],[81.7943,16.3458],[81.8346,16.3671],[81.8662,16.3792],[81.906,16.3902],[81.9592,16.3978],[81.9729,16.4097],[81.9937,16.4212],[82.0121,16.4279],[82.0561,16.4518],[82.1112,16.4801],[82.1218,16.4836],[82.1704,16.5096],[82.2313,16.541],[82.2603,16.5525],[82.2896,16.5541],[82.3131,16.5623],[82.3137,16.5748],[82.3235,16.5789],[82.3286,16.6028],[82.3299,16.621],[82.3172,16.662],[82.3294,16.6771],[82.3418,16.6847],[82.3614,16.7049],[82.3604,16.7115],[82.3484,16.7162],[82.3442,16.7478],[82.3592,16.8145],[82.3592,16.8242],[82.3661,16.879],[82.367,16.9113],[82.3602,16.9589],[82.3498,16.9787],[82.3394,16.9882],[82.3261,16.9912],[82.3248,16.9855],[82.3383,16.9669],[82.3515,16.9581],[82.3582,16.9418],[82.3627,16.9179],[82.3611,16.8984],[82.3622,16.8728],[82.3556,16.8578],[82.3457,16.8574],[82.3326,16.8638],[82.3218,16.8592],[82.3142,16.846],[82.3085,16.8687],[82.3024,16.8745],[82.2797,16.8771],[82.2743,16.8688],[82.2667,16.8718],[82.2633,16.8846],[82.2546,16.8862],[82.2482,16.9048],[82.2482,16.9305],[82.2516,16.938],[82.2696,16.9402],[82.2694,16.9502],[82.281,16.9871],[82.2877,17.013],[82.3036,17.0387],[82.3204,17.0582],[82.374,17.1088],[82.3972,17.1323],[82.4433,17.1747],[82.4977,17.2175],[82.5491,17.2539],[82.5939,17.2814],[82.6349,17.3053],[82.703,17.3439],[82.7262,17.3552],[82.777,17.3781],[82.8153,17.394],[82.8269,17.401],[82.8649,17.4153],[82.8965,17.4314],[82.9301,17.445],[82.9526,17.4577],[82.9951,17.4752],[83.0116,17.5013],[83.0246,17.5091],[83.0703,17.5281],[83.0915,17.5338],[83.1023,17.5417],[83.1264,17.5505],[83.1629,17.5608],[83.1783,17.5761],[83.2157,17.5937],[83.2196,17.6003],[83.2354,17.6118],[83.2326,17.6202],[83.2396,17.6316],[83.2599,17.6444],[83.2603,17.6495],[83.2821,17.6607],[83.2947,17.6749],[83.2971,17.694],[83.3258,17.7141],[83.3375,17.7191],[83.3475,17.7276],[83.3443,17.7378],[83.357,17.7582],[83.3857,17.7772],[83.3922,17.7941],[83.411,17.8094],[83.4164,17.8218],[83.4173,17.8344],[83.4117,17.8414],[83.4203,17.8571],[83.4438,17.8723],[83.4558,17.8874],[83.4577,17.8987],[83.4727,17.9136],[83.5093,17.936],[83.5157,17.9425],[83.5316,17.9511],[83.5438,17.9634],[83.5609,17.989],[83.5602,17.9999],[83.5686,18.0099],[83.6111,18.0408],[83.6311,18.0524],[83.6637,18.0772],[83.6928,18.0966],[83.7506,18.1293],[83.7871,18.1468],[83.8096,18.1561],[83.8607,18.1745],[83.8765,18.1885],[83.8894,18.1962],[83.9171,18.2057],[83.9352,18.209],[83.9614,18.222],[84.013,18.2502],[84.0741,18.278],[84.0802,18.2843],[84.1258,18.3112],[84.1301,18.3178],[84.1273,18.3338],[84.135,18.3525],[84.1484,18.3738],[84.1831,18.4081],[84.2083,18.4308],[84.2312,18.4538],[84.2547,18.4748],[84.3033,18.5145],[84.3229,18.5288],[84.3551,18.5554],[84.3566,18.5721],[84.3683,18.5932],[84.385,18.6104],[84.4372,18.6574],[84.4417,18.6709],[84.4535,18.6934],[84.4696,18.7145],[84.4937,18.7409],[84.5124,18.7585],[84.5299,18.7708],[84.5511,18.7901],[84.5574,18.817],[84.5749,18.8377],[84.5865,18.8667],[84.6036,18.8898],[84.6367,18.9223],[84.6649,18.9469],[84.6844,18.9675],[84.695,18.9821],[84.7463,19.0482],[84.7647,19.0773]],[[82.226,16.7586],[82.2175,16.7328],[82.2435,16.7223],[82.2704,16.7219],[82.2748,16.7271],[82.2897,16.7267],[82.3055,16.7483],[82.3136,16.7303],[82.3051,16.7124],[82.2902,16.7024],[82.2675,16.6946],[82.239,16.7163],[82.2323,16.7182],[82.2055,16.7174],[82.1934,16.7216],[82.195,16.7302],[82.2058,16.7349],[82.2142,16.7527],[82.226,16.7586]]]},"properties":{"ST_NM":"Andhra Pradesh"}},
{"type":"Feature","geometry":{"type":"MultiPolygon","coordinates":[[[[79.8544,10.9833],[79.8512,10.9943],[79.8402,11.0021],[79.8049,10.9985],[79.8029,10.9885],[79.7938,10.9831],[79.7788,10.997],[79.7467,11.0026],[79.7536,10.977],[79.7595,10.972],[79.7592,10.9607],[79.745,10.9566],[79.7446,10.9662],[79.7349,10.9694],[79.7209,10.9692],[79.7212,10.9514],[79.7313,10.9475],[79.7246,10.9398],[79.7248,10.929],[79.7429,10.9243],[79.7448,10.9161],[79.7581,10.9092],[79.7583,10.8928],[79.7769,10.8966],[79.7766,10.9055],[79.7892,10.9085],[79.7924,10.8985],[79.7899,10.8904],[79.8118,10.8884],[79.824,10.8842],[79.8248,10.8649],[79.8079,10.8557],[79.821,10.8456],[79.828,10.8497],[79.831,10.8274],[79.8413,10.828],[79.8523,10.8309],[79.8535,10.8772],[79.8518,10.8867],[79.8544,10.9833]]],[[[75.5366,11.6939],[75.5444,11.7048],[75.5344,11.7093],[75.5306,11.704],[75.5366,11.6939]]],[[[75.5377,11.7626],[75.5322,11.7595],[75.5406,11.7486],[75.5403,11.7347],[75.5319,11.7345],[75.5272,11.7207],[75.5472,11.7159],[75.5558,11.7277],[75.5424,11.737],[75.5463,11.7561],[75.5377,11.7626]]],[[[79.6175,11.8839],[79.6031,11.8686],[79.602,11.8578],[79.6197,11.8686],[79.6285,11.8698],[79.6264,11.8548],[79.6471,11.8502],[79.6568,11.8521],[79.6627,11.8673],[79.6485,11.8705],[79.6484,11.8803],[79.6411,11.8866],[79.6212,11.8906],[79.6175,11.8839]]],[[[79.6793,11.8146],[79.6746,11.8036],[79.6896,11.8021],[79.6881,11.8122],[79.6793,11.8146]]],[[[79.807,11.8336],[79.7983,11.8276],[79.7783,11.8318],[79.773,11.8227],[79.7649,11.8242],[79.7644,11.8338],[79.7486,11.8407],[79.7369,11.8423],[79.7316,11.8256],[79.7357,11.8094],[79.7245,11.8105],[79.7228,11.7965],[79.7123,11.7916],[79.7198,11.785],[79.7397,11.781],[79.7559,11.7754],[79.7619,11.7908],[79.7702,11.7835],[79.7804,11.7812],[79.7844,11.7874],[79.7958,11.7855],[79.7985,11.802],[79.807,11.8336]]],[[[79.6473,11.8442],[79.6432,11.8261],[79.6463,11.8163],[79.6634,11.813],[79.6712,11.8149],[79.6713,11.8236],[79.6594,11.8298],[79.6617,11.8393],[79.6473,11.8442]]],[[[79.7983,12.017],[79.8051,12.0247],[79.7893,12.0277],[79.7883,12.0192],[79.7983,12.017]]],[[[82.226,16.7586],[82.2142,16.7527],[82.2058,16.7349],[82.195,16.7302],[82.1934,16.7216],[82.2055,16.7174],[82.2323,16.7182],[82.239,16.7163],[82.2675,16.6946],[82.2902,16.7024],[82.3051,16.7124],[82.3136,16.7303],[82.3055,16.7483],[82.2897,16.7267],[82.2748,16.7271],[82.2704,16.7219],[82.2435,16.7223],[82.2175,16.7328],[82.226,16.7586]]],[[[79.8406,11.9558],[79.8248,11.9616],[79.8184,11.9779],[79.8098,11.9753],[79.8033,11.9532],[79.7847,11.9599],[79.7715,11.9439],[79.7599,11.9436],[79.7609,11.9307],[79.7562,11.9204],[79.7493,11.9222],[79.7486,11.944],[79.7445,11.965],[79.7245,11.9713],[79.7264,11.9858],[79.7428,11.9778],[79.7481,11.9848],[79.7604,11.9892],[79.7623,12.0027],[79.7476,12.0078],[79.7334,11.9933],[79.7206,11.9927],[79.7109,11.9746],[79.6916,11.9514],[79.6972,11.9418],[79.7081,11.9407],[79.7096,11.9498],[79.7208,11.9449],[79.7175,11.929],[79.7261,11.9225],[79.7406,11.9055],[79.7307,11.902],[79.7289,11.8903],[79.7117,11.8908],[79.7053,11.8939],[79.7066,11.9135],[79.6962,11.9192],[79.6954,11.8948],[79.6738,11.8916],[79.674,11.8807],[79.685,11.881],[79.687,11.8865],[79.71,11.8892],[79.7082,11.8691],[79.7134,11.8607],[79.7403,11.8644],[79.7431,11.8485],[79.7539,11.8502],[79.7537,11.8642],[79.7574,11.8761],[79.77,11.8747],[79.7708,11.8622],[79.764,11.8473],[79.7735,11.8366],[79.7815,11.8557],[79.8006,11.8553],[79.8081,11.8453],[79.8077,11.8364],[79.8155,11.8605],[79.8226,11.8765],[79.8255,11.893],[79.8369,11.9356],[79.8406,11.9558]],[[79.7814,11.9028],[79.7965,11.895],[79.7851,11.863],[79.7784,11.8632],[79.78,11.8755],[79.7705,11.8909],[79.7753,11.905],[79.7814,11.9028]]],[[[79.6865,11.9732],[79.6726,11.9677],[79.6622,11.9691],[79.66,11.9584],[79.6545,11.9537],[79.6765,11.9485],[79.6835,11.9544],[79.6865,11.9732]]],[[[79.6384,11.9863],[79.646,12.0057],[79.6485,12.0195],[79.644,12.0276],[79.6279,12.0318],[79.6292,12.0187],[79.621,12.0143],[79.6189,12.0013],[79.6262,12.0004],[79.6236,11.9893],[79.6275,11.9681],[79.6285,11.9452],[79.6189,11.9432],[79.6184,11.9261],[79.6284,11.9191],[79.6253,11.903],[79.6406,11.9022],[79.6411,11.9077],[79.6559,11.9079],[79.6689,11.9184],[79.6693,11.9375],[79.6473,11.9534],[79.6483,11.9673],[79.6364,11.9778],[79.6384,11.9863]]],[[[79.6928,12.0353],[79.6842,12.0217],[79.6765,12.0216],[79.6722,12.0097],[79.6614,12.0123],[79.6573,11.9913],[79.6721,11.9948],[79.6808,11.9833],[79.6854,11.9916],[79.6935,11.9899],[79.7184,11.9952],[79.7028,12.0111],[79.7048,12.032],[79.6928,12.0353]]],[[[79.8571,12.0068],[79.8738,12.0426],[79.8498,12.0518],[79.8434,12.0341],[79.8405,12.0133],[79.8571,12.0068]]]]},"properties":{"ST_NM":"Puducherry"}},
{"type":"Feature","geometry":{"type":"MultiPolygon","coordinates":[[[[75.7157,21.388],[75.7033,21.388],[75.6877,21.384],[75.6701,21.3745],[75.6578,21.3787],[75.6434,21.3757],[75.6244,21.3751],[75.6164,21.388],[75.607,21.3918],[75.6012,21.3872],[75.5715,21.3817],[75.5668,21.3742],[75.5527,21.3753],[75.5415,21.3691],[75.5256,21.38],[75.4964,21.3873],[75.4757,21.3863],[75.4679,21.3902],[75.4575,21.3872],[75.4466,21.3895],[75.4401,21.3842],[75.4265,21.3907],[75.4082,21.3873],[75.3984,21.3798],[75.3824,21.3793],[75.366,21.3964],[75.3572,21.4008],[75.3516,21.3906],[75.3266,21.3908],[75.3161,21.3878],[75.2984,21.3998],[75.3009,21.4104],[75.2945,21.4135],[75.2826,21.4078],[75.2638,21.4073],[75.2491,21.4034],[75.239,21.4129],[75.2272,21.4134],[75.2215,21.4085],[75.2071,21.4128],[75.18,21.4305],[75.1437,21.4416],[75.1259,21.4492],[75.1077,21.4622],[75.099,21.4849],[75.0887,21.5007],[75.0899,21.5153],[75.0517,21.5665],[75.02,21.5686],[75.0214,21.5736],[74.9793,21.5952],[74.9354,21.6059],[74.9104,21.6145],[74.9019,21.629],[74.8689,21.6314],[74.8402,21.6227],[74.8307,21.6173],[74.8289,21.6097],[74.8154,21.6094],[74.8074,21.6141],[74.7837,21.6108],[74.775,21.6153],[74.749,21.6179],[74.7005,21.6274],[74.6871,21.6317],[74.6749,21.6464],[74.6642,21.6523],[74.6234,21.6567],[74.6167,21.6607],[74.5821,21.6649],[74.5806,21.6832],[74.5627,21.6835],[74.5549,21.6907],[74.5561,21.7042],[74.5478,21.7187],[74.5367,21.7173],[74.513,21.7185],[74.5078,21.7273],[74.5119,21.7451],[74.5088,21.7497],[74.5141,21.7659],[74.5018,21.7815],[74.4992,21.7914],[74.5003,21.8068],[74.5067,21.8163],[74.5101,21.8292],[74.514,21.8627],[74.5138,21.89],[74.5229,21.8991],[74.524,21.9116],[74.5093,21.9207],[74.5127,21.9319],[74.5005,21.9392],[74.4891,21.9558],[74.4642,21.9662],[74.4534,21.9619],[74.4394,21.9767],[74.4384,21.9822],[74.4433,22.0122],[74.4375,22.0268],[74.4317,22.0302],[74.4152,22.0249],[74.3901,22.0215],[74.3833,22.016],[74.3756,22.0004],[74.3631,21.9922],[74.3505,21.978],[74.3411,21.974],[74.3089,21.9724],[74.2938,21.9574],[74.291,21.9428],[74.281,21.933],[74.2623,21.9339],[74.2462,21.9307],[74.2052,21.926],[74.1817,21.9293],[74.172,21.9404],[74.1572,21.9507],[74.1467,21.9528],[74.108,21.9443],[74.0762,21.932],[74.0526,21.9271],[74.0287,21.9113],[73.9654,21.8843],[73.9296,21.8644],[73.9095,21.857],[73.8897,21.8555],[73.8711,21.8412],[73.8552,21.8431],[73.8263,21.8426],[73.8082,21.8376],[73.7957,21.8243],[73.8045,21.8186],[73.8079,21.8098],[73.8256,21.8112],[73.8317,21.771],[73.8237,21.7645],[73.8329,21.7554],[73.8362,21.7468],[73.8516,21.7363],[73.868,21.718],[73.881,21.7146],[73.8917,21.6917],[73.8937,21.6713],[73.8849,21.6535],[73.8597,21.642],[73.8512,21.6455],[73.8389,21.6332],[73.8299,21.6425],[73.7881,21.634],[73.7802,21.6282],[73.7814,21.6185],[73.7993,21.6036],[73.8122,21.6025],[73.8274,21.5449],[73.8326,21.5376],[73.8348,21.5202],[73.8463,21.5082],[73.8496,21.5025],[73.863,21.4987],[73.863,21.498],[73.8639,21.4981],[73.8639,21.4985],[73.8645,21.4993],[73.8644,21.4997],[73.8727,21.5063],[73.8645,21.5122],[73.8686,21.5127],[73.8686,21.5108],[73.8729,21.5107],[73.8729,21.5104],[73.878,21.5043],[73.9054,21.5157],[73.905,21.519],[73.9054,21.5191],[73.9043,21.5241],[73.9214,21.5203],[73.921,21.5234],[73.9288,21.523],[73.9287,21.5195],[73.932,21.513],[73.9319,21.512],[73.9403,21.5142],[73.9402,21.5146],[73.9512,21.5124],[73.9512,21.5126],[73.9518,21.5126],[73.9513,21.5151],[73.9521,21.5169],[73.9522,21.5184],[73.9553,21.5203],[73.9543,21.5239],[73.956,21.5252],[73.9542,21.5336],[73.9554,21.5355],[73.9546,21.5402],[73.9675,21.5226],[73.9823,21.5218],[73.9743,21.5372],[73.9743,21.5383],[73.9745,21.5392],[73.974,21.5426],[73.9934,21.5418],[73.9934,21.5413],[73.9962,21.5394],[73.9955,21.5385],[73.9955,21.5382],[74.0018,21.5418],[74.0002,21.5449],[74.0106,21.5494],[74.0103,21.5491],[74.0207,21.5499],[74.0347,21.5459],[74.0345,21.5479],[74.0379,21.5507],[74.0379,21.5488],[74.0384,21.5454],[74.037,21.5449],[74.0433,21.5445],[74.0433,21.5456],[74.0476,21.5451],[74.0471,21.545],[74.0492,21.544],[74.049,21.5453],[74.0506,21.5455],[74.0501,21.5478],[74.053,21.5466],[74.0528,21.5476],[74.0546,21.5502],[74.0537,21.5585],[74.0599,21.5502],[74.0818,21.5487],[74.1099,21.5559],[74.1198,21.5515],[74.1377,21.5489],[74.1392,21.5553],[74.154,21.5568],[74.1577,21.5687],[74.1757,21.5687],[74.1756,21.5561],[74.1878,21.5406],[74.2003,21.5323],[74.2176,21.5446],[74.2349,21.5508],[74.236,21.5393],[74.2634,21.5398],[74.2684,21.5525],[74.2761,21.5619],[74.2949,21.569],[74.3029,21.5666],[74.3031,21.5521],[74.3304,21.5527],[74.3306,21.5353],[74.3208,21.529],[74.3206,21.4984],[74.3039,21.4994],[74.304,21.4879],[74.2799,21.4826],[74.2772,21.4792],[74.2558,21.4766],[74.2534,21.4676],[74.2358,21.4677],[74.2344,21.4822],[74.214,21.4815],[74.2091,21.4621],[74.1877,21.4581],[74.1823,21.4691],[74.1594,21.4685],[74.1481,21.458],[74.1359,21.4561],[74.1338,21.4658],[74.1169,21.4619],[74.1163,21.4523],[74.1007,21.4476],[74.0946,21.4557],[74.0733,21.4567],[74.0701,21.4717],[74.0466,21.4486],[74.0495,21.4401],[74.0481,21.4233],[74.0443,21.4191],[74.0235,21.4177],[74.0083,21.4228],[74.0024,21.4173],[73.9778,21.4072],[73.9693,21.397],[73.9518,21.3952],[73.9439,21.3998],[73.9446,21.3809],[73.949,21.351],[73.9422,21.3254],[73.9425,21.3001],[73.9331,21.291],[73.9221,21.2895],[73.9085,21.2785],[73.8794,21.2658],[73.8637,21.2723],[73.8487,21.2746],[73.823,21.2652],[73.8283,21.2398],[73.8116,21.231],[73.8111,21.2091],[73.8153,21.1972],[73.8259,21.1999],[73.8257,21.1864],[73.8196,21.1863],[73.8157,21.1739],[73.8028,21.1748],[73.7845,21.1838],[73.7826,21.1741],[73.7721,21.1646],[73.7576,21.1673],[73.7296,21.1652],[73.7372,21.15],[73.733,21.1422],[73.7174,21.1407],[73.7011,21.1461],[73.7016,21.1536],[73.6754,21.1525],[73.6761,21.1534],[73.6639,21.1517],[73.6647,21.1471],[73.6431,21.1394],[73.6272,21.1432],[73.6299,21.1512],[73.6298,21.1522],[73.6298,21.1533],[73.6141,21.1557],[73.6071,21.161],[73.6071,21.1624],[73.6071,21.1635],[73.6055,21.1718],[73.6065,21.1787],[73.5772,21.1706],[73.5831,21.1608],[73.5767,21.1565],[73.5783,21.1503],[73.5986,21.1565],[73.6049,21.1438],[73.6174,21.1425],[73.6117,21.1379],[73.6182,21.1183],[73.6308,21.1231],[73.6462,21.1211],[73.6517,21.1074],[73.677,21.1084],[73.6887,21.1006],[73.7029,21.1182],[73.7058,21.1081],[73.733,21.0984],[73.7297,21.0822],[73.7641,21.069],[73.7801,21.0643],[73.7942,21.0714],[73.8076,21.0846],[73.8103,21.0582],[73.7953,21.0443],[73.8148,21.0233],[73.8344,21.0084],[73.8677,20.9859],[73.8886,20.9799],[73.9011,20.9821],[73.9089,20.9642],[73.8921,20.9556],[73.8882,20.9352],[73.9011,20.9196],[73.9174,20.9076],[73.9256,20.8883],[73.9236,20.8512],[73.9292,20.8422],[73.9394,20.8384],[73.9422,20.8235],[73.932,20.8089],[73.9361,20.8019],[73.9331,20.7924],[73.9348,20.7733],[73.9319,20.7605],[73.9416,20.7578],[73.9422,20.7423],[73.9348,20.7363],[73.9049,20.7253],[73.8945,20.7314],[73.8831,20.7332],[73.8745,20.7296],[73.8627,20.7032],[73.8506,20.6958],[73.8355,20.7021],[73.8256,20.7008],[73.8119,20.692],[73.8173,20.6718],[73.8307,20.675],[73.8391,20.6588],[73.8327,20.6487],[73.8328,20.6401],[73.8384,20.6205],[73.8255,20.612],[73.819,20.6135],[73.8002,20.6007],[73.7913,20.6052],[73.775,20.5995],[73.7617,20.5752],[73.7463,20.5683],[73.7155,20.5764],[73.6834,20.5726],[73.6696,20.5632],[73.6524,20.5645],[73.6512,20.5685],[73.6269,20.5849],[73.6274,20.5963],[73.6219,20.6147],[73.5996,20.6368],[73.5694,20.6515],[73.5579,20.6456],[73.5509,20.6485],[73.5313,20.6741],[73.5219,20.6755],[73.518,20.6676],[73.5021,20.6619],[73.4957,20.6535],[73.4893,20.6557],[73.4844,20.6701],[73.4903,20.6863],[73.4761,20.7091],[73.4747,20.7203],[73.4668,20.722],[73.445,20.7098],[73.4409,20.6997],[73.4484,20.6922],[73.4436,20.6806],[73.4322,20.6773],[73.4293,20.6634],[73.4125,20.6614],[73.406,20.6549],[73.3921,20.6489],[73.3942,20.6407],[73.4069,20.6354],[73.4094,20.6262],[73.4202,20.6272],[73.428,20.6072],[73.4292,20.5962],[73.4492,20.5942],[73.464,20.5896],[73.4742,20.5831],[73.4791,20.5605],[73.4752,20.5443],[73.4927,20.5399],[73.4928,20.5357],[73.4704,20.5208],[73.467,20.5089],[73.4677,20.4964],[73.4577,20.4898],[73.4563,20.4782],[73.4449,20.4747],[73.4209,20.4278],[73.4232,20.4221],[73.3981,20.4037],[73.38,20.3939],[73.3805,20.3774],[73.3848,20.3712],[73.3994,20.3844],[73.4065,20.3831],[73.4065,20.3733],[73.4137,20.3521],[73.4094,20.3485],[73.4185,20.3301],[73.4155,20.3181],[73.4205,20.3073],[73.4203,20.2973],[73.4274,20.278],[73.4184,20.2733],[73.4108,20.2385],[73.4168,20.2124],[73.4215,20.2065],[73.4166,20.1982],[73.4064,20.1955],[73.3946,20.1988],[73.3861,20.1963],[73.3862,20.2103],[73.3664,20.2039],[73.3578,20.2127],[73.347,20.21],[73.3429,20.1995],[73.3257,20.2059],[73.3161,20.2027],[73.3016,20.2099],[73.2963,20.2074],[73.2813,20.1902],[73.2817,20.167],[73.2782,20.1487],[73.2649,20.1399],[73.254,20.1378],[73.2547,20.127],[73.2264,20.1259],[73.2257,20.1399],[73.2179,20.1364],[73.2107,20.1205],[73.2151,20.1192],[73.2132,20.091],[73.2043,20.0787],[73.1893,20.0773],[73.1875,20.0592],[73.193,20.0507],[73.1709,20.0521],[73.1474,20.0733],[73.132,20.0818],[73.1108,20.0744],[73.105,20.0883],[73.0839,20.0911],[73.0643,20.0985],[73.0559,20.099],[73.0525,20.0894],[73.0527,20.0645],[73.0396,20.0671],[73.0221,20.09],[73.0141,20.0962],[73.0084,20.1082],[73.0016,20.1114],[73.0022,20.1247],[73.0126,20.1296],[72.9982,20.1428],[72.9925,20.1177],[72.9719,20.1147],[72.9604,20.134],[72.974,20.1583],[72.9735,20.1717],[72.9769,20.1807],[72.9617,20.1843],[72.9599,20.1999],[72.9612,20.2078],[72.9614,20.2086],[72.9616,20.2088],[72.9625,20.2094],[72.9495,20.2156],[72.933,20.2161],[72.9153,20.2236],[72.8994,20.2276],[72.8896,20.22],[72.8705,20.2281],[72.8587,20.2245],[72.8612,20.2074],[72.839,20.2089],[72.8309,20.1965],[72.8211,20.1877],[72.817,20.1561],[72.8103,20.1517],[72.7888,20.1489],[72.7874,20.139],[72.7941,20.1227],[72.7752,20.1319],[72.7535,20.1309],[72.7375,20.1348],[72.737,20.1131],[72.7325,20.0947],[72.7263,20.0817],[72.711,20.0791],[72.7081,20.0711],[72.715,20.0443],[72.7145,20.0225],[72.7185,20.0151],[72.7224,19.9946],[72.7293,19.9799],[72.7465,19.9793],[72.7584,19.9845],[72.7684,19.9779],[72.7724,19.968],[72.7568,19.9602],[72.7663,19.9548],[72.7736,19.9456],[72.7654,19.9249],[72.7754,19.9015],[72.7578,19.8988],[72.7543,19.9106],[72.7454,19.9028],[72.7341,19.9106],[72.735,19.9239],[72.7262,19.9337],[72.7138,19.9594],[72.7039,19.9654],[72.6993,19.9585],[72.69,19.9586],[72.6821,19.9431],[72.6643,19.9313],[72.6741,19.9222],[72.6761,19.9036],[72.6821,19.8895],[72.6811,19.8766],[72.6879,19.8726],[72.6726,19.8564],[72.6581,19.8467],[72.6549,19.8349],[72.6675,19.8208],[72.6759,19.8163],[72.6913,19.7955],[72.6872,19.7814],[72.6885,19.7694],[72.6851,19.7586],[72.6905,19.7398],[72.7041,19.736],[72.7042,19.7271],[72.6947,19.727],[72.7084,19.7101],[72.7113,19.688],[72.7072,19.6846],[72.7111,19.6694],[72.7136,19.646],[72.7259,19.6341],[72.7423,19.6505],[72.7533,19.627],[72.7503,19.6193],[72.7272,19.6206],[72.7294,19.6023],[72.7441,19.6027],[72.7461,19.6145],[72.7676,19.6221],[72.7821,19.6017],[72.7689,19.5977],[72.7599,19.6005],[72.7477,19.5919],[72.7323,19.5969],[72.7164,19.5929],[72.7163,19.5729],[72.7202,19.5652],[72.724,19.5453],[72.732,19.5272],[72.7423,19.5169],[72.7583,19.5087],[72.7678,19.5075],[72.7722,19.4862],[72.7628,19.4744],[72.7443,19.4622],[72.7577,19.4222],[72.7621,19.3971],[72.7577,19.3761],[72.7755,19.3578],[72.7798,19.3508],[72.8,19.3299],[72.7934,19.3098],[72.7869,19.3071],[72.7837,19.2795],[72.7831,19.2507],[72.7759,19.2258],[72.7857,19.2049],[72.7819,19.1956],[72.7966,19.1945],[72.7951,19.1723],[72.7896,19.1707],[72.7817,19.1587],[72.7892,19.1506],[72.7889,19.1295],[72.8019,19.1405],[72.8142,19.1291],[72.8232,19.111],[72.8267,19.0961],[72.8213,19.077],[72.8232,19.057],[72.8173,19.0438],[72.8235,19.0423],[72.8338,19.0494],[72.8383,19.0431],[72.8344,19.0261],[72.8165,19.0125],[72.8113,19.0011],[72.8144,18.9825],[72.8053,18.9756],[72.803,18.9655],[72.7921,18.95],[72.7933,18.9419],[72.8084,18.9553],[72.817,18.9515],[72.8238,18.9397],[72.822,18.9306],[72.8047,18.8991],[72.8106,18.8943],[72.8644,18.8051],[72.8639,18.7713],[72.8677,18.7568],[72.8629,18.7428],[72.865,18.7229],[72.8565,18.6957],[72.8607,18.6886],[72.8655,18.6519],[72.8718,18.64],[72.8827,18.6389],[72.8888,18.6211],[72.8961,18.6089],[72.91,18.5782],[72.9216,18.5565],[72.9245,18.5446],[72.9312,18.5375],[72.9171,18.5307],[72.9117,18.5197],[72.9115,18.5075],[72.9054,18.5023],[72.9013,18.4884],[72.9017,18.4757],[72.8965,18.4682],[72.905,18.4426],[72.9086,18.4234],[72.9062,18.4115],[72.9127,18.3941],[72.9258,18.3883],[72.9245,18.3733],[72.9113,18.3659],[72.9175,18.3492],[72.9321,18.3515],[72.9532,18.335],[72.9587,18.3193],[72.9688,18.3087],[72.9691,18.3017],[72.9807,18.3006],[72.9875,18.288],[72.9978,18.2852],[73.0184,18.2842],[73.0281,18.2649],[73.05,18.2676],[73.0532,18.2722],[73.0374,18.2919],[73.0431,18.311],[73.0642,18.3054],[73.0768,18.3123],[73.0881,18.3358],[73.091,18.3254],[73.0828,18.3118],[73.0902,18.289],[73.0649,18.2995],[73.0505,18.2985],[73.0524,18.2808],[73.0683,18.2781],[73.0728,18.2635],[73.0612,18.2558],[73.0702,18.2414],[73.078,18.2375],[73.0809,18.2217],[73.0863,18.2143],[73.0768,18.2067],[73.0784,18.1841],[73.082,18.1714],[73.0949,18.1685],[73.101,18.1579],[73.1056,18.1409],[73.0953,18.141],[73.079,18.153],[73.0733,18.1502],[73.064,18.1617],[73.0573,18.1778],[73.0512,18.1821],[73.0515,18.1978],[73.0691,18.2086],[73.0437,18.2261],[73.0182,18.2379],[73.0092,18.2454],[72.9927,18.2451],[72.9746,18.2402],[72.9683,18.2556],[72.9734,18.2617],[72.9636,18.2805],[72.9542,18.2779],[72.9485,18.2851],[72.9378,18.2838],[72.9373,18.2747],[72.9431,18.2456],[72.9421,18.2329],[72.9353,18.227],[72.9575,18.2179],[72.9684,18.2049],[72.9761,18.2011],[72.9892,18.1577],[72.9822,18.138],[72.9714,18.1316],[72.9795,18.1078],[72.9878,18.1027],[72.9994,18.0746],[72.9898,18.0563],[73.0088,18.0499],[73.0189,18.026],[73.0045,18.0204],[73.0087,18.0111],[73.0169,18.0069],[73.0213,17.9926],[73.0314,17.9897],[73.0357,17.9803],[73.0307,17.9692],[73.0331,17.9597],[73.0288,17.9496],[73.0378,17.9351],[73.0556,17.932],[73.0525,17.9056],[73.0636,17.8914],[73.071,17.8914],[73.0748,17.8755],[73.0898,17.845],[73.0882,17.8374],[73.094,17.8258],[73.0905,17.8134],[73.1032,17.8024],[73.1313,17.7297],[73.136,17.7077],[73.117,17.6979],[73.1141,17.6895],[73.1219,17.6653],[73.1309,17.657],[73.1348,17.6439],[73.1269,17.6376],[73.1332,17.6273],[73.1366,17.6131],[73.1484,17.5977],[73.1771,17.5826],[73.1646,17.5712],[73.1527,17.5737],[73.1399,17.5674],[73.1378,17.5558],[73.1422,17.5457],[73.1606,17.5307],[73.1809,17.5096],[73.1811,17.5009],[73.1938,17.4648],[73.1842,17.4559],[73.1866,17.4431],[73.2,17.44],[73.1869,17.4286],[73.1876,17.4148],[73.1681,17.4035],[73.1755,17.3902],[73.1837,17.385],[73.1928,17.3883],[73.2064,17.3849],[73.2166,17.3705],[73.2147,17.3636],[73.2213,17.3533],[73.2149,17.3463],[73.2263,17.3366],[73.2191,17.3292],[73.2299,17.3194],[73.2372,17.3188],[73.2443,17.3086],[73.242,17.2969],[73.2494,17.2961],[73.2462,17.2838],[73.235,17.2859],[73.2257,17.2827],[73.2245,17.3002],[73.199,17.3051],[73.1914,17.3036],[73.1984,17.2907],[73.2045,17.2696],[73.2129,17.275],[73.2235,17.2655],[73.2341,17.2385],[73.2354,17.2271],[73.2448,17.2225],[73.2479,17.1955],[73.2537,17.1878],[73.2644,17.1535],[73.269,17.1306],[73.2732,17.1201],[73.2831,17.1131],[73.2894,17.0741],[73.2876,17.0534],[73.2768,17.0357],[73.2687,17.0449],[73.2566,17.0431],[73.257,17.0224],[73.2681,17.0253],[73.278,17.0215],[73.284,17.0104],[73.2787,16.9931],[73.296,16.9844],[73.2924,16.9562],[73.282,16.9504],[73.2881,16.9341],[73.2828,16.9242],[73.287,16.916],[73.2801,16.9048],[73.2826,16.8925],[73.2931,16.8987],[73.3032,16.8914],[73.2868,16.8817],[73.2942,16.8697],[73.2914,16.8437],[73.2974,16.8231],[73.2956,16.8169],[73.3045,16.8095],[73.3163,16.8073],[73.3181,16.7956],[73.3086,16.7819],[73.3054,16.7671],[73.3075,16.7493],[73.3055,16.7299],[73.3194,16.7039],[73.3179,16.6972],[73.3305,16.6871],[73.3329,16.6505],[73.3285,16.6409],[73.3403,16.6371],[73.3414,16.6287],[73.3516,16.623],[73.3395,16.6042],[73.3295,16.6085],[73.3198,16.6076],[73.3219,16.5843],[73.3304,16.5774],[73.3337,16.5593],[73.3264,16.5579],[73.3138,16.5442],[73.3122,16.5356],[73.3182,16.5301],[73.3188,16.5188],[73.3276,16.507],[73.3312,16.4887],[73.3424,16.474],[73.3418,16.4662],[73.3502,16.4457],[73.3589,16.4326],[73.3581,16.424],[73.3649,16.412],[73.3655,16.3976],[73.3783,16.3958],[73.3884,16.4016],[73.405,16.4025],[73.4002,16.3886],[73.3906,16.3945],[73.3746,16.3861],[73.3693,16.3801],[73.3682,16.3639],[73.3744,16.3596],[73.3935,16.3551],[73.3855,16.3392],[73.396,16.3179],[73.3928,16.3143],[73.3988,16.301],[73.4049,16.2972],[73.4117,16.2727],[73.4159,16.2478],[73.4205,16.2432],[73.4256,16.2254],[73.4279,16.2023],[73.4361,16.2005],[73.44,16.1917],[73.4462,16.1647],[73.4566,16.1288],[73.4596,16.0931],[73.4581,16.0805],[73.4659,16.0762],[73.4646,16.0659],[73.4575,16.0629],[73.4572,16.0538],[73.468,16.0532],[73.4833,16.0362],[73.4911,16.0093],[73.4897,15.9879],[73.5034,15.9646],[73.5037,15.951],[73.51,15.9422],[73.5325,15.9331],[73.5403,15.9372],[73.5508,15.927],[73.5679,15.9195],[73.5688,15.9138],[73.5869,15.9107],[73.5971,15.8965],[73.6095,15.8716],[73.6137,15.8547],[73.6197,15.8581],[73.6293,15.8471],[73.6393,15.8196],[73.6489,15.8036],[73.6603,15.7732],[73.6658,15.7545],[73.6533,15.744],[73.6646,15.7399],[73.6754,15.727],[73.6884,15.7293],[73.6943,15.7228],[73.7112,15.7258],[73.7312,15.7215],[73.7329,15.7283],[73.7425,15.7356],[73.7588,15.7346],[73.7855,15.7255],[73.7891,15.7343],[73.8252,15.7416],[73.8308,15.7526],[73.8295,15.7637],[73.838,15.7675],[73.8397,15.7748],[73.8565,15.8008],[73.8673,15.7965],[73.8657,15.7847],[73.8796,15.7741],[73.8721,15.7587],[73.8778,15.7492],[73.8991,15.7448],[73.9087,15.748],[73.9148,15.7444],[73.9387,15.7427],[73.9415,15.7284],[73.9518,15.7135],[73.9468,15.6985],[73.9566,15.6999],[73.9635,15.6921],[73.9632,15.6711],[73.9678,15.66],[73.9614,15.6415],[73.9707,15.6272],[73.9789,15.627],[73.9908,15.6115],[74.0032,15.6117],[74.0206,15.6062],[74.0265,15.6098],[74.0322,15.6224],[74.0491,15.6241],[74.0838,15.6341],[74.0948,15.6417],[74.1131,15.6461],[74.1184,15.652],[74.1038,15.6576],[74.0883,15.67],[74.0914,15.6747],[74.1032,15.6722],[74.1258,15.681],[74.1317,15.6936],[74.1317,15.7056],[74.1267,15.7106],[74.1259,15.7241],[74.1419,15.7344],[74.151,15.7358],[74.1616,15.7513],[74.1896,15.7522],[74.2015,15.7586],[74.209,15.7813],[74.2278,15.7884],[74.2345,15.7781],[74.2283,15.7714],[74.228,15.7561],[74.2397,15.7435],[74.2539,15.7451],[74.2684,15.7548],[74.2858,15.7416],[74.308,15.7485],[74.3187,15.7584],[74.3231,15.7727],[74.3454,15.7647],[74.3593,15.7759],[74.3676,15.7858],[74.3706,15.7953],[74.3704,15.8107],[74.3627,15.8148],[74.3665,15.8259],[74.3841,15.8401],[74.3832,15.8491],[74.3457,15.8508],[74.3456,15.8623],[74.3629,15.8747],[74.3662,15.8913],[74.3801,15.8763],[74.3829,15.8601],[74.3976,15.8512],[74.4062,15.8554],[74.407,15.8634],[74.3977,15.87],[74.3935,15.9001],[74.387,15.9052],[74.4082,15.9311],[74.4283,15.9523],[74.444,15.9864],[74.4427,15.9917],[74.4633,16.0399],[74.451,16.0536],[74.4429,16.0528],[74.4333,16.0589],[74.4151,16.0557],[74.4022,16.0461],[74.3811,16.0355],[74.3691,16.0392],[74.3774,16.0551],[74.365,16.0584],[74.3721,16.0698],[74.3723,16.0782],[74.3918,16.0814],[74.3901,16.0895],[74.407,16.0935],[74.41,16.1021],[74.4288,16.112],[74.4402,16.1062],[74.4588,16.1038],[74.4728,16.0906],[74.4816,16.0889],[74.4913,16.1043],[74.4909,16.1167],[74.4852,16.1423],[74.4806,16.149],[74.4884,16.1573],[74.4896,16.1774],[74.4939,16.1865],[74.5071,16.1913],[74.507,16.1993],[74.4967,16.2123],[74.5032,16.2254],[74.4782,16.2505],[74.4687,16.2402],[74.4562,16.2439],[74.4549,16.2534],[74.4411,16.2513],[74.4359,16.2588],[74.4177,16.258],[74.416,16.2801],[74.4079,16.2833],[74.3861,16.2773],[74.3803,16.2712],[74.3807,16.262],[74.3684,16.2669],[74.3632,16.2856],[74.3549,16.2927],[74.3506,16.2755],[74.3342,16.2688],[74.325,16.2718],[74.3209,16.2845],[74.3277,16.293],[74.3418,16.2937],[74.3402,16.3029],[74.3247,16.3167],[74.3173,16.3278],[74.3177,16.3531],[74.3243,16.3574],[74.3191,16.3716],[74.3275,16.3829],[74.3276,16.3915],[74.3393,16.391],[74.3474,16.3683],[74.3635,16.3982],[74.3635,16.4055],[74.3449,16.4055],[74.3351,16.4014],[74.3289,16.4191],[74.3368,16.4288],[74.3298,16.4475],[74.3315,16.4559],[74.3135,16.4531],[74.2971,16.4645],[74.2894,16.463],[74.2889,16.479],[74.2923,16.4857],[74.291,16.5049],[74.2797,16.5048],[74.2745,16.4856],[74.2609,16.4801],[74.2526,16.5006],[74.2783,16.5049],[74.2762,16.5213],[74.2696,16.5225],[74.2642,16.5398],[74.2706,16.548],[74.281,16.5414],[74.2808,16.5315],[74.2917,16.5339],[74.2996,16.5306],[74.3062,16.5037],[74.3148,16.5042],[74.3161,16.5453],[74.3176,16.5537],[74.3268,16.5556],[74.335,16.5479],[74.3455,16.5547],[74.3555,16.5566],[74.3586,16.5395],[74.3788,16.5284],[74.3872,16.5362],[74.387,16.5599],[74.3925,16.564],[74.3967,16.5833],[74.4209,16.5861],[74.4264,16.5957],[74.4355,16.6011],[74.4635,16.6045],[74.4668,16.6068],[74.4659,16.6247],[74.4549,16.6473],[74.4565,16.6551],[74.4718,16.6641],[74.4753,16.6475],[74.4908,16.6298],[74.5006,16.6332],[74.5446,16.6355],[74.5428,16.6266],[74.5436,16.5953],[74.5589,16.5947],[74.567,16.5854],[74.5563,16.5739],[74.5602,16.5631],[74.5686,16.5539],[74.5832,16.5585],[74.5877,16.5659],[74.599,16.5643],[74.6225,16.5801],[74.6359,16.5839],[74.6332,16.5918],[74.6362,16.6074],[74.6427,16.6108],[74.6608,16.6029],[74.6746,16.6093],[74.6828,16.6061],[74.6888,16.6166],[74.6695,16.6295],[74.6617,16.6307],[74.6573,16.6431],[74.6652,16.6657],[74.6796,16.6662],[74.6791,16.6731],[74.6894,16.6767],[74.69,16.6958],[74.6878,16.7086],[74.6911,16.7155],[74.7058,16.7149],[74.7322,16.7183],[74.7528,16.7309],[74.7604,16.7413],[74.7748,16.7517],[74.7958,16.7478],[74.7988,16.7537],[74.8446,16.7618],[74.8499,16.7728],[74.8663,16.7642],[74.8694,16.7741],[74.8882,16.7713],[74.9198,16.7729],[74.9111,16.7889],[74.9104,16.8351],[74.9077,16.8502],[74.9016,16.8626],[74.9266,16.8641],[74.9353,16.8711],[74.936,16.8792],[74.9606,16.8812],[74.9637,16.9111],[74.9449,16.9106],[74.9219,16.9299],[74.9232,16.9393],[74.9381,16.9436],[74.9484,16.9388],[74.9594,16.9279],[74.9607,16.94],[74.97,16.9501],[74.9894,16.9523],[75.0041,16.9465],[75.0267,16.9441],[75.0287,16.9315],[75.0361,16.933],[75.0483,16.9425],[75.0643,16.9422],[75.0744,16.95],[75.0894,16.9516],[75.0919,16.9261],[75.0962,16.9142],[75.1176,16.9135],[75.1204,16.9025],[75.1349,16.8947],[75.1325,16.8894],[75.1366,16.8745],[75.1575,16.8683],[75.1766,16.8677],[75.1891,16.8753],[75.1834,16.8542],[75.1828,16.8432],[75.213,16.8417],[75.2277,16.8432],[75.2377,16.8679],[75.2648,16.8628],[75.2821,16.8803],[75.29,16.904],[75.283,16.9097],[75.2794,16.9234],[75.2797,16.9566],[75.3424,16.9563],[75.3512,16.9581],[75.3686,16.972],[75.3922,16.9801],[75.4121,16.974],[75.4279,16.9665],[75.4417,16.9822],[75.4656,16.9884],[75.4663,16.9813],[75.4833,16.976],[75.4896,16.9556],[75.4891,16.9444],[75.5097,16.9503],[75.5294,16.9694],[75.5392,16.9655],[75.5634,16.9676],[75.5662,16.9814],[75.5673,17.0091],[75.5744,17.0096],[75.607,17.0046],[75.6062,16.9944],[75.6102,16.9717],[75.632,16.9707],[75.6383,16.9578],[75.646,16.954],[75.6555,16.9615],[75.6704,16.9621],[75.6752,16.9656],[75.6661,16.9798],[75.6698,17.0382],[75.6517,17.0324],[75.6411,17.0376],[75.6504,17.0573],[75.6605,17.0645],[75.6768,17.0654],[75.6786,17.0784],[75.6734,17.0912],[75.6724,17.116],[75.6504,17.1157],[75.6496,17.1344],[75.6456,17.1435],[75.6283,17.1627],[75.6257,17.1772],[75.6285,17.1887],[75.64,17.1889],[75.6437,17.1986],[75.6556,17.2057],[75.662,17.2146],[75.6586,17.2387],[75.6578,17.2632],[75.6542,17.2738],[75.6303,17.2739],[75.6222,17.2954],[75.6038,17.3055],[75.6122,17.3251],[75.6101,17.345],[75.5952,17.3462],[75.5809,17.3512],[75.5772,17.3759],[75.5742,17.3833],[75.5937,17.3873],[75.6091,17.3941],[75.6114,17.4099],[75.6067,17.4204],[75.6133,17.4245],[75.6217,17.4592],[75.6275,17.4625],[75.6331,17.4772],[75.6482,17.4708],[75.6567,17.4599],[75.6749,17.457],[75.6786,17.4511],[75.6782,17.4341],[75.6836,17.4169],[75.6908,17.4095],[75.7053,17.4075],[75.7178,17.4099],[75.7308,17.4204],[75.7532,17.4071],[75.7652,17.4059],[75.7721,17.3857],[75.7803,17.3756],[75.8043,17.3678],[75.8141,17.3735],[75.8136,17.3957],[75.8215,17.4212],[75.8303,17.4218],[75.8495,17.4119],[75.8541,17.4045],[75.8575,17.3873],[75.8625,17.3861],[75.8753,17.3981],[75.8746,17.4124],[75.8831,17.4184],[75.8941,17.4012],[75.895,17.3756],[75.8902,17.3612],[75.8946,17.3508],[75.9068,17.3468],[75.926,17.3249],[75.934,17.3227],[75.9688,17.3365],[75.9997,17.3389],[76.0103,17.3524],[76.0378,17.3519],[76.0549,17.356],[76.0624,17.3545],[76.0722,17.3353],[76.087,17.3359],[76.0998,17.3647],[76.1198,17.3704],[76.1331,17.3583],[76.1627,17.3452],[76.1651,17.3033],[76.1764,17.3008],[76.1811,17.3091],[76.1727,17.3363],[76.1704,17.3524],[76.1963,17.3636],[76.2124,17.362],[76.2295,17.3652],[76.2286,17.3758],[76.244,17.3788],[76.2508,17.3604],[76.2721,17.3606],[76.2764,17.3346],[76.3177,17.3324],[76.3144,17.3484],[76.3454,17.3545],[76.3543,17.3244],[76.3541,17.3143],[76.3832,17.3145],[76.3852,17.3238],[76.3967,17.3471],[76.4122,17.3511],[76.4092,17.3714],[76.383,17.374],[76.3635,17.3777],[76.3693,17.4021],[76.3716,17.4364],[76.3469,17.4366],[76.3333,17.4339],[76.3335,17.4555],[76.3307,17.4702],[76.3504,17.4742],[76.3683,17.4832],[76.3747,17.4957],[76.3627,17.496],[76.3458,17.4925],[76.3434,17.5007],[76.3466,17.5126],[76.3661,17.5157],[76.3638,17.5363],[76.3416,17.5414],[76.3394,17.554],[76.3322,17.5744],[76.3316,17.596],[76.3501,17.5941],[76.3777,17.5979],[76.3818,17.6022],[76.4197,17.6037],[76.4263,17.6241],[76.4293,17.645],[76.4545,17.6498],[76.459,17.6581],[76.4867,17.6584],[76.4846,17.6871],[76.4873,17.7148],[76.5007,17.7184],[76.5241,17.7154],[76.5274,17.7387],[76.5232,17.7598],[76.5307,17.7583],[76.563,17.7646],[76.5728,17.7605],[76.5641,17.7506],[76.5679,17.7425],[76.5704,17.7054],[76.5872,17.7075],[76.5935,17.7224],[76.6003,17.7254],[76.6006,17.7379],[76.6119,17.7701],[76.6183,17.7677],[76.629,17.7555],[76.6333,17.7282],[76.6528,17.7221],[76.6598,17.7083],[76.6642,17.6876],[76.6708,17.6905],[76.6907,17.6835],[76.6942,17.6957],[76.6925,17.7062],[76.7014,17.7091],[76.7044,17.723],[76.7101,17.732],[76.7282,17.7373],[76.7184,17.7531],[76.7211,17.7695],[76.712,17.7733],[76.721,17.7881],[76.7344,17.782],[76.751,17.7871],[76.7619,17.7869],[76.7666,17.7985],[76.7755,17.7983],[76.7826,17.8066],[76.7871,17.8332],[76.7794,17.8363],[76.7675,17.8521],[76.7516,17.8581],[76.738,17.8594],[76.7413,17.8954],[76.7682,17.9011],[76.7743,17.8877],[76.7751,17.8777],[76.8081,17.8707],[76.8103,17.887],[76.8313,17.8856],[76.832,17.8953],[76.8522,17.9008],[76.8844,17.8945],[76.8935,17.8993],[76.9018,17.9158],[76.9192,17.9162],[76.9207,17.9416],[76.9173,17.9481],[76.9123,17.978],[76.9132,17.9969],[76.9057,18.0097],[76.9124,18.0173],[76.9144,18.0354],[76.9367,18.0369],[76.9524,18.0402],[76.9449,18.049],[76.9515,18.0657],[76.9453,18.0817],[76.9615,18.0885],[76.9664,18.0982],[76.9543,18.1105],[76.9206,18.1182],[76.9203,18.1251],[76.9314,18.1325],[76.924,18.1466],[76.9315,18.1596],[76.9424,18.1564],[76.9477,18.1664],[76.952,18.1881],[76.9629,18.19],[76.9907,18.19],[76.997,18.1648],[77.0082,18.1598],[77.0234,18.1585],[77.0231,18.1756],[77.0332,18.182],[77.0512,18.1724],[77.0533,18.1594],[77.064,18.1506],[77.0862,18.1512],[77.0989,18.1581],[77.1126,18.1568],[77.1164,18.171],[77.0985,18.1929],[77.1099,18.2037],[77.128,18.2077],[77.1404,18.2078],[77.1493,18.2214],[77.1518,18.238],[77.1592,18.2558],[77.1698,18.2609],[77.1716,18.2795],[77.1749,18.2849],[77.1883,18.2847],[77.1975,18.2766],[77.2071,18.2806],[77.2094,18.2881],[77.2028,18.299],[77.1988,18.3154],[77.2118,18.3163],[77.2191,18.3257],[77.2228,18.3397],[77.2295,18.3478],[77.2239,18.3545],[77.226,18.3647],[77.2354,18.37],[77.2461,18.3705],[77.2339,18.3879],[77.2348,18.3966],[77.2418,18.4126],[77.2594,18.4133],[77.2657,18.4223],[77.2791,18.4298],[77.2872,18.4306],[77.3007,18.4382],[77.3173,18.4433],[77.327,18.4517],[77.3361,18.4501],[77.3357,18.4423],[77.3453,18.4336],[77.3535,18.4477],[77.3657,18.4516],[77.3645,18.4345],[77.3684,18.4127],[77.3729,18.4011],[77.3923,18.3997],[77.4002,18.402],[77.4141,18.3931],[77.4083,18.3758],[77.3949,18.3684],[77.399,18.3598],[77.395,18.3478],[77.3757,18.332],[77.3715,18.3251],[77.3568,18.3202],[77.3658,18.3071],[77.3854,18.3093],[77.3952,18.3035],[77.4102,18.3016],[77.4284,18.3124],[77.4377,18.3103],[77.4368,18.2924],[77.4459,18.2838],[77.4476,18.27],[77.4651,18.2625],[77.4758,18.2647],[77.4814,18.2724],[77.4927,18.2672],[77.4987,18.2767],[77.5123,18.2845],[77.5089,18.3043],[77.5127,18.3096],[77.5243,18.3078],[77.5325,18.2989],[77.5514,18.2919],[77.5533,18.2981],[77.571,18.3085],[77.5705,18.3181],[77.5581,18.3314],[77.5316,18.3387],[77.5228,18.3454],[77.5204,18.3579],[77.5255,18.3727],[77.5459,18.3887],[77.5516,18.3889],[77.5567,18.4192],[77.5369,18.4242],[77.5282,18.4289],[77.5285,18.4434],[77.548,18.4432],[77.5602,18.4373],[77.5836,18.4451],[77.5836,18.4562],[77.5641,18.461],[77.5508,18.4604],[77.5486,18.4686],[77.5729,18.4698],[77.5764,18.4868],[77.5923,18.4847],[77.5943,18.4769],[77.6032,18.4768],[77.6047,18.4964],[77.5943,18.4979],[77.5859,18.504],[77.5878,18.5129],[77.5971,18.5159],[77.6005,18.5273],[77.5953,18.5355],[77.5964,18.5489],[77.6265,18.5519],[77.634,18.5439],[77.6396,18.5549],[77.6521,18.5518],[77.6514,18.5323],[77.6649,18.536],[77.6821,18.5454],[77.6884,18.5449],[77.7016,18.5552],[77.7233,18.5533],[77.7385,18.5568],[77.7404,18.5752],[77.7504,18.5889],[77.7456,18.6059],[77.7457,18.6213],[77.7305,18.6451],[77.7301,18.6672],[77.7435,18.6813],[77.7494,18.6829],[77.7506,18.6952],[77.7596,18.7067],[77.7733,18.7014],[77.7719,18.6891],[77.7873,18.6826],[77.7897,18.6949],[77.8042,18.7132],[77.8041,18.7262],[77.8124,18.7385],[77.8268,18.7698],[77.84,18.8048],[77.8584,18.8085],[77.8706,18.8178],[77.891,18.8199],[77.9067,18.8267],[77.9303,18.8225],[77.9483,18.8291],[77.9489,18.8433],[77.9348,18.8451],[77.9375,18.8516],[77.9301,18.8587],[77.9142,18.8614],[77.9033,18.8666],[77.9039,18.8812],[77.8916,18.8814],[77.8844,18.9048],[77.8557,18.9026],[77.8433,18.9087],[77.8479,18.9269],[77.8586,18.9491],[77.842,18.9499],[77.8325,18.9416],[77.8163,18.9473],[77.8218,18.9785],[77.7912,18.9828],[77.7877,18.9726],[77.7715,18.9792],[77.7742,18.9974],[77.7693,19.02],[77.7629,19.029],[77.7648,19.0626],[77.7753,19.056],[77.7903,19.0554],[77.8004,19.0511],[77.7968,19.0709],[77.8017,19.0762],[77.8049,19.1012],[77.8173,19.1055],[77.8264,19.0966],[77.8296,19.0871],[77.8486,19.0865],[77.8462,19.1013],[77.8477,19.116],[77.8418,19.1179],[77.838,19.1376],[77.8526,19.1547],[77.8527,19.1668],[77.8605,19.1803],[77.8477,19.1896],[77.858,19.2137],[77.866,19.2264],[77.8669,19.2399],[77.8714,19.2538],[77.8822,19.2605],[77.9027,19.2564],[77.9076,19.2682],[77.9035,19.278],[77.8839,19.279],[77.8656,19.2838],[77.8635,19.3041],[77.8901,19.3133],[77.8953,19.3206],[77.9117,19.3163],[77.9319,19.3346],[77.9435,19.3427],[77.9616,19.3358],[77.9668,19.3267],[77.9774,19.3228],[77.986,19.309],[77.9987,19.2998],[78.0144,19.2938],[78.0148,19.279],[78.0425,19.2706],[78.036,19.2506],[78.0408,19.2441],[78.0557,19.2371],[78.0644,19.2478],[78.0791,19.2548],[78.0824,19.2432],[78.1132,19.2444],[78.1171,19.2486],[78.1343,19.2389],[78.1429,19.23],[78.151,19.2295],[78.1584,19.2358],[78.1753,19.2376],[78.1818,19.2476],[78.178,19.2539],[78.1767,19.2778],[78.1831,19.2852],[78.1937,19.3145],[78.1923,19.3258],[78.1762,19.3349],[78.1721,19.3597],[78.1877,19.3946],[78.1762,19.4123],[78.1925,19.4067],[78.2026,19.4197],[78.22,19.433],[78.2356,19.4268],[78.2445,19.4288],[78.2687,19.4485],[78.2705,19.4562],[78.287,19.4485],[78.3044,19.4561],[78.3092,19.4811],[78.2986,19.497],[78.2915,19.5239],[78.2933,19.5422],[78.284,19.5414],[78.275,19.552],[78.2753,19.5625],[78.2936,19.559],[78.3037,19.5693],[78.3042,19.6079],[78.2939,19.6194],[78.2905,19.646],[78.2627,19.6651],[78.2762,19.6924],[78.2879,19.688],[78.3118,19.691],[78.3158,19.7026],[78.3221,19.7076],[78.3432,19.7132],[78.3393,19.7242],[78.3413,19.7358],[78.3493,19.738],[78.3643,19.7792],[78.3647,19.7812],[78.3575,19.8054],[78.3448,19.8134],[78.334,19.8146],[78.3364,19.8379],[78.3203,19.8422],[78.2998,19.841],[78.2861,19.8479],[78.2853,19.8566],[78.2978,19.8722],[78.307,19.9143],[78.3264,19.9166],[78.3341,19.9053],[78.3251,19.8981],[78.3288,19.8872],[78.3369,19.883],[78.3605,19.8834],[78.3807,19.8804],[78.3824,19.8551],[78.3874,19.8446],[78.423,19.8176],[78.4392,19.8134],[78.4555,19.8132],[78.4692,19.8177],[78.475,19.8155],[78.4851,19.7961],[78.4952,19.7926],[78.5085,19.8],[78.509,19.8121],[78.5153,19.819],[78.5301,19.8184],[78.5418,19.8237],[78.5527,19.824],[78.5723,19.8158],[78.588,19.8188],[78.6112,19.8163],[78.6131,19.8146],[78.6255,19.8082],[78.6428,19.8078],[78.6551,19.8002],[78.6664,19.7998],[78.6752,19.7949],[78.699,19.7886],[78.7061,19.7723],[78.7187,19.7668],[78.7252,19.7692],[78.7305,19.7806],[78.7379,19.7832],[78.759,19.7727],[78.7711,19.7794],[78.7863,19.7765],[78.7956,19.7673],[78.7969,19.76],[78.8069,19.7569],[78.8185,19.7616],[78.8259,19.7551],[78.841,19.7619],[78.8522,19.7275],[78.8494,19.722],[78.8599,19.6895],[78.8519,19.6586],[78.8681,19.659],[78.8877,19.6554],[78.9023,19.67],[78.9206,19.6663],[78.9197,19.662],[78.9448,19.6616],[78.9555,19.6559],[78.9619,19.6375],[78.9554,19.6191],[78.9558,19.5997],[78.972,19.5896],[78.9728,19.5824],[78.9663,19.5742],[78.9467,19.5617],[78.9405,19.5519],[78.9521,19.5489],[78.9724,19.5503],[78.9813,19.5608],[78.9976,19.5492],[78.998,19.5401],[79.024,19.5418],[79.046,19.5483],[79.0769,19.5324],[79.096,19.5327],[79.1054,19.5224],[79.1126,19.5208],[79.1233,19.5106],[79.1357,19.5062],[79.1618,19.4878],[79.1675,19.4728],[79.1801,19.4619],[79.1897,19.4591],[79.2224,19.4676],[79.2232,19.4724],[79.2108,19.4818],[79.2045,19.4905],[79.2075,19.5061],[79.2212,19.521],[79.2337,19.52],[79.24,19.5353],[79.2371,19.5572],[79.251,19.5775],[79.2531,19.5933],[79.2444,19.5949],[79.2387,19.6062],[79.2436,19.6167],[79.2511,19.6159],[79.273,19.5989],[79.2833,19.5956],[79.3069,19.5966],[79.3099,19.5715],[79.3184,19.5767],[79.3348,19.5748],[79.3657,19.5763],[79.3728,19.561],[79.386,19.558],[79.4055,19.5356],[79.42,19.5299],[79.4226,19.5381],[79.4333,19.5373],[79.4422,19.528],[79.469,19.5096],[79.4714,19.5002],[79.4826,19.5063],[79.5008,19.5074],[79.5138,19.5187],[79.5156,19.5198],[79.5208,19.5349],[79.5186,19.5431],[79.5399,19.5547],[79.5455,19.5504],[79.5508,19.5267],[79.5841,19.5091],[79.6005,19.5095],[79.6148,19.5608],[79.6322,19.5751],[79.6583,19.5797],[79.6753,19.5797],[79.689,19.5839],[79.7144,19.5869],[79.7353,19.605],[79.7535,19.6076],[79.7786,19.5997],[79.7986,19.582],[79.8163,19.574],[79.8249,19.5506],[79.8322,19.5391],[79.8441,19.5337],[79.8482,19.5266],[79.8638,19.5112],[79.8809,19.5036],[79.9055,19.5],[79.9172,19.4938],[79.9336,19.4756],[79.9439,19.4707],[79.9482,19.4606],[79.9476,19.4497],[79.9525,19.441],[79.9679,19.4232],[79.9747,19.411],[79.9772,19.3942],[79.9676,19.3603],[79.9591,19.336],[79.9659,19.3111],[79.9616,19.2969],[79.954,19.2931],[79.9364,19.2641],[79.9248,19.2278],[79.9242,19.2155],[79.9297,19.2024],[79.9424,19.1843],[79.9446,19.1671],[79.9175,19.1468],[79.8742,19.1243],[79.8593,19.1081],[79.8584,19.0959],[79.863,19.0802],[79.8636,19.0665],[79.8698,19.0423],[79.8744,19.0392],[79.9017,19.0409],[79.9206,19.0497],[79.9328,19.0474],[79.9383,19.0406],[79.9423,19.0125],[79.9416,18.9921],[79.9578,18.9363],[79.9537,18.9027],[79.9587,18.8886],[79.9616,18.8667],[79.9585,18.8594],[79.9425,18.8466],[79.9283,18.8409],[79.914,18.8261],[79.9214,18.8097],[79.9507,18.788],[79.9592,18.7773],[79.9732,18.7718],[79.9958,18.7708],[80.001,18.7761],[80.0188,18.7702],[80.0268,18.7543],[80.0361,18.7547],[80.0414,18.743],[80.0553,18.7236],[80.0693,18.7196],[80.074,18.711],[80.0878,18.7078],[80.1123,18.6829],[80.1251,18.6819],[80.14,18.693],[80.1485,18.6931],[80.1558,18.7006],[80.1705,18.6974],[80.1787,18.6833],[80.1966,18.6808],[80.1994,18.6909],[80.211,18.7047],[80.2185,18.7079],[80.2304,18.7018],[80.2485,18.7064],[80.2648,18.7215],[80.2729,18.723],[80.2593,18.743],[80.2443,18.7563],[80.2499,18.7691],[80.2748,18.7655],[80.2879,18.7735],[80.297,18.7918],[80.3061,18.798],[80.323,18.799],[80.3431,18.8132],[80.3508,18.8152],[80.3545,18.8266],[80.352,18.8416],[80.3263,18.8809],[80.3165,18.8884],[80.2999,18.9111],[80.2743,18.9318],[80.2693,18.9501],[80.2743,18.9721],[80.2738,18.9945],[80.2909,19.0085],[80.3052,19.0272],[80.2965,19.0476],[80.32,19.0657],[80.3295,19.0697],[80.3311,19.0806],[80.328,19.0949],[80.3397,19.0999],[80.3308,19.1203],[80.3275,19.1353],[80.3338,19.1459],[80.3479,19.1522],[80.3481,19.16],[80.3893,19.1815],[80.3945,19.1888],[80.392,19.2025],[80.3842,19.2149],[80.3866,19.2328],[80.3939,19.2448],[80.4194,19.2508],[80.4378,19.2577],[80.4538,19.2729],[80.4574,19.2882],[80.4704,19.3116],[80.4771,19.3298],[80.4856,19.3406],[80.5069,19.3423],[80.5204,19.3476],[80.5385,19.3776],[80.5626,19.399],[80.5785,19.4009],[80.5918,19.3759],[80.5884,19.3709],[80.59,19.3518],[80.6078,19.326],[80.6127,19.3094],[80.6234,19.3056],[80.6366,19.3132],[80.6489,19.3165],[80.6532,19.3219],[80.6719,19.3295],[80.6828,19.3292],[80.6934,19.3146],[80.6887,19.295],[80.6898,19.2868],[80.7095,19.2817],[80.7266,19.287],[80.7384,19.2853],[80.7599,19.2915],[80.7744,19.3137],[80.7898,19.3231],[80.8063,19.3279],[80.8104,19.3367],[80.8463,19.3554],[80.853,19.3639],[80.8266,19.382],[80.8118,19.4072],[80.8096,19.4202],[80.8134,19.4336],[80.8298,19.443],[80.8423,19.4469],[80.874,19.445],[80.8943,19.4673],[80.8984,19.4818],[80.8956,19.5194],[80.8841,19.5263],[80.8731,19.5188],[80.857,19.5228],[80.8445,19.5377],[80.8382,19.5616],[80.8373,19.5633],[80.8165,19.5712],[80.7881,19.5603],[80.7755,19.5624],[80.7674,19.5761],[80.7698,19.5866],[80.7574,19.5968],[80.7409,19.6061],[80.7147,19.6166],[80.6703,19.6092],[80.6627,19.6224],[80.6689,19.6412],[80.6766,19.6525],[80.6797,19.6835],[80.6764,19.6994],[80.649,19.7124],[80.6401,19.7253],[80.6268,19.7258],[80.6111,19.7382],[80.5872,19.741],[80.5821,19.7507],[80.5715,19.7591],[80.5526,19.7654],[80.5438,19.7757],[80.5425,19.7833],[80.5477,19.7971],[80.5465,19.8177],[80.5198,19.8318],[80.5001,19.8277],[80.4806,19.8275],[80.4689,19.8103],[80.4757,19.8035],[80.485,19.8023],[80.49,19.79],[80.4903,19.7713],[80.4827,19.7726],[80.4794,19.7826],[80.4663,19.7936],[80.4493,19.7898],[80.4405,19.7956],[80.4242,19.7992],[80.4049,19.7937],[80.4104,19.8162],[80.4317,19.8072],[80.4407,19.8102],[80.4695,19.8274],[80.4787,19.8392],[80.4863,19.8635],[80.5058,19.8705],[80.5009,19.8873],[80.4937,19.9001],[80.4741,19.9038],[80.4686,19.9076],[80.4529,19.9044],[80.4498,19.8963],[80.429,19.9033],[80.4237,19.9025],[80.408,19.9126],[80.4125,19.9236],[80.4113,19.9384],[80.4299,19.9405],[80.4517,19.9572],[80.4658,19.9482],[80.4732,19.9508],[80.4808,19.9342],[80.5001,19.9285],[80.5236,19.9337],[80.5311,19.9471],[80.5389,19.9517],[80.5359,19.9655],[80.5383,19.9749],[80.5489,19.9837],[80.5499,20.0006],[80.5426,20.0106],[80.5509,20.0412],[80.5493,20.0551],[80.5567,20.0698],[80.5549,20.0797],[80.544,20.0955],[80.5523,20.1111],[80.5521,20.118],[80.5428,20.1213],[80.5307,20.1317],[80.5112,20.1371],[80.5056,20.1445],[80.4881,20.1438],[80.4601,20.151],[80.4554,20.138],[80.4296,20.1361],[80.4259,20.14],[80.4018,20.1473],[80.3885,20.1651],[80.3966,20.1738],[80.4013,20.1901],[80.4212,20.1964],[80.4221,20.2067],[80.4056,20.2178],[80.3952,20.2369],[80.3981,20.2441],[80.4253,20.2529],[80.4312,20.2517],[80.4512,20.258],[80.4619,20.2686],[80.4881,20.276],[80.4985,20.2748],[80.5167,20.2661],[80.5322,20.2807],[80.5462,20.2975],[80.5461,20.3059],[80.5889,20.3179],[80.6105,20.3183],[80.6224,20.3253],[80.6264,20.3325],[80.6154,20.3512],[80.6107,20.3751],[80.594,20.3858],[80.5915,20.393],[80.6001,20.4179],[80.6081,20.424],[80.6138,20.4359],[80.6025,20.4511],[80.6128,20.4631],[80.6196,20.5045],[80.6173,20.515],[80.6213,20.5324],[80.6152,20.5495],[80.6234,20.5552],[80.6263,20.5673],[80.6228,20.5889],[80.6286,20.6],[80.6123,20.6005],[80.6014,20.6088],[80.5808,20.6084],[80.5646,20.6037],[80.5578,20.5944],[80.5392,20.5852],[80.5215,20.5805],[80.5044,20.5834],[80.5022,20.5952],[80.4908,20.6045],[80.481,20.6184],[80.4887,20.6327],[80.5213,20.6572],[80.5462,20.6608],[80.5595,20.6708],[80.5804,20.673],[80.5875,20.6832],[80.5818,20.6973],[80.5673,20.7073],[80.56,20.726],[80.5627,20.7474],[80.5517,20.764],[80.5521,20.7814],[80.5492,20.7952],[80.5586,20.8115],[80.5612,20.8306],[80.5559,20.8395],[80.5566,20.8608],[80.554,20.87],[80.5562,20.8881],[80.5481,20.9117],[80.5345,20.9345],[80.5191,20.9298],[80.4637,20.9291],[80.462,20.9391],[80.4551,20.9459],[80.4454,20.9705],[80.4427,20.9954],[80.4258,21.0059],[80.4393,21.0269],[80.4497,21.0305],[80.4541,21.0516],[80.447,21.064],[80.4463,21.084],[80.4392,21.0965],[80.4465,21.1047],[80.4452,21.1207],[80.4611,21.1572],[80.4643,21.1749],[80.4808,21.1715],[80.5026,21.1852],[80.515,21.1829],[80.5178,21.1927],[80.5296,21.2052],[80.5529,21.2007],[80.5684,21.2049],[80.5786,21.2178],[80.5992,21.2255],[80.6059,21.2241],[80.6173,21.2297],[80.6271,21.2432],[80.6425,21.2497],[80.6488,21.2621],[80.6511,21.2776],[80.6583,21.2811],[80.6613,21.291],[80.67,21.2911],[80.6796,21.2988],[80.6816,21.3135],[80.66,21.3341],[80.6519,21.327],[80.6449,21.3279],[80.6214,21.3203],[80.6107,21.3277],[80.5985,21.3277],[80.5894,21.3335],[80.5895,21.3436],[80.565,21.3499],[80.5704,21.3569],[80.5475,21.3712],[80.5392,21.3827],[80.5191,21.3929],[80.5071,21.3913],[80.4985,21.3969],[80.4838,21.3981],[80.4714,21.3957],[80.4611,21.403],[80.4497,21.3873],[80.4517,21.3781],[80.4461,21.3711],[80.4129,21.3763],[80.4077,21.3802],[80.3959,21.405],[80.3982,21.4122],[80.4086,21.4183],[80.405,21.4252],[80.417,21.4368],[80.4181,21.4484],[80.4081,21.468],[80.3973,21.4715],[80.3848,21.4894],[80.3847,21.4976],[80.3765,21.5233],[80.356,21.5361],[80.3441,21.5387],[80.3308,21.5479],[80.3359,21.5563],[80.328,21.5711],[80.3161,21.5773],[80.3031,21.5747],[80.2952,21.5819],[80.2932,21.594],[80.2796,21.5976],[80.2723,21.6135],[80.254,21.6245],[80.2459,21.6204],[80.2202,21.6216],[80.212,21.6332],[80.1928,21.6355],[80.185,21.6271],[80.1691,21.6221],[80.1546,21.6065],[80.1457,21.6055],[80.1287,21.6114],[80.1186,21.6089],[80.1165,21.5938],[80.1011,21.5899],[80.0902,21.5745],[80.0723,21.5567],[80.0549,21.5534],[80.0314,21.5556],[80.0005,21.5336],[79.9887,21.5368],[79.9715,21.5577],[79.9482,21.5541],[79.9376,21.5563],[79.9298,21.5525],[79.9222,21.5417],[79.9184,21.5244],[79.897,21.5242],[79.8899,21.5183],[79.8822,21.5261],[79.8631,21.5308],[79.8519,21.5401],[79.8312,21.5467],[79.8215,21.5615],[79.7899,21.5874],[79.7543,21.5955],[79.7419,21.603],[79.7334,21.6033],[79.725,21.5958],[79.7135,21.592],[79.7003,21.5931],[79.6915,21.5821],[79.6752,21.5822],[79.6606,21.5766],[79.6589,21.5649],[79.6527,21.556],[79.6395,21.5527],[79.6168,21.5568],[79.578,21.5413],[79.5672,21.5474],[79.5402,21.5427],[79.5384,21.5514],[79.5433,21.5668],[79.5291,21.579],[79.512,21.584],[79.5104,21.6064],[79.5053,21.6197],[79.5165,21.6207],[79.5159,21.631],[79.5076,21.634],[79.4972,21.6635],[79.4962,21.674],[79.4807,21.6776],[79.4607,21.6873],[79.4495,21.6818],[79.4347,21.6828],[79.428,21.6895],[79.4152,21.6908],[79.4007,21.677],[79.3911,21.674],[79.3774,21.6779],[79.3524,21.6788],[79.3463,21.6836],[79.3124,21.6881],[79.2909,21.6925],[79.2805,21.7017],[79.2779,21.7094],[79.2681,21.7154],[79.2312,21.7223],[79.2367,21.7118],[79.2266,21.7034],[79.2212,21.6939],[79.2227,21.6758],[79.2311,21.6702],[79.2312,21.6568],[79.2239,21.6486],[79.2123,21.6494],[79.1631,21.6585],[79.1515,21.6403],[79.1302,21.6257],[79.112,21.6238],[79.1002,21.6174],[79.1028,21.6014],[79.0726,21.605],[79.0634,21.6017],[79.0419,21.6046],[79.0123,21.5994],[79.0028,21.6063],[78.9984,21.619],[78.9869,21.616],[78.9753,21.6176],[78.9649,21.6049],[78.9448,21.5928],[78.9358,21.5925],[78.9333,21.5925],[78.9165,21.5909],[78.9137,21.5709],[78.9176,21.561],[78.9123,21.5488],[78.9253,21.5408],[78.9272,21.5222],[78.9367,21.522],[78.9411,21.5112],[78.9367,21.4857],[78.9248,21.4869],[78.8993,21.5005],[78.8909,21.4852],[78.8564,21.493],[78.8411,21.4869],[78.8298,21.4901],[78.8198,21.4871],[78.805,21.4904],[78.7867,21.4792],[78.7802,21.4787],[78.7759,21.4654],[78.7667,21.4827],[78.7661,21.4893],[78.7509,21.4928],[78.7446,21.4785],[78.7456,21.4701],[78.7334,21.4693],[78.7278,21.4623],[78.6881,21.4819],[78.6707,21.4799],[78.6418,21.4849],[78.6287,21.4755],[78.6202,21.4778],[78.6092,21.4887],[78.5854,21.4867],[78.56,21.5133],[78.5408,21.5235],[78.5303,21.5232],[78.5118,21.5285],[78.5049,21.5266],[78.487,21.5055],[78.4754,21.5008],[78.4609,21.5033],[78.4571,21.4959],[78.4396,21.5023],[78.4324,21.5146],[78.4339,21.5356],[78.4253,21.5428],[78.4282,21.5593],[78.4199,21.5733],[78.4218,21.5905],[78.4166,21.6011],[78.3922,21.614],[78.3727,21.6134],[78.3819,21.5917],[78.378,21.5834],[78.3557,21.573],[78.3459,21.581],[78.343,21.5886],[78.3208,21.5718],[78.3041,21.57],[78.303,21.5837],[78.2812,21.5852],[78.2752,21.5918],[78.2644,21.5913],[78.2603,21.5791],[78.2741,21.5696],[78.2466,21.5617],[78.2397,21.5625],[78.2234,21.5526],[78.2056,21.5523],[78.182,21.5566],[78.1743,21.5466],[78.1756,21.5275],[78.1713,21.525],[78.1827,21.5112],[78.1746,21.5074],[78.1763,21.4991],[78.1361,21.4772],[78.1134,21.4629],[78.0988,21.4581],[78.0843,21.4462],[78.0661,21.4374],[78.046,21.4334],[78.0298,21.4214],[77.9989,21.4125],[77.981,21.4024],[77.9622,21.4017],[77.9425,21.3965],[77.9411,21.3857],[77.9268,21.3858],[77.9019,21.3773],[77.8876,21.3779],[77.8839,21.3842],[77.8568,21.3885],[77.8225,21.4072],[77.801,21.4094],[77.7966,21.389],[77.7703,21.3836],[77.7613,21.385],[77.7467,21.3796],[77.7371,21.3622],[77.7254,21.3619],[77.7099,21.3573],[77.7046,21.3768],[77.6952,21.3786],[77.697,21.3926],[77.6918,21.3975],[77.6773,21.3753],[77.6642,21.3745],[77.6666,21.3835],[77.6545,21.3873],[77.6311,21.3887],[77.6172,21.3874],[77.6033,21.3897],[77.608,21.3653],[77.5872,21.3628],[77.5746,21.3699],[77.5633,21.3692],[77.5564,21.3838],[77.5633,21.3932],[77.5314,21.419],[77.5232,21.3889],[77.5144,21.3759],[77.5021,21.3771],[77.4917,21.3741],[77.4874,21.383],[77.4874,21.406],[77.4717,21.4359],[77.4735,21.4542],[77.4609,21.4656],[77.4417,21.4714],[77.4387,21.4786],[77.4432,21.4872],[77.4224,21.5169],[77.4256,21.5378],[77.4403,21.5447],[77.4493,21.5413],[77.4564,21.5462],[77.4546,21.5537],[77.4719,21.5496],[77.5082,21.5509],[77.5204,21.5414],[77.5372,21.5365],[77.5473,21.5367],[77.5751,21.5264],[77.595,21.5266],[77.6118,21.5385],[77.6086,21.5482],[77.5954,21.5594],[77.5829,21.5538],[77.5741,21.564],[77.5762,21.5771],[77.5726,21.6169],[77.5756,21.6208],[77.5634,21.6442],[77.5618,21.6657],[77.5514,21.6808],[77.5421,21.7061],[77.5248,21.7131],[77.5231,21.7238],[77.5118,21.7323],[77.5007,21.7468],[77.4795,21.7541],[77.4787,21.77],[77.456,21.7601],[77.4268,21.757],[77.4058,21.7525],[77.3589,21.7541],[77.3449,21.7576],[77.324,21.7527],[77.316,21.7564],[77.3014,21.7555],[77.2898,21.7602],[77.2805,21.7587],[77.2799,21.7491],[77.2872,21.7447],[77.2911,21.7328],[77.2869,21.7218],[77.2696,21.7274],[77.26,21.714],[77.2268,21.7167],[77.2277,21.6994],[77.2104,21.6896],[77.1885,21.7014],[77.1915,21.7207],[77.1761,21.7257],[77.1695,21.7221],[77.1651,21.7107],[77.1477,21.7125],[77.1398,21.7195],[77.1296,21.7222],[77.0861,21.7144],[77.0783,21.7201],[77.0698,21.7173],[77.0624,21.7071],[77.0435,21.6997],[77.0084,21.6801],[76.9752,21.6533],[76.9539,21.6421],[76.9429,21.6321],[76.9291,21.6245],[76.9133,21.6118],[76.909,21.6028],[76.8975,21.5961],[76.8549,21.6133],[76.8434,21.606],[76.8401,21.5946],[76.8273,21.5883],[76.7994,21.595],[76.7839,21.5741],[76.7811,21.561],[76.7826,21.5486],[76.7894,21.5398],[76.779,21.5283],[76.7635,21.5205],[76.7728,21.5058],[76.7809,21.5055],[76.7956,21.4894],[76.788,21.4781],[76.7858,21.465],[76.7768,21.4574],[76.7637,21.4529],[76.7532,21.443],[76.7443,21.4398],[76.7378,21.4224],[76.7402,21.4113],[76.6827,21.3784],[76.6215,21.3322],[76.6626,21.2804],[76.6614,21.2406],[76.6494,21.2446],[76.6416,21.237],[76.634,21.2136],[76.6363,21.2011],[76.6232,21.1849],[76.6136,21.1931],[76.5992,21.1906],[76.5608,21.1987],[76.5505,21.1915],[76.5298,21.1818],[76.509,21.1905],[76.5016,21.1874],[76.4931,21.1938],[76.4801,21.182],[76.4782,21.1472],[76.4674,21.1436],[76.4689,21.1335],[76.4572,21.1327],[76.4512,21.1203],[76.4556,21.1076],[76.4404,21.1061],[76.4373,21.1001],[76.4103,21.1022],[76.4124,21.0883],[76.3895,21.0857],[76.3804,21.0751],[76.3485,21.0756],[76.3378,21.0712],[76.2937,21.0733],[76.2789,21.0701],[76.2719,21.0888],[76.2439,21.0905],[76.2212,21.0849],[76.2104,21.0872],[76.1917,21.0866],[76.1798,21.0807],[76.1666,21.0789],[76.1703,21.1022],[76.1523,21.1081],[76.1354,21.1207],[76.1296,21.1356],[76.1102,21.1612],[76.1189,21.1716],[76.1326,21.1694],[76.1652,21.1694],[76.1717,21.1665],[76.173,21.1884],[76.1653,21.1903],[76.1633,21.2065],[76.1653,21.2212],[76.1461,21.2276],[76.1393,21.2373],[76.1514,21.2435],[76.1592,21.2535],[76.1464,21.2682],[76.1428,21.2857],[76.1284,21.2866],[76.1203,21.3228],[76.1159,21.3338],[76.0956,21.3711],[76.0478,21.349],[76.0293,21.3649],[76.0144,21.3673],[75.9866,21.3687],[75.9629,21.3896],[75.9416,21.3857],[75.9287,21.3864],[75.9105,21.3824],[75.9025,21.3918],[75.8903,21.3945],[75.874,21.3925],[75.8617,21.3798],[75.8414,21.3845],[75.8332,21.3766],[75.8131,21.3789],[75.8025,21.3845],[75.7819,21.3837],[75.7543,21.3797],[75.7512,21.3846],[75.7276,21.3885],[75.716,21.3878],[75.7157,21.388]]],[[[72.9669,20.2999],[72.9828,20.3183],[72.9775,20.3313],[72.9617,20.3323],[72.9528,20.3153],[72.9669,20.2999]]]]},"properties":{"ST_NM":"Maharashtra"}},
{"type":"Feature","geometry":{"type":"Polygon","coordinates":[[[74.1335,35.1075],[74.1628,35.0862],[74.2092,35.085],[74.2282,35.0826],[74.227,35.0672],[74.2437,35.0731],[74.2496,35.0672],[74.2484,35.0541],[74.2532,35.0374],[74.2687,35.035],[74.2818,35.0374],[74.2972,35.0445],[74.3008,35.0572],[74.3084,35.06],[74.3631,35.0567],[74.3803,35.0576],[74.3917,35.0657],[74.4193,35.1028],[74.4398,35.1181],[74.4726,35.1157],[74.4983,35.1067],[74.5154,35.0948],[74.5416,35.0667],[74.5335,35.0548],[74.5316,35.041],[74.5354,35.0315],[74.5663,35.0162],[74.5873,35.0096],[74.5868,34.9896],[74.5716,34.9658],[74.5716,34.9377],[74.5754,34.9225],[74.5763,34.9001],[74.6052,34.915],[74.6341,34.9034],[74.646,34.8961],[74.6551,34.8957],[74.6649,34.9019],[74.677,34.8781],[74.6879,34.8675],[74.6999,34.8713],[74.705,34.8545],[74.7177,34.8536],[74.7279,34.8574],[74.7322,34.848],[74.7295,34.8365],[74.741,34.8301],[74.7577,34.8286],[74.7708,34.8378],[74.7912,34.8375],[74.8216,34.8313],[74.8339,34.8215],[74.847,34.8239],[74.864,34.8209],[74.8802,34.8123],[74.9011,34.807],[74.9101,34.7767],[74.928,34.7753],[74.9423,34.7901],[74.958,34.7899],[74.9701,34.801],[74.9771,34.8155],[74.9869,34.8219],[75.0034,34.8219],[75.009,34.8352],[75.0236,34.838],[75.047,34.8346],[75.0522,34.8259],[75.071,34.8283],[75.0677,34.8397],[75.0692,34.8632],[75.0797,34.8763],[75.0796,34.8874],[75.0689,34.8983],[75.0762,34.9044],[75.0955,34.9012],[75.1059,34.8883],[75.1286,34.8695],[75.1452,34.8647],[75.1424,34.8559],[75.1459,34.8337],[75.1737,34.833],[75.1981,34.8198],[75.2179,34.8127],[75.2323,34.802],[75.2458,34.7862],[75.2513,34.7486],[75.2616,34.7289],[75.2582,34.7062],[75.2519,34.6985],[75.2573,34.6873],[75.2497,34.6848],[75.2309,34.6699],[75.2232,34.6527],[75.2078,34.6434],[75.2088,34.6363],[75.2279,34.6311],[75.2407,34.6366],[75.2565,34.6237],[75.2582,34.6125],[75.2531,34.6037],[75.2651,34.6015],[75.2793,34.5929],[75.2989,34.586],[75.318,34.5649],[75.334,34.5676],[75.3461,34.5611],[75.3633,34.5381],[75.3601,34.5208],[75.3515,34.5138],[75.3464,34.4932],[75.3419,34.4872],[75.3505,34.4786],[75.3529,34.4673],[75.3416,34.4601],[75.3316,34.4476],[75.3297,34.4352],[75.3362,34.4281],[75.3506,34.4246],[75.3719,34.413],[75.372,34.4066],[75.3659,34.3925],[75.3671,34.3905],[75.3779,34.3853],[75.3737,34.3707],[75.3843,34.3651],[75.3851,34.3517],[75.3779,34.3424],[75.3844,34.3278],[75.3945,34.3161],[75.3893,34.3107],[75.3934,34.2951],[75.406,34.2845],[75.4744,34.2809],[75.4831,34.2704],[75.4826,34.2635],[75.4971,34.2334],[75.5149,34.2269],[75.523,34.2291],[75.5393,34.2236],[75.5552,34.2117],[75.5797,34.2144],[75.5962,34.1965],[75.6093,34.1951],[75.625,34.1999],[75.6383,34.2095],[75.6517,34.2105],[75.6594,34.2],[75.6897,34.1954],[75.6836,34.1651],[75.6777,34.1528],[75.6685,34.1448],[75.6844,34.1406],[75.6855,34.1196],[75.7188,34.1011],[75.7214,34.0929],[75.7326,34.0835],[75.742,34.0705],[75.7377,34.0566],[75.7675,34.054],[75.7682,34.0412],[75.815,34.0125],[75.8174,34.0072],[75.8436,34.0037],[75.8316,33.9925],[75.8198,33.9704],[75.8264,33.9609],[75.8407,33.9535],[75.8525,33.9622],[75.8702,33.9617],[75.8895,33.9687],[75.9084,33.9671],[75.9189,33.9632],[75.9423,33.9598],[75.9489,33.9555],[75.9658,33.9536],[75.9795,33.9725],[76.0053,33.9761],[76.02,33.9754],[76.0269,33.9707],[76.0435,33.9509],[76.0494,33.9354],[76.0479,33.9291],[76.0337,33.921],[76.0483,33.9124],[76.0725,33.908],[76.0951,33.8996],[76.1036,33.8923],[76.124,33.8861],[76.1374,33.8761],[76.1538,33.8417],[76.1593,33.8368],[76.1577,33.8266],[76.1627,33.815],[76.1619,33.8],[76.1843,33.7994],[76.1965,33.7888],[76.2008,33.7753],[76.2008,33.7752],[76.2023,33.7735],[76.2108,33.7684],[76.2157,33.7577],[76.2459,33.7562],[76.2652,33.747],[76.2653,33.7359],[76.2711,33.7309],[76.2634,33.713],[76.2663,33.6791],[76.2846,33.662],[76.2748,33.6533],[76.2698,33.6431],[76.2299,33.6308],[76.2409,33.6097],[76.2386,33.6025],[76.2242,33.6004],[76.2314,33.587],[76.2249,33.5771],[76.2064,33.5734],[76.2091,33.5666],[76.2255,33.5474],[76.2459,33.5458],[76.2596,33.5651],[76.2778,33.5676],[76.303,33.5676],[76.3101,33.5787],[76.3018,33.5899],[76.3001,33.6009],[76.3065,33.6097],[76.3221,33.6024],[76.3362,33.6106],[76.3592,33.6034],[76.3667,33.5855],[76.3807,33.5771],[76.3747,33.566],[76.384,33.5525],[76.4249,33.5372],[76.4358,33.5423],[76.4473,33.5644],[76.4624,33.5517],[76.4579,33.5372],[76.471,33.5275],[76.479,33.5269],[76.4918,33.517],[76.507,33.5103],[76.5086,33.4991],[76.5228,33.4935],[76.5344,33.4824],[76.5417,33.47],[76.5574,33.4623],[76.5681,33.4651],[76.5763,33.4531],[76.5796,33.4392],[76.5776,33.4297],[76.5926,33.4255],[76.6123,33.4385],[76.6287,33.4349],[76.6292,33.424],[76.6368,33.4156],[76.6394,33.3929],[76.651,33.3838],[76.6582,33.3582],[76.6723,33.3491],[76.6706,33.342],[76.6967,33.3278],[76.7177,33.3287],[76.7287,33.3078],[76.7327,33.275],[76.7372,33.261],[76.7543,33.2488],[76.7676,33.2484],[76.7693,33.2489],[76.77,33.2492],[76.7708,33.2495],[76.7712,33.2496],[76.772,33.2514],[76.7755,33.2536],[76.794,33.2565],[76.8028,33.2538],[76.8071,33.245],[76.8184,33.2367],[76.8309,33.2493],[76.8445,33.2422],[76.8323,33.2296],[76.8258,33.2147],[76.8344,33.2049],[76.8193,33.1961],[76.8224,33.1835],[76.8138,33.1776],[76.8204,33.1536],[76.83,33.1457],[76.844,33.1381],[76.8429,33.1305],[76.8527,33.1248],[76.8553,33.1143],[76.8704,33.1135],[76.8852,33.1216],[76.8977,33.099],[76.9088,33.0946],[76.9056,33.0788],[76.9255,33.0477],[76.9258,33.0391],[76.933,33.0285],[76.9416,33.0284],[76.9496,33.02],[76.973,32.9998],[76.9894,33.0025],[77.0103,32.9891],[77.0332,32.9905],[77.0399,32.9981],[77.049,32.999],[77.0821,32.9755],[77.0955,32.9711],[77.1113,32.9754],[77.1161,32.9848],[77.1497,32.9781],[77.149,32.9564],[77.1609,32.953],[77.1595,32.9382],[77.1642,32.9189],[77.1702,32.9108],[77.1785,32.9228],[77.1886,32.9287],[77.1992,32.9089],[77.2193,32.9039],[77.2339,32.8937],[77.237,32.8817],[77.2544,32.8639],[77.2628,32.8642],[77.274,32.8738],[77.3012,32.8498],[77.3171,32.8516],[77.3286,32.8431],[77.3264,32.8397],[77.3254,32.8352],[77.336,32.8249],[77.339,32.8168],[77.36,32.8176],[77.3739,32.8245],[77.38,32.8451],[77.3744,32.8547],[77.3877,32.8635],[77.3974,32.8785],[77.4074,32.884],[77.4111,32.8837],[77.4136,32.884],[77.4274,32.8757],[77.4449,32.8796],[77.4529,32.8636],[77.469,32.8584],[77.4807,32.8705],[77.5017,32.8856],[77.5127,32.8775],[77.5402,32.8874],[77.5508,32.9008],[77.555,32.904],[77.5581,32.906],[77.5651,32.9129],[77.5773,32.9147],[77.5875,32.9214],[77.5957,32.9273],[77.6053,32.9432],[77.6315,32.9452],[77.6468,32.9506],[77.6559,32.959],[77.6733,32.9608],[77.6821,32.9755],[77.6807,32.9838],[77.6813,32.9857],[77.6822,32.9885],[77.6895,32.9879],[77.6945,32.9837],[77.7131,32.9826],[77.7138,32.9772],[77.7181,32.9703],[77.7192,32.9691],[77.7198,32.9687],[77.7254,32.9696],[77.7269,32.9713],[77.7285,32.9728],[77.7304,32.9743],[77.7405,32.9692],[77.7513,32.9544],[77.7635,32.9492],[77.771,32.9388],[77.8,32.9122],[77.8105,32.9071],[77.8109,32.9068],[77.8118,32.9049],[77.8105,32.8997],[77.8031,32.8936],[77.793,32.8931],[77.7839,32.8828],[77.7809,32.8656],[77.792,32.8558],[77.816,32.8484],[77.8258,32.8364],[77.8391,32.8421],[77.87,32.8263],[77.8788,32.8188],[77.8809,32.8043],[77.8879,32.7988],[77.8841,32.7877],[77.9035,32.772],[77.9105,32.7728],[77.9258,32.772],[77.9343,32.756],[77.9295,32.7433],[77.9327,32.7283],[77.9222,32.7092],[77.9207,32.6886],[77.9405,32.6741],[77.9422,32.6663],[77.9518,32.6589],[77.9644,32.6578],[77.9701,32.6467],[77.9718,32.646],[77.9749,32.6458],[77.9794,32.6426],[77.9849,32.6412],[77.9941,32.6281],[78.0122,32.6248],[78.0158,32.6198],[78.0337,32.6366],[78.0468,32.645],[78.0621,32.6259],[78.0735,32.6307],[78.0872,32.6244],[78.0989,32.6304],[78.0992,32.6362],[78.0957,32.6448],[78.094,32.6462],[78.0927,32.6473],[78.0926,32.6477],[78.0927,32.6479],[78.1106,32.6626],[78.1208,32.6605],[78.1271,32.6523],[78.1478,32.6546],[78.1477,32.6716],[78.1429,32.6819],[78.1488,32.6816],[78.1533,32.6831],[78.158,32.684],[78.1758,32.6809],[78.204,32.6671],[78.2195,32.6647],[78.2336,32.6719],[78.2459,32.6718],[78.253,32.6911],[78.2756,32.6993],[78.2892,32.6993],[78.3122,32.7092],[78.3151,32.7161],[78.3112,32.728],[78.3042,32.7342],[78.3305,32.7454],[78.3332,32.7498],[78.3572,32.7578],[78.3657,32.7535],[78.3877,32.7569],[78.3857,32.7499],[78.3878,32.73],[78.3944,32.7156],[78.3841,32.6958],[78.3796,32.6683],[78.3873,32.6344],[78.3923,32.6258],[78.4052,32.6194],[78.3934,32.6111],[78.3569,32.5893],[78.348,32.5811],[78.3342,32.5764],[78.3128,32.5737],[78.3153,32.5254],[78.3112,32.5186],[78.2946,32.5041],[78.3223,32.4738],[78.3264,32.472],[78.3725,32.5088],[78.3928,32.5221],[78.3986,32.5257],[78.4041,32.5285],[78.4258,32.5311],[78.4292,32.5487],[78.4425,32.5697],[78.4584,32.5798],[78.4711,32.5833],[78.4946,32.5807],[78.5135,32.5893],[78.5343,32.6084],[78.5534,32.6114],[78.572,32.6174],[78.5867,32.6157],[78.6072,32.6059],[78.6176,32.5958],[78.6376,32.6095],[78.6464,32.6312],[78.6606,32.6533],[78.6789,32.6582],[78.7023,32.6563],[78.7216,32.661],[78.7324,32.667],[78.7481,32.6813],[78.7599,32.6971],[78.7677,32.6861],[78.7612,32.6548],[78.7778,32.6279],[78.7911,32.6182],[78.7957,32.5981],[78.7929,32.5889],[78.775,32.5729],[78.7753,32.5581],[78.7876,32.5357],[78.7971,32.5018],[78.8057,32.4815],[78.8189,32.4622],[78.8258,32.4385],[78.8311,32.4362],[78.8574,32.4404],[78.8738,32.417],[78.902,32.3927],[78.9195,32.3828],[78.9587,32.3668],[78.9663,32.3587],[78.9775,32.339],[78.9923,32.345],[79.0131,32.3771],[79.032,32.3852],[79.0591,32.3904],[79.1136,32.384],[79.1194,32.3937],[79.1242,32.4134],[79.1417,32.4203],[79.1458,32.4368],[79.1399,32.4523],[79.1327,32.4586],[79.1305,32.4707],[79.1464,32.4809],[79.1815,32.4809],[79.1936,32.4828],[79.2401,32.5097],[79.2494,32.5339],[79.2635,32.5312],[79.2757,32.5338],[79.2936,32.5499],[79.3096,32.5716],[79.3165,32.59],[79.3214,32.5932],[79.338,32.5918],[79.378,32.5762],[79.393,32.5721],[79.3979,32.5369],[79.4053,32.5295],[79.4226,32.527],[79.4466,32.5323],[79.4543,32.5422],[79.4643,32.5625],[79.4683,32.5761],[79.5009,32.5961],[79.5142,32.6079],[79.5656,32.673],[79.5769,32.6785],[79.5994,32.7075],[79.616,32.724],[79.6253,32.7373],[79.613,32.7641],[79.6017,32.7767],[79.5858,32.7738],[79.5717,32.7822],[79.5512,32.8043],[79.5405,32.822],[79.5046,32.867],[79.491,32.8772],[79.48,32.8907],[79.4625,32.9198],[79.4208,32.9613],[79.4077,32.9699],[79.3891,32.9672],[79.3819,32.9721],[79.3825,32.9888],[79.3667,32.9907],[79.3537,33.0026],[79.3318,33.0102],[79.334,33.0161],[79.3613,33.0216],[79.3808,33.0275],[79.3922,33.0359],[79.392,33.0539],[79.3759,33.0845],[79.3919,33.1242],[79.4039,33.1437],[79.4171,33.1597],[79.4367,33.1896],[79.4491,33.2171],[79.4534,33.2583],[79.4459,33.2645],[79.4249,33.2678],[79.3643,33.2824],[79.3261,33.2723],[79.3142,33.2729],[79.2954,33.2804],[79.2764,33.2839],[79.2488,33.2956],[79.2391,33.2975],[79.2071,33.2921],[79.1754,33.2943],[79.1691,33.2907],[79.1427,33.2924],[79.1327,33.2898],[79.0958,33.2943],[79.0243,33.329],[79.0163,33.3352],[78.992,33.3305],[78.9877,33.3332],[78.9788,33.3556],[78.9711,33.3602],[78.9682,33.3738],[78.9522,33.3808],[78.9486,33.4081],[78.9389,33.412],[78.9319,33.4325],[78.9293,33.4652],[78.9346,33.4887],[78.9404,33.4993],[78.9391,33.5263],[78.9264,33.5595],[78.9139,33.5757],[78.9167,33.5868],[78.9145,33.6022],[78.9178,33.6333],[78.9483,33.6204],[78.9884,33.6109],[78.9982,33.6119],[79.0124,33.6203],[79.0287,33.6258],[79.0639,33.6265],[79.0727,33.6212],[79.104,33.6134],[79.1038,33.6222],[79.0949,33.6375],[79.089,33.6568],[79.0906,33.6792],[79.0848,33.6881],[79.0703,33.6788],[79.0525,33.6778],[79.0366,33.6841],[79.0275,33.6915],[79.019,33.7054],[79.0247,33.7223],[79.0405,33.7365],[79.0415,33.7494],[79.0582,33.7524],[79.0675,33.7575],[79.0523,33.7781],[79.0493,33.7673],[79.0417,33.7671],[79.0351,33.7816],[79.0187,33.7754],[79.0116,33.7879],[79.0177,33.7985],[79.0031,33.7982],[78.9738,33.8495],[78.9663,33.8593],[78.9521,33.8889],[78.9512,33.902],[78.9423,33.9082],[78.9479,33.9163],[78.9355,33.9269],[78.9197,33.9569],[78.9065,33.9668],[78.9042,33.9759],[78.9257,33.9987],[78.9391,34.0237],[78.9628,34.0327],[78.977,34.0357],[79.0133,34.05],[79.0265,34.048],[79.0429,34.0354],[79.0826,34.0216],[79.1111,34.0194],[79.1296,34.0239],[79.1423,34.0349],[79.1501,34.0678],[79.1596,34.0661],[79.1773,34.0717],[79.1965,34.0509],[79.2183,34.0524],[79.2462,34.051],[79.2587,34.0481],[79.2729,34.0391],[79.3044,34.0427],[79.3741,34.0331],[79.3972,34.0268],[79.4106,34.0152],[79.4182,34.014],[79.4364,34.0282],[79.4285,34.0431],[79.4127,34.0555],[79.4188,34.0778],[79.4327,34.093],[79.4597,34.1016],[79.4857,34.1259],[79.4932,34.1355],[79.4877,34.1485],[79.4932,34.1796],[79.5095,34.2102],[79.5241,34.2119],[79.5356,34.2055],[79.5474,34.2141],[79.5633,34.2175],[79.5776,34.2288],[79.5827,34.238],[79.5906,34.2813],[79.5742,34.3035],[79.5687,34.3167],[79.558,34.3321],[79.5608,34.3579],[79.5589,34.371],[79.5524,34.3876],[79.5592,34.3991],[79.558,34.4108],[79.5419,34.4095],[79.5266,34.4176],[79.5257,34.4452],[79.5079,34.4676],[79.507,34.4739],[79.5419,34.4786],[79.5787,34.4896],[79.5917,34.5005],[79.6073,34.4916],[79.6508,34.488],[79.6594,34.4798],[79.6714,34.4832],[79.683,34.4783],[79.7054,34.4793],[79.7318,34.478],[79.7419,34.481],[79.7659,34.4797],[79.7924,34.4847],[79.8044,34.4962],[79.8108,34.4966],[79.8136,34.5198],[79.8087,34.5309],[79.7809,34.5441],[79.7734,34.5516],[79.7569,34.5544],[79.7574,34.5657],[79.7694,34.5817],[79.7867,34.5868],[79.7909,34.5922],[79.7704,34.6221],[79.7789,34.6303],[79.8027,34.6426],[79.8188,34.6466],[79.8232,34.6608],[79.8483,34.6823],[79.8591,34.6884],[79.8763,34.691],[79.8987,34.6909],[79.9262,34.6868],[79.943,34.6807],[79.9636,34.6871],[80.0429,34.704],[80.0674,34.7144],[80.0712,34.7457],[80.0654,34.7903],[80.0715,34.8281],[80.0824,34.8484],[80.1052,34.8677],[80.122,34.893],[80.1493,34.9474],[80.1587,34.9706],[80.1692,34.9885],[80.1823,35.0401],[80.1842,35.0628],[80.1822,35.0906],[80.1762,35.1365],[80.1819,35.1663],[80.193,35.1821],[80.2133,35.2034],[80.227,35.2277],[80.2282,35.2513],[80.234,35.2762],[80.2693,35.3438],[80.2733,35.3628],[80.2819,35.3875],[80.2822,35.4091],[80.2794,35.4404],[80.2959,35.4604],[80.3164,35.4631],[80.327,35.4721],[80.3185,35.5043],[80.3096,35.5537],[80.293,35.602],[80.2742,35.6212],[80.2357,35.6415],[80.2067,35.6495],[80.1879,35.6568],[80.1403,35.6686],[80.1138,35.6765],[80.104,35.6826],[80.0865,35.7247],[80.0566,35.7495],[80.0366,35.7993],[80.016,35.8235],[79.9975,35.8373],[79.9706,35.8402],[79.9523,35.8367],[79.9169,35.8218],[79.9036,35.8125],[79.875,35.7849],[79.8673,35.7824],[79.8247,35.7901],[79.7948,35.7968],[79.7445,35.7999],[79.7253,35.8049],[79.7148,35.8167],[79.6639,35.8348],[79.5833,35.8565],[79.5583,35.8613],[79.5454,35.8667],[79.5168,35.883],[79.4937,35.8872],[79.4477,35.8909],[79.4241,35.8946],[79.4153,35.8999],[79.4016,35.9183],[79.391,35.9544],[79.3902,35.9706],[79.3853,35.99],[79.3765,35.9948],[79.3607,35.9896],[79.3433,35.9881],[79.2887,35.9892],[79.2403,35.9863],[79.2139,35.9783],[79.1965,35.961],[79.1883,35.9467],[79.1866,35.9269],[79.1963,35.8981],[79.1925,35.8864],[79.1787,35.8698],[79.1555,35.8498],[79.138,35.8381],[79.1162,35.8361],[79.0623,35.846],[79.0265,35.8468],[79.007,35.8535],[78.974,35.8796],[78.9689,35.8884],[78.9568,35.8912],[78.9384,35.8791],[78.9122,35.8751],[78.8618,35.8617],[78.8223,35.8553],[78.803,35.8553],[78.7829,35.8609],[78.7673,35.8692],[78.7496,35.8664],[78.7174,35.8678],[78.6899,35.8558],[78.6795,35.8586],[78.6567,35.8535],[78.6331,35.8275],[78.6095,35.8134],[78.5791,35.8076],[78.5734,35.7892],[78.5588,35.7916],[78.5512,35.7839],[78.5339,35.7749],[78.5198,35.7633],[78.5049,35.772],[78.4633,35.7737],[78.4345,35.7839],[78.4218,35.7848],[78.4149,35.7788],[78.4112,35.7654],[78.3984,35.7558],[78.3891,35.7379],[78.3772,35.7321],[78.3374,35.7201],[78.3019,35.7208],[78.2879,35.7252],[78.2719,35.7215],[78.266,35.7105],[78.27,35.6878],[78.2669,35.6777],[78.2707,35.6684],[78.2579,35.6579],[78.2537,35.6452],[78.235,35.6489],[78.213,35.6598],[78.2055,35.6664],[78.1963,35.6658],[78.1984,35.6531],[78.1847,35.6236],[78.1778,35.6218],[78.1602,35.626],[78.1651,35.6127],[78.1502,35.5777],[78.1553,35.5516],[78.1459,35.5492],[78.1359,35.5384],[78.1238,35.5412],[78.1096,35.5514],[78.0915,35.5558],[78.0763,35.5487],[78.0665,35.5625],[78.0449,35.5848],[78.023,35.5874],[77.9896,35.5814],[77.9638,35.6034],[77.9511,35.6065],[77.9646,35.5871],[77.9659,35.5745],[77.9598,35.5592],[77.9363,35.5317],[77.9296,35.5169],[77.9323,35.5119],[77.9587,35.5001],[77.9635,35.4955],[77.9637,35.4787],[77.9796,35.4678],[77.9848,35.4592],[77.9705,35.4577],[77.9314,35.489],[77.9193,35.4938],[77.9046,35.4688],[77.8999,35.4676],[77.8786,35.4854],[77.8676,35.4796],[77.8533,35.4923],[77.8243,35.51],[77.807,35.5107],[77.7921,35.4977],[77.777,35.4942],[77.757,35.5018],[77.7361,35.5227],[77.7276,35.5234],[77.7231,35.5147],[77.7215,35.4984],[77.7241,35.4766],[77.7139,35.4749],[77.6826,35.4763],[77.6788,35.4705],[77.6645,35.4721],[77.6494,35.4868],[77.6227,35.4716],[77.6128,35.4692],[77.6018,35.4741],[77.5807,35.4747],[77.5708,35.483],[77.5593,35.4858],[77.5491,35.4815],[77.529,35.4827],[77.5156,35.4881],[77.4911,35.4823],[77.4636,35.4714],[77.4493,35.4624],[77.429,35.4636],[77.4139,35.4722],[77.393,35.4736],[77.3765,35.4779],[77.3658,35.4927],[77.3474,35.4932],[77.3424,35.5097],[77.3209,35.5363],[77.3441,35.5463],[77.3771,35.5499],[77.3906,35.5453],[77.4054,35.5293],[77.4389,35.5176],[77.4453,35.5245],[77.4606,35.5247],[77.4711,35.5206],[77.4824,35.5274],[77.4824,35.5359],[77.4593,35.5472],[77.4594,35.5627],[77.4643,35.5728],[77.4556,35.5931],[77.4258,35.6101],[77.4355,35.6217],[77.4322,35.6298],[77.4366,35.6406],[77.4256,35.6588],[77.4028,35.6607],[77.3819,35.6926],[77.3695,35.6947],[77.3679,35.7039],[77.3571,35.7172],[77.3263,35.7186],[77.3153,35.6995],[77.2974,35.7076],[77.2842,35.7106],[77.2763,35.7199],[77.2666,35.7086],[77.2233,35.7145],[77.2208,35.7266],[77.2016,35.7271],[77.1925,35.7325],[77.1741,35.7312],[77.1619,35.74],[77.1646,35.7581],[77.1404,35.771],[77.1348,35.7813],[77.1213,35.7863],[77.1183,35.7959],[77.0803,35.7973],[77.0596,35.7847],[77.0321,35.7759],[77.0032,35.7746],[76.9665,35.7826],[76.934,35.7835],[76.9084,35.7909],[76.8937,35.7992],[76.8641,35.826],[76.8522,35.8322],[76.8302,35.8358],[76.8026,35.8499],[76.7929,35.8622],[76.7845,35.8894],[76.7778,35.8982],[76.7515,35.9206],[76.7337,35.9424],[76.7216,35.9529],[76.7279,35.9623],[76.7531,35.9821],[76.7531,35.9895],[76.767,36.0075],[76.782,36.0152],[76.8038,36.0163],[76.8074,36.0199],[76.7999,36.0323],[76.7995,36.0485],[76.7843,36.052],[76.7591,36.0645],[76.7248,36.0779],[76.7157,36.0867],[76.7056,36.1134],[76.7052,36.1246],[76.6961,36.1354],[76.6636,36.1575],[76.6361,36.1844],[76.6,36.165],[76.5618,36.1725],[76.5437,36.1922],[76.5176,36.1984],[76.5035,36.2067],[76.4805,36.2109],[76.4548,36.2408],[76.4313,36.2515],[76.4489,36.2688],[76.4354,36.2879],[76.4308,36.3076],[76.4,36.3209],[76.3788,36.339],[76.3512,36.3593],[76.3426,36.3622],[76.323,36.3612],[76.2962,36.3499],[76.2677,36.3466],[76.2536,36.3472],[76.2375,36.355],[76.1975,36.3869],[76.172,36.3897],[76.1534,36.405],[76.124,36.4369],[76.0941,36.461],[76.0681,36.477],[76.0247,36.4855],[75.9959,36.4837],[75.9637,36.4894],[75.9223,36.5019],[75.8767,36.5251],[75.848,36.5437],[75.8232,36.5481],[75.8051,36.5537],[75.7683,36.5727],[75.7472,36.5878],[75.7323,36.6065],[75.7186,36.6304],[75.6895,36.6712],[75.6741,36.6954],[75.651,36.7217],[75.6239,36.7479],[75.6154,36.761],[75.5923,36.7648],[75.5699,36.7754],[75.5269,36.7869],[75.4779,36.8062],[75.4618,36.8246],[75.4516,36.8542],[75.447,36.8797],[75.4385,36.8904],[75.4213,36.886],[75.4131,36.8913],[75.4141,36.9027],[75.4077,36.9161],[75.4245,36.9356],[75.4269,36.9513],[75.4125,36.9669],[75.4002,36.9674],[75.3856,36.9588],[75.3733,36.9607],[75.3536,36.9772],[75.3442,37.0024],[75.3429,37.0319],[75.3439,37.0507],[75.3318,37.0546],[75.2934,37.0509],[75.2782,37.0463],[75.2639,37.0513],[75.2246,37.0368],[75.2079,37.0362],[75.2013,37.0205],[75.1799,36.9999],[75.1724,36.9855],[75.1501,36.9665],[75.1348,36.9567],[75.095,36.9422],[75.0861,36.9423],[75.0621,36.9592],[75.0415,36.9688],[75.0177,36.9757],[75.0077,36.9637],[74.9902,36.9622],[74.9761,36.9521],[74.9404,36.9341],[74.9316,36.9248],[74.927,36.9082],[74.9131,36.9085],[74.8869,36.9453],[74.8664,36.9665],[74.861,36.9758],[74.8451,36.9893],[74.8404,36.9989],[74.8411,37.0163],[74.8329,37.0242],[74.8179,37.0221],[74.7989,37.0234],[74.7779,37.0291],[74.7624,37.0245],[74.7516,37.0109],[74.7389,37.0156],[74.7273,37.0253],[74.7175,37.0489],[74.7175,37.0621],[74.7077,37.077],[74.6841,37.0742],[74.6583,37.0571],[74.6055,37.0499],[74.5809,37.0428],[74.5885,37.0279],[74.5782,36.9624],[74.5777,36.9479],[74.5535,36.953],[74.5421,36.9758],[74.5328,36.9854],[74.5195,36.9885],[74.4942,36.9881],[74.4766,36.9914],[74.4487,36.9915],[74.4285,36.9891],[74.4182,36.9745],[74.4056,36.9689],[74.3919,36.9683],[74.3644,36.9561],[74.3497,36.9426],[74.312,36.9151],[74.2826,36.9024],[74.2605,36.8859],[74.2471,36.8859],[74.2246,36.8965],[74.1726,36.9033],[74.1577,36.8918],[74.1535,36.8815],[74.1455,36.8464],[74.1418,36.8395],[74.1273,36.832],[74.0918,36.8379],[74.0598,36.8083],[74.0513,36.8059],[74.0251,36.8256],[74.0106,36.8269],[73.999,36.8236],[73.9705,36.8394],[73.957,36.8562],[73.9369,36.8733],[73.9221,36.8771],[73.9125,36.8706],[73.9021,36.8754],[73.8923,36.8859],[73.8779,36.8937],[73.8563,36.8985],[73.8413,36.8978],[73.835,36.8862],[73.8172,36.885],[73.8088,36.8958],[73.7894,36.8939],[73.7834,36.8996],[73.7588,36.9034],[73.7481,36.896],[73.7104,36.9121],[73.6895,36.9115],[73.6806,36.8849],[73.6869,36.8776],[73.702,36.8694],[73.7182,36.8565],[73.7257,36.832],[73.7433,36.8327],[73.7626,36.8244],[73.7706,36.8175],[73.7855,36.8135],[73.8021,36.8156],[73.8086,36.8121],[73.8142,36.7978],[73.833,36.7873],[73.8628,36.7876],[73.8769,36.7706],[73.8992,36.7491],[73.9044,36.725],[73.8963,36.7157],[73.9,36.7061],[73.8832,36.6986],[73.8654,36.6994],[73.8261,36.7133],[73.8082,36.7161],[73.79,36.7039],[73.7686,36.7032],[73.7476,36.7093],[73.7242,36.7094],[73.7096,36.69],[73.6998,36.6842],[73.6832,36.6891],[73.6629,36.6914],[73.6541,36.6955],[73.6379,36.6895],[73.6178,36.693],[73.6066,36.6979],[73.6048,36.715],[73.5911,36.7195],[73.5783,36.7123],[73.5595,36.7155],[73.5431,36.7087],[73.5291,36.7201],[73.5107,36.7148],[73.4817,36.7332],[73.4626,36.731],[73.4355,36.7439],[73.4139,36.7341],[73.3889,36.7309],[73.3774,36.7349],[73.3684,36.732],[73.3601,36.7148],[73.3295,36.7148],[73.314,36.7058],[73.2933,36.7082],[73.2519,36.7083],[73.2477,36.7023],[73.2336,36.6989],[73.2091,36.7013],[73.206,36.7106],[73.1931,36.7202],[73.1714,36.7076],[73.1447,36.6994],[73.1304,36.6876],[73.1046,36.6864],[73.0847,36.6991],[73.0842,36.6817],[73.0937,36.6665],[73.0901,36.6424],[73.0969,36.6239],[73.1117,36.6094],[73.0922,36.5859],[73.0899,36.5709],[73.0732,36.5609],[73.0608,36.5371],[73.0442,36.5333],[73.0212,36.5243],[73.0066,36.5154],[72.9918,36.4962],[72.9896,36.4798],[73.0031,36.4754],[72.9913,36.4575],[72.9758,36.4643],[72.9582,36.4665],[72.9449,36.4588],[72.9314,36.4581],[72.9215,36.4623],[72.8993,36.4479],[72.8812,36.4425],[72.8767,36.4375],[72.8895,36.4241],[72.8859,36.4142],[72.8894,36.3972],[72.8826,36.3867],[72.8646,36.3724],[72.8516,36.3723],[72.8363,36.3654],[72.8219,36.3529],[72.815,36.3377],[72.7982,36.329],[72.7778,36.3092],[72.7498,36.3045],[72.7349,36.2956],[72.7229,36.2834],[72.6917,36.275],[72.6888,36.2662],[72.6637,36.2633],[72.6341,36.276],[72.6141,36.271],[72.5964,36.2636],[72.5878,36.2506],[72.5848,36.2299],[72.5712,36.2179],[72.5629,36.2159],[72.5601,36.1981],[72.5509,36.1805],[72.5635,36.1692],[72.5731,36.1503],[72.5654,36.1423],[72.5519,36.1361],[72.5359,36.1139],[72.5331,36.1027],[72.5347,36.0883],[72.5311,36.0718],[72.5429,36.0647],[72.5494,36.0561],[72.5674,36.0548],[72.5855,36.0498],[72.5926,36.0399],[72.5953,36.0267],[72.5829,36.0191],[72.5815,36.0075],[72.5726,35.9958],[72.5554,35.9961],[72.5539,35.9789],[72.5483,35.9628],[72.5305,35.9523],[72.5294,35.9259],[72.5331,35.9168],[72.5694,35.9052],[72.5944,35.875],[72.6026,35.8698],[72.6194,35.8707],[72.6334,35.865],[72.645,35.8657],[72.6597,35.8486],[72.6905,35.8323],[72.7001,35.8359],[72.7227,35.8533],[72.7369,35.8582],[72.7491,35.8558],[72.7661,35.8445],[72.7766,35.8434],[72.7974,35.8552],[72.7983,35.8669],[72.8246,35.8742],[72.8295,35.8868],[72.8569,35.8771],[72.9009,35.8811],[72.9033,35.8546],[72.9093,35.8482],[72.9287,35.8449],[72.9571,35.8471],[72.9872,35.8606],[73.0039,35.8631],[73.0134,35.8547],[73.0374,35.8542],[73.0553,35.8631],[73.0784,35.8857],[73.0997,35.8776],[73.1189,35.8581],[73.133,35.8487],[73.1523,35.842],[73.1459,35.8288],[73.1441,35.8103],[73.1372,35.8005],[73.1342,35.7849],[73.1365,35.7672],[73.1321,35.7379],[73.1331,35.7255],[73.1386,35.718],[73.1857,35.6866],[73.2148,35.6745],[73.2444,35.6495],[73.272,35.6292],[73.3132,35.615],[73.3425,35.6105],[73.3689,35.6036],[73.406,35.5634],[73.4212,35.5692],[73.4478,35.5708],[73.481,35.5767],[73.5014,35.5659],[73.5146,35.5655],[73.5313,35.5706],[73.5494,35.5624],[73.5571,35.5551],[73.5703,35.5543],[73.6058,35.5603],[73.6346,35.5713],[73.6555,35.5577],[73.6719,35.5507],[73.697,35.5491],[73.72,35.5529],[73.7252,35.551],[73.7342,35.5361],[73.7628,35.5276],[73.7852,35.5238],[73.7862,35.4986],[73.7948,35.4614],[73.7906,35.4559],[73.7539,35.4415],[73.7381,35.4274],[73.7241,35.4036],[73.7088,35.3821],[73.6996,35.3578],[73.6991,35.3227],[73.7162,35.2919],[73.7263,35.2777],[73.7185,35.2521],[73.7144,35.2279],[73.7309,35.2168],[73.7612,35.2309],[73.7767,35.2433],[73.7956,35.245],[73.8108,35.2419],[73.846,35.2291],[73.8644,35.2103],[73.8873,35.2127],[73.9164,35.2117],[73.9323,35.2022],[73.9628,35.1735],[73.9912,35.1842],[74.0023,35.1805],[74.0082,35.1656],[74.0317,35.1495],[74.0442,35.1459],[74.073,35.1539],[74.0867,35.1518],[74.1012,35.1453],[74.1161,35.1459],[74.1098,35.1297],[74.1254,35.1202],[74.1335,35.1075]]]},"properties":{"ST_NM":"Ladakh"}}
]}